hotspot;PARALLEL_BACK_STARPU;16384;1024;5;22;3;7.73548508
nbody;PARALLEL_BACK_STARPU;98304;2048;5;18;1;24.16457700
nbody;PARALLEL_BACK_STARPU;98304;2048;5;6;2;22.92952500
hotspot;PARALLEL_BACK_STARPU;16384;1024;5;4;0;199.31872559
nbody;PARALLEL_BACK_STARPU;98304;2048;5;26;0;30.44011300
nbody;PARALLEL_BACK_STARPU;98304;2048;5;10;4;14.49377600
nbody;PARALLEL_BACK_STARPU;98304;2048;5;12;2;19.91526000
nbody;PARALLEL_BACK_STARPU;98304;2048;5;0;4;15.01662000
nbody;PARALLEL_BACK_STARPU;98304;2048;5;14;2;24.83256000
nbody;PARALLEL_BACK_STARPU;98304;2048;5;12;4;12.58189000
hotspot;PARALLEL_BACK_STARPU;16384;1024;5;22;1;12.75749397
hotspot;PARALLEL_BACK_STARPU;16384;1024;5;18;1;13.71693325
nbody;PARALLEL_BACK_STARPU;98304;2048;5;2;1;48.89089300
hotspot;PARALLEL_BACK_STARPU;16384;1024;5;8;2;8.32426643
nbody;PARALLEL_BACK_STARPU;98304;2048;5;4;0;145.34384100
hotspot;PARALLEL_BACK_STARPU;16384;1024;5;12;1;12.69637871
nbody;PARALLEL_BACK_STARPU;98304;2048;5;28;3;13.62442400
nbody;PARALLEL_BACK_STARPU;98304;2048;5;6;3;17.50597500
hotspot;PARALLEL_BACK_STARPU;16384;1024;5;6;0;108.82434082
nbody;PARALLEL_BACK_STARPU;98304;2048;5;14;1;35.09586400
nbody;PARALLEL_BACK_STARPU;98304;2048;5;14;3;18.17242600
hotspot;PARALLEL_BACK_STARPU;16384;1024;5;6;0;108.59537506
hotspot;PARALLEL_BACK_STARPU;16384;1024;5;12;4;9.21050358
hotspot;PARALLEL_BACK_STARPU;16384;1024;5;8;2;8.21274662
nbody;PARALLEL_BACK_STARPU;98304;2048;5;8;0;65.46795400
hotspot;PARALLEL_BACK_STARPU;16384;1024;5;20;0;41.53572464
nbody;PARALLEL_BACK_STARPU;98304;2048;5;22;1;23.16506400
nbody;PARALLEL_BACK_STARPU;98304;2048;5;6;3;17.93938100
nbody;PARALLEL_BACK_STARPU;98304;2048;5;2;2;27.50195300
hotspot;PARALLEL_BACK_STARPU;16384;1024;5;24;2;8.76153946
nbody;PARALLEL_BACK_STARPU;98304;2048;5;2;1;48.79255500
hotspot;PARALLEL_BACK_STARPU;16384;1024;5;4;3;6.74145985
hotspot;PARALLEL_BACK_STARPU;16384;1024;5;16;0;48.34010315
hotspot;PARALLEL_BACK_STARPU;16384;1024;5;6;2;8.12447929
nbody;PARALLEL_BACK_STARPU;98304;2048;5;20;2;18.50786600
hotspot;PARALLEL_BACK_STARPU;16384;1024;5;18;4;9.23849392
nbody;PARALLEL_BACK_STARPU;98304;2048;5;8;3;16.87276400
hotspot;PARALLEL_BACK_STARPU;16384;1024;5;2;4;7.06758595
nbody;PARALLEL_BACK_STARPU;98304;2048;5;8;4;13.79985300
nbody;PARALLEL_BACK_STARPU;98304;2048;5;2;4;14.89607200
nbody;PARALLEL_BACK_STARPU;98304;2048;5;14;4;15.03268200
hotspot;PARALLEL_BACK_STARPU;16384;1024;5;28;1;17.82581520
hotspot;PARALLEL_BACK_STARPU;16384;1024;5;26;0;35.48547363
nbody;PARALLEL_BACK_STARPU;98304;2048;5;8;3;16.61586900
nbody;PARALLEL_BACK_STARPU;98304;2048;5;24;2;16.66174400
hotspot;PARALLEL_BACK_STARPU;16384;1024;5;24;0;38.11577225
nbody;PARALLEL_BACK_STARPU;98304;2048;5;8;4;13.34094300
nbody;PARALLEL_BACK_STARPU;98304;2048;5;0;1;61.96131000
hotspot;PARALLEL_BACK_STARPU;16384;1024;5;14;0;48.15562439
nbody;PARALLEL_BACK_STARPU;98304;2048;5;0;3;20.00007000
nbody;PARALLEL_BACK_STARPU;98304;2048;5;20;1;25.32788400
hotspot;PARALLEL_BACK_STARPU;16384;1024;5;20;4;8.45336342
nbody;PARALLEL_BACK_STARPU;98304;2048;5;26;3;21.38060000
nbody;PARALLEL_BACK_STARPU;98304;2048;5;28;3;13.98769300
hotspot;PARALLEL_BACK_STARPU;16384;1024;5;26;2;9.13589668
hotspot;PARALLEL_BACK_STARPU;16384;1024;5;20;0;40.80901718
nbody;PARALLEL_BACK_STARPU;98304;2048;5;12;4;12.96573300
hotspot;PARALLEL_BACK_STARPU;16384;1024;5;10;3;6.72053909
hotspot;PARALLEL_BACK_STARPU;16384;1024;5;6;2;8.27090454
hotspot;PARALLEL_BACK_STARPU;16384;1024;5;18;1;13.54597378
nbody;PARALLEL_BACK_STARPU;98304;2048;5;10;4;13.73693700
nbody;PARALLEL_BACK_STARPU;98304;2048;5;16;0;41.43503800
nbody;PARALLEL_BACK_STARPU;98304;2048;5;22;1;22.86311200
nbody;PARALLEL_BACK_STARPU;98304;2048;5;10;2;21.95943100
nbody;PARALLEL_BACK_STARPU;98304;2048;5;26;4;22.13295400
nbody;PARALLEL_BACK_STARPU;98304;2048;5;16;0;41.34009700
nbody;PARALLEL_BACK_STARPU;98304;2048;5;20;2;18.59969800
hotspot;PARALLEL_BACK_STARPU;16384;1024;5;20;4;8.45744514
hotspot;PARALLEL_BACK_STARPU;16384;1024;5;28;2;15.97290325
nbody;PARALLEL_BACK_STARPU;98304;2048;5;26;0;30.13949200
hotspot;PARALLEL_BACK_STARPU;16384;1024;5;24;3;7.38324881
hotspot;PARALLEL_BACK_STARPU;16384;1024;5;22;1;12.97420883
nbody;PARALLEL_BACK_STARPU;98304;2048;5;4;0;145.57179600
hotspot;PARALLEL_BACK_STARPU;16384;1024;5;4;1;14.35559940
nbody;PARALLEL_BACK_STARPU;98304;2048;5;2;2;27.35892500
nbody;PARALLEL_BACK_STARPU;98304;2048;5;26;2;15.92184600
nbody;PARALLEL_BACK_STARPU;98304;2048;5;2;0;250.80681600
nbody;PARALLEL_BACK_STARPU;98304;2048;5;28;1;20.91229900
hotspot;PARALLEL_BACK_STARPU;16384;1024;5;24;1;12.31958580
hotspot;PARALLEL_BACK_STARPU;16384;1024;5;10;0;65.95342255
hotspot;PARALLEL_BACK_STARPU;16384;1024;5;22;2;8.59666157
nbody;PARALLEL_BACK_STARPU;98304;2048;5;10;4;13.00486100
nbody;PARALLEL_BACK_STARPU;98304;2048;5;4;1;42.36500200
hotspot;PARALLEL_BACK_STARPU;16384;1024;5;18;1;13.30803108
nbody;PARALLEL_BACK_STARPU;98304;2048;5;28;3;13.82422900
nbody;PARALLEL_BACK_STARPU;98304;2048;5;12;0;55.69057300
nbody;PARALLEL_BACK_STARPU;98304;2048;5;2;1;48.63906000
nbody;PARALLEL_BACK_STARPU;98304;2048;5;24;4;11.58533000
nbody;PARALLEL_BACK_STARPU;98304;2048;5;4;2;25.59121400
hotspot;PARALLEL_BACK_STARPU;16384;1024;5;18;3;8.75555134
hotspot;PARALLEL_BACK_STARPU;16384;1024;5;24;2;8.58713722
hotspot;PARALLEL_BACK_STARPU;16384;1024;5;6;4;7.07764816
hotspot;PARALLEL_BACK_STARPU;16384;1024;5;6;1;13.24919415
nbody;PARALLEL_BACK_STARPU;98304;2048;5;12;2;20.21842900
nbody;PARALLEL_BACK_STARPU;98304;2048;5;16;3;19.26397000
hotspot;PARALLEL_BACK_STARPU;16384;1024;5;6;3;6.77248478
hotspot;PARALLEL_BACK_STARPU;16384;1024;5;8;1;13.22421455
nbody;PARALLEL_BACK_STARPU;98304;2048;5;8;2;23.22631000
hotspot;PARALLEL_BACK_STARPU;16384;1024;5;8;0;81.99077606
nbody;PARALLEL_BACK_STARPU;98304;2048;5;18;4;13.09360400
nbody;PARALLEL_BACK_STARPU;98304;2048;5;10;1;31.75918300
hotspot;PARALLEL_BACK_STARPU;16384;1024;5;20;2;9.81461143
hotspot;PARALLEL_BACK_STARPU;16384;1024;5;10;4;7.38891697
nbody;PARALLEL_BACK_STARPU;98304;2048;5;0;2;31.00905900
nbody;PARALLEL_BACK_STARPU;98304;2048;5;10;2;22.26110300
hotspot;PARALLEL_BACK_STARPU;16384;1024;5;4;2;8.36777878
nbody;PARALLEL_BACK_STARPU;98304;2048;5;0;3;21.94739100
hotspot;PARALLEL_BACK_STARPU;16384;1024;5;28;0;31.05344963
nbody;PARALLEL_BACK_STARPU;98304;2048;5;4;0;144.38885700
nbody;PARALLEL_BACK_STARPU;98304;2048;5;20;1;25.89863000
nbody;PARALLEL_BACK_STARPU;98304;2048;5;24;0;32.74139000
hotspot;PARALLEL_BACK_STARPU;16384;1024;5;10;0;66.04352570
nbody;PARALLEL_BACK_STARPU;98304;2048;5;20;1;25.99041800
hotspot;PARALLEL_BACK_STARPU;16384;1024;5;8;1;13.18550873
nbody;PARALLEL_BACK_STARPU;98304;2048;5;28;2;16.19646100
nbody;PARALLEL_BACK_STARPU;98304;2048;5;26;0;30.45210800
nbody;PARALLEL_BACK_STARPU;98304;2048;5;12;3;16.27463500
hotspot;PARALLEL_BACK_STARPU;16384;1024;5;24;4;8.36008930
hotspot;PARALLEL_BACK_STARPU;16384;1024;5;12;1;12.64866638
hotspot;PARALLEL_BACK_STARPU;16384;1024;5;12;3;11.69973660
nbody;PARALLEL_BACK_STARPU;98304;2048;5;0;2;30.94694100
nbody;PARALLEL_BACK_STARPU;98304;2048;5;22;4;12.08371400
hotspot;PARALLEL_BACK_STARPU;16384;1024;5;10;0;66.02719879
nbody;PARALLEL_BACK_STARPU;98304;2048;5;18;1;24.82029500
hotspot;PARALLEL_BACK_STARPU;16384;1024;5;14;3;8.71214962
nbody;PARALLEL_BACK_STARPU;98304;2048;5;8;0;64.62802900
nbody;PARALLEL_BACK_STARPU;98304;2048;5;8;0;65.18621900
nbody;PARALLEL_BACK_STARPU;98304;2048;5;4;2;25.06830900
hotspot;PARALLEL_BACK_STARPU;16384;1024;5;16;1;15.87212753
nbody;PARALLEL_BACK_STARPU;98304;2048;5;22;0;34.32875300
hotspot;PARALLEL_BACK_STARPU;16384;1024;5;4;1;13.85259533
hotspot;PARALLEL_BACK_STARPU;16384;1024;5;8;3;6.78192711
hotspot;PARALLEL_BACK_STARPU;16384;1024;5;16;3;9.94165993
hotspot;PARALLEL_BACK_STARPU;16384;1024;5;4;2;8.31836414
nbody;PARALLEL_BACK_STARPU;98304;2048;5;10;0;60.08623300
hotspot;PARALLEL_BACK_STARPU;16384;1024;5;20;3;7.91640711
hotspot;PARALLEL_BACK_STARPU;16384;1024;5;22;0;42.51335144
nbody;PARALLEL_BACK_STARPU;98304;2048;5;10;4;13.53997900
nbody;PARALLEL_BACK_STARPU;98304;2048;5;6;4;13.41445200
hotspot;PARALLEL_BACK_STARPU;16384;1024;5;28;1;18.51733971
hotspot;PARALLEL_BACK_STARPU;16384;1024;5;28;0;30.32139015
hotspot;PARALLEL_BACK_STARPU;16384;1024;5;20;4;8.61250973
hotspot;PARALLEL_BACK_STARPU;16384;1024;5;16;2;11.16643429
nbody;PARALLEL_BACK_STARPU;98304;2048;5;26;2;15.97822300
nbody;PARALLEL_BACK_STARPU;98304;2048;5;0;1;62.82379800
hotspot;PARALLEL_BACK_STARPU;16384;1024;5;24;0;38.68940353
nbody;PARALLEL_BACK_STARPU;98304;2048;5;6;0;87.67839200
nbody;PARALLEL_BACK_STARPU;98304;2048;5;6;0;85.78387900
nbody;PARALLEL_BACK_STARPU;98304;2048;5;22;3;14.16701200
hotspot;PARALLEL_BACK_STARPU;16384;1024;5;26;1;12.85338593
hotspot;PARALLEL_BACK_STARPU;16384;1024;5;20;2;9.25104332
hotspot;PARALLEL_BACK_STARPU;16384;1024;5;20;3;8.09850216
nbody;PARALLEL_BACK_STARPU;98304;2048;5;0;3;20.13466600
nbody;PARALLEL_BACK_STARPU;98304;2048;5;20;1;26.14460000
nbody;PARALLEL_BACK_STARPU;98304;2048;5;12;2;20.52998000
nbody;PARALLEL_BACK_STARPU;98304;2048;5;8;1;35.09302600
hotspot;PARALLEL_BACK_STARPU;16384;1024;5;16;1;15.78801060
nbody;PARALLEL_BACK_STARPU;98304;2048;5;6;3;18.27905800
hotspot;PARALLEL_BACK_STARPU;16384;1024;5;8;0;81.80027008
hotspot;PARALLEL_BACK_STARPU;16384;1024;5;20;0;43.05171585
hotspot;PARALLEL_BACK_STARPU;16384;1024;5;28;4;12.95178890
hotspot;PARALLEL_BACK_STARPU;16384;1024;5;0;2;8.50035954
hotspot;PARALLEL_BACK_STARPU;16384;1024;5;16;3;9.84356976
nbody;PARALLEL_BACK_STARPU;98304;2048;5;12;1;29.74432300
nbody;PARALLEL_BACK_STARPU;98304;2048;5;24;0;32.88435700
nbody;PARALLEL_BACK_STARPU;98304;2048;5;14;4;16.07934500
hotspot;PARALLEL_BACK_STARPU;16384;1024;5;6;2;8.09482098
hotspot;PARALLEL_BACK_STARPU;16384;1024;5;20;0;44.22938919
hotspot;PARALLEL_BACK_STARPU;16384;1024;5;20;2;9.59309006
hotspot;PARALLEL_BACK_STARPU;16384;1024;5;8;1;13.08887196
nbody;PARALLEL_BACK_STARPU;98304;2048;5;10;3;16.79717600
hotspot;PARALLEL_BACK_STARPU;16384;1024;5;12;3;10.99063015
hotspot;PARALLEL_BACK_STARPU;16384;1024;5;14;3;8.97250938
nbody;PARALLEL_BACK_STARPU;98304;2048;5;20;3;15.28771700
nbody;PARALLEL_BACK_STARPU;98304;2048;5;16;1;31.50346800
nbody;PARALLEL_BACK_STARPU;98304;2048;5;10;1;32.57281300
nbody;PARALLEL_BACK_STARPU;98304;2048;5;2;3;19.80443200
hotspot;PARALLEL_BACK_STARPU;16384;1024;5;14;2;10.39521313
hotspot;PARALLEL_BACK_STARPU;16384;1024;5;20;1;13.69547653
nbody;PARALLEL_BACK_STARPU;98304;2048;5;22;2;18.48700000
hotspot;PARALLEL_BACK_STARPU;16384;1024;5;4;0;203.63728333
nbody;PARALLEL_BACK_STARPU;98304;2048;5;26;4;21.49469600
hotspot;PARALLEL_BACK_STARPU;16384;1024;5;16;0;48.74932861
hotspot;PARALLEL_BACK_STARPU;16384;1024;5;0;2;8.47588253
hotspot;PARALLEL_BACK_STARPU;16384;1024;5;10;2;8.25179386
hotspot;PARALLEL_BACK_STARPU;16384;1024;5;18;2;9.84969997
hotspot;PARALLEL_BACK_STARPU;16384;1024;5;28;2;14.90434456
hotspot;PARALLEL_BACK_STARPU;16384;1024;5;28;2;15.27145958
hotspot;PARALLEL_BACK_STARPU;16384;1024;5;14;1;17.36949539
hotspot;PARALLEL_BACK_STARPU;16384;1024;5;8;1;12.96091461
hotspot;PARALLEL_BACK_STARPU;16384;1024;5;28;0;31.95979881
nbody;PARALLEL_BACK_STARPU;98304;2048;5;4;3;17.82141000
hotspot;PARALLEL_BACK_STARPU;16384;1024;5;16;0;50.65350342
hotspot;PARALLEL_BACK_STARPU;16384;1024;5;18;3;8.93165398
nbody;PARALLEL_BACK_STARPU;98304;2048;5;10;4;13.10738600
nbody;PARALLEL_BACK_STARPU;98304;2048;5;18;0;36.31924800
nbody;PARALLEL_BACK_STARPU;98304;2048;5;10;4;13.43720600
nbody;PARALLEL_BACK_STARPU;98304;2048;5;20;2;19.09973200
nbody;PARALLEL_BACK_STARPU;98304;2048;5;18;3;17.15619800
hotspot;PARALLEL_BACK_STARPU;16384;1024;5;20;3;8.28824997
hotspot;PARALLEL_BACK_STARPU;16384;1024;5;10;3;6.89128494
hotspot;PARALLEL_BACK_STARPU;16384;1024;5;2;0;325.78515625
hotspot;PARALLEL_BACK_STARPU;16384;1024;5;24;1;12.82798862
nbody;PARALLEL_BACK_STARPU;98304;2048;5;0;4;14.93051100
nbody;PARALLEL_BACK_STARPU;98304;2048;5;28;1;20.98066000
nbody;PARALLEL_BACK_STARPU;98304;2048;5;16;2;23.31664900
nbody;PARALLEL_BACK_STARPU;98304;2048;5;26;2;16.05657400
nbody;PARALLEL_BACK_STARPU;98304;2048;5;8;1;33.15466300
nbody;PARALLEL_BACK_STARPU;98304;2048;5;28;4;11.53681800
nbody;PARALLEL_BACK_STARPU;98304;2048;5;4;3;18.59520300
nbody;PARALLEL_BACK_STARPU;98304;2048;5;2;3;19.52427800
nbody;PARALLEL_BACK_STARPU;98304;2048;5;28;3;14.23280900
hotspot;PARALLEL_BACK_STARPU;16384;1024;5;16;1;15.80083084
nbody;PARALLEL_BACK_STARPU;98304;2048;5;10;3;16.14035800
hotspot;PARALLEL_BACK_STARPU;16384;1024;5;10;0;65.88371277
nbody;PARALLEL_BACK_STARPU;98304;2048;5;24;1;22.20373200
nbody;PARALLEL_BACK_STARPU;98304;2048;5;24;0;32.55918700
nbody;PARALLEL_BACK_STARPU;98304;2048;5;4;0;143.74570400
hotspot;PARALLEL_BACK_STARPU;16384;1024;5;4;3;6.68653822
nbody;PARALLEL_BACK_STARPU;98304;2048;5;14;3;20.31071500
hotspot;PARALLEL_BACK_STARPU;16384;1024;5;2;4;7.03951120
hotspot;PARALLEL_BACK_STARPU;16384;1024;5;12;0;55.45691299
nbody;PARALLEL_BACK_STARPU;98304;2048;5;16;1;30.32044900
hotspot;PARALLEL_BACK_STARPU;16384;1024;5;24;0;39.13967896
hotspot;PARALLEL_BACK_STARPU;16384;1024;5;16;2;11.04453468
hotspot;PARALLEL_BACK_STARPU;16384;1024;5;22;0;42.47056580
nbody;PARALLEL_BACK_STARPU;98304;2048;5;14;0;49.06123800
hotspot;PARALLEL_BACK_STARPU;16384;1024;5;18;1;13.49290657
nbody;PARALLEL_BACK_STARPU;98304;2048;5;18;0;36.28920900
hotspot;PARALLEL_BACK_STARPU;16384;1024;5;26;4;12.74042892
nbody;PARALLEL_BACK_STARPU;98304;2048;5;4;0;146.37472900
hotspot;PARALLEL_BACK_STARPU;16384;1024;5;2;3;6.74966192
nbody;PARALLEL_BACK_STARPU;98304;2048;5;12;2;20.51460600
hotspot;PARALLEL_BACK_STARPU;16384;1024;5;4;1;14.42517090
nbody;PARALLEL_BACK_STARPU;98304;2048;5;26;1;21.73304000
hotspot;PARALLEL_BACK_STARPU;16384;1024;5;22;0;41.49625015
nbody;PARALLEL_BACK_STARPU;98304;2048;5;12;0;54.76787200
nbody;PARALLEL_BACK_STARPU;98304;2048;5;20;4;11.48327100
nbody;PARALLEL_BACK_STARPU;98304;2048;5;22;0;34.26809900
hotspot;PARALLEL_BACK_STARPU;16384;1024;5;16;2;11.23141956
hotspot;PARALLEL_BACK_STARPU;16384;1024;5;22;4;8.07503033
nbody;PARALLEL_BACK_STARPU;98304;2048;5;4;0;146.19767400
nbody;PARALLEL_BACK_STARPU;98304;2048;5;16;2;22.71892800
nbody;PARALLEL_BACK_STARPU;98304;2048;5;12;1;28.58034100
nbody;PARALLEL_BACK_STARPU;98304;2048;5;26;4;21.71658800
nbody;PARALLEL_BACK_STARPU;98304;2048;5;14;0;50.03226000
hotspot;PARALLEL_BACK_STARPU;16384;1024;5;26;1;12.34165382
hotspot;PARALLEL_BACK_STARPU;16384;1024;5;14;2;10.66047096
hotspot;PARALLEL_BACK_STARPU;16384;1024;5;16;3;9.61054230
nbody;PARALLEL_BACK_STARPU;98304;2048;5;0;4;15.10142400
nbody;PARALLEL_BACK_STARPU;98304;2048;5;14;2;26.69267100
hotspot;PARALLEL_BACK_STARPU;16384;1024;5;28;2;14.61657524
nbody;PARALLEL_BACK_STARPU;98304;2048;5;14;2;25.40956300
hotspot;PARALLEL_BACK_STARPU;16384;1024;5;28;0;31.72834778
hotspot;PARALLEL_BACK_STARPU;16384;1024;5;24;1;12.60186481
hotspot;PARALLEL_BACK_STARPU;16384;1024;5;10;2;8.10457039
hotspot;PARALLEL_BACK_STARPU;16384;1024;5;26;0;35.63662720
nbody;PARALLEL_BACK_STARPU;98304;2048;5;28;1;20.69614800
hotspot;PARALLEL_BACK_STARPU;16384;1024;5;14;2;10.40486336
hotspot;PARALLEL_BACK_STARPU;16384;1024;5;8;2;8.37145233
nbody;PARALLEL_BACK_STARPU;98304;2048;5;4;1;43.11601300
nbody;PARALLEL_BACK_STARPU;98304;2048;5;18;2;19.53250300
nbody;PARALLEL_BACK_STARPU;98304;2048;5;8;1;35.13738300
nbody;PARALLEL_BACK_STARPU;98304;2048;5;26;4;21.70052200
nbody;PARALLEL_BACK_STARPU;98304;2048;5;6;1;37.91894700
hotspot;PARALLEL_BACK_STARPU;16384;1024;5;6;1;13.21295261
hotspot;PARALLEL_BACK_STARPU;16384;1024;5;16;1;15.65029621
nbody;PARALLEL_BACK_STARPU;98304;2048;5;16;1;30.34620200
nbody;PARALLEL_BACK_STARPU;98304;2048;5;6;2;24.73954000
hotspot;PARALLEL_BACK_STARPU;16384;1024;5;26;2;8.78433132
nbody;PARALLEL_BACK_STARPU;98304;2048;5;20;0;39.57427300
hotspot;PARALLEL_BACK_STARPU;16384;1024;5;4;0;201.23937988
nbody;PARALLEL_BACK_STARPU;98304;2048;5;4;2;25.52891500
nbody;PARALLEL_BACK_STARPU;98304;2048;5;24;2;16.99471900
nbody;PARALLEL_BACK_STARPU;98304;2048;5;6;3;16.52786800
hotspot;PARALLEL_BACK_STARPU;16384;1024;5;22;4;8.05874825
nbody;PARALLEL_BACK_STARPU;98304;2048;5;12;1;29.47228300
nbody;PARALLEL_BACK_STARPU;98304;2048;5;4;4;13.86704000
nbody;PARALLEL_BACK_STARPU;98304;2048;5;18;3;16.47882400
nbody;PARALLEL_BACK_STARPU;98304;2048;5;20;4;11.63642600
nbody;PARALLEL_BACK_STARPU;98304;2048;5;8;0;69.52317300
nbody;PARALLEL_BACK_STARPU;98304;2048;5;22;1;23.44423600
hotspot;PARALLEL_BACK_STARPU;16384;1024;5;2;2;8.37577915
nbody;PARALLEL_BACK_STARPU;98304;2048;5;28;2;16.64452100
nbody;PARALLEL_BACK_STARPU;98304;2048;5;24;3;13.08967400
hotspot;PARALLEL_BACK_STARPU;16384;1024;5;20;4;8.66386700
nbody;PARALLEL_BACK_STARPU;98304;2048;5;0;4;15.67463700
nbody;PARALLEL_BACK_STARPU;98304;2048;5;6;0;87.54311800
hotspot;PARALLEL_BACK_STARPU;16384;1024;5;18;3;9.12994099
hotspot;PARALLEL_BACK_STARPU;16384;1024;5;4;1;13.84472466
nbody;PARALLEL_BACK_STARPU;98304;2048;5;8;4;14.83613600
hotspot;PARALLEL_BACK_STARPU;16384;1024;5;10;1;12.88491058
hotspot;PARALLEL_BACK_STARPU;16384;1024;5;22;4;8.03934669
nbody;PARALLEL_BACK_STARPU;98304;2048;5;6;4;14.34070400
hotspot;PARALLEL_BACK_STARPU;16384;1024;5;4;1;13.97225761
hotspot;PARALLEL_BACK_STARPU;16384;1024;5;14;4;9.06546116
hotspot;PARALLEL_BACK_STARPU;16384;1024;5;26;3;10.92252922
hotspot;PARALLEL_BACK_STARPU;16384;1024;5;2;0;325.78143311
hotspot;PARALLEL_BACK_STARPU;16384;1024;5;24;4;8.03473473
nbody;PARALLEL_BACK_STARPU;98304;2048;5;4;4;13.66377200
nbody;PARALLEL_BACK_STARPU;98304;2048;5;8;0;65.64630300
hotspot;PARALLEL_BACK_STARPU;16384;1024;5;8;3;6.77051020
nbody;PARALLEL_BACK_STARPU;98304;2048;5;0;2;29.97076900
nbody;PARALLEL_BACK_STARPU;98304;2048;5;16;4;16.64191100
nbody;PARALLEL_BACK_STARPU;98304;2048;5;26;4;21.64059900
hotspot;PARALLEL_BACK_STARPU;16384;1024;5;14;0;47.76807022
nbody;PARALLEL_BACK_STARPU;98304;2048;5;16;1;30.05388700
hotspot;PARALLEL_BACK_STARPU;16384;1024;5;14;4;9.18453693
hotspot;PARALLEL_BACK_STARPU;16384;1024;5;16;4;10.12128735
nbody;PARALLEL_BACK_STARPU;98304;2048;5;18;2;18.84041900
nbody;PARALLEL_BACK_STARPU;98304;2048;5;2;0;249.75783000
hotspot;PARALLEL_BACK_STARPU;16384;1024;5;4;2;8.62339020
hotspot;PARALLEL_BACK_STARPU;16384;1024;5;24;4;8.47675323
hotspot;PARALLEL_BACK_STARPU;16384;1024;5;26;1;11.81980610
nbody;PARALLEL_BACK_STARPU;98304;2048;5;10;1;32.46256100
nbody;PARALLEL_BACK_STARPU;98304;2048;5;2;3;18.77559300
nbody;PARALLEL_BACK_STARPU;98304;2048;5;26;1;21.73877000
hotspot;PARALLEL_BACK_STARPU;16384;1024;5;18;3;9.07544422
hotspot;PARALLEL_BACK_STARPU;16384;1024;5;2;2;8.38434696
hotspot;PARALLEL_BACK_STARPU;16384;1024;5;24;1;12.67214775
hotspot;PARALLEL_BACK_STARPU;16384;1024;5;12;0;55.63327789
nbody;PARALLEL_BACK_STARPU;98304;2048;5;20;3;15.50873200
nbody;PARALLEL_BACK_STARPU;98304;2048;5;14;1;40.64462400
hotspot;PARALLEL_BACK_STARPU;16384;1024;5;2;0;325.76913452
hotspot;PARALLEL_BACK_STARPU;16384;1024;5;14;2;10.66388893
hotspot;PARALLEL_BACK_STARPU;16384;1024;5;28;4;12.98713207
nbody;PARALLEL_BACK_STARPU;98304;2048;5;22;3;14.24349500
nbody;PARALLEL_BACK_STARPU;98304;2048;5;6;3;17.07141900
nbody;PARALLEL_BACK_STARPU;98304;2048;5;28;4;11.64882400
nbody;PARALLEL_BACK_STARPU;98304;2048;5;12;2;20.48864300
hotspot;PARALLEL_BACK_STARPU;16384;1024;5;6;4;7.00457001
nbody;PARALLEL_BACK_STARPU;98304;2048;5;14;2;25.75070600
hotspot;PARALLEL_BACK_STARPU;16384;1024;5;12;0;55.43674469
hotspot;PARALLEL_BACK_STARPU;16384;1024;5;8;3;6.88252211
hotspot;PARALLEL_BACK_STARPU;16384;1024;5;10;1;12.85780621
hotspot;PARALLEL_BACK_STARPU;16384;1024;5;26;1;12.34628677
nbody;PARALLEL_BACK_STARPU;98304;2048;5;14;4;16.02231600
nbody;PARALLEL_BACK_STARPU;98304;2048;5;22;2;18.34467100
hotspot;PARALLEL_BACK_STARPU;16384;1024;5;8;4;7.14421415
hotspot;PARALLEL_BACK_STARPU;16384;1024;5;10;2;8.09456062
hotspot;PARALLEL_BACK_STARPU;16384;1024;5;28;1;18.33799553
nbody;PARALLEL_BACK_STARPU;98304;2048;5;6;4;13.28337700
nbody;PARALLEL_BACK_STARPU;98304;2048;5;26;3;21.02850000
nbody;PARALLEL_BACK_STARPU;98304;2048;5;24;3;13.87353300
hotspot;PARALLEL_BACK_STARPU;16384;1024;5;0;3;6.89933777
hotspot;PARALLEL_BACK_STARPU;16384;1024;5;12;0;55.50721741
hotspot;PARALLEL_BACK_STARPU;16384;1024;5;28;4;12.83991814
hotspot;PARALLEL_BACK_STARPU;16384;1024;5;6;0;109.47759247
nbody;PARALLEL_BACK_STARPU;98304;2048;5;10;0;63.42167700
nbody;PARALLEL_BACK_STARPU;98304;2048;5;20;1;25.75081000
nbody;PARALLEL_BACK_STARPU;98304;2048;5;16;3;18.37692700
nbody;PARALLEL_BACK_STARPU;98304;2048;5;10;2;20.57200900
nbody;PARALLEL_BACK_STARPU;98304;2048;5;14;2;23.71668500
hotspot;PARALLEL_BACK_STARPU;16384;1024;5;26;3;10.78952312
hotspot;PARALLEL_BACK_STARPU;16384;1024;5;8;0;81.79418182
hotspot;PARALLEL_BACK_STARPU;16384;1024;5;28;3;15.30954456
hotspot;PARALLEL_BACK_STARPU;16384;1024;5;10;4;7.02725792
hotspot;PARALLEL_BACK_STARPU;16384;1024;5;20;0;40.87742615
hotspot;PARALLEL_BACK_STARPU;16384;1024;5;18;1;14.11690235
nbody;PARALLEL_BACK_STARPU;98304;2048;5;2;3;18.76816400
hotspot;PARALLEL_BACK_STARPU;16384;1024;5;14;3;8.47181702
nbody;PARALLEL_BACK_STARPU;98304;2048;5;14;1;32.45477100
hotspot;PARALLEL_BACK_STARPU;16384;1024;5;8;0;82.07730103
nbody;PARALLEL_BACK_STARPU;98304;2048;5;26;3;21.38362000
nbody;PARALLEL_BACK_STARPU;98304;2048;5;14;3;17.98538800
hotspot;PARALLEL_BACK_STARPU;16384;1024;5;18;0;46.42068100
nbody;PARALLEL_BACK_STARPU;98304;2048;5;28;1;21.11624500
hotspot;PARALLEL_BACK_STARPU;16384;1024;5;18;1;13.17858315
nbody;PARALLEL_BACK_STARPU;98304;2048;5;4;3;17.66166900
nbody;PARALLEL_BACK_STARPU;98304;2048;5;2;2;27.53317300
hotspot;PARALLEL_BACK_STARPU;16384;1024;5;28;1;18.29939651
hotspot;PARALLEL_BACK_STARPU;16384;1024;5;12;3;11.26118183
hotspot;PARALLEL_BACK_STARPU;16384;1024;5;0;3;6.84090185
nbody;PARALLEL_BACK_STARPU;98304;2048;5;16;1;28.82292000
nbody;PARALLEL_BACK_STARPU;98304;2048;5;12;4;12.51505700
nbody;PARALLEL_BACK_STARPU;98304;2048;5;2;4;14.77050500
nbody;PARALLEL_BACK_STARPU;98304;2048;5;12;2;21.36006700
nbody;PARALLEL_BACK_STARPU;98304;2048;5;14;1;33.34697900
hotspot;PARALLEL_BACK_STARPU;16384;1024;5;18;2;10.35976887
hotspot;PARALLEL_BACK_STARPU;16384;1024;5;18;4;9.46133518
hotspot;PARALLEL_BACK_STARPU;16384;1024;5;20;1;13.77371502
hotspot;PARALLEL_BACK_STARPU;16384;1024;5;10;4;7.03823709
hotspot;PARALLEL_BACK_STARPU;16384;1024;5;18;0;46.91978455
hotspot;PARALLEL_BACK_STARPU;16384;1024;5;16;1;15.86434746
hotspot;PARALLEL_BACK_STARPU;16384;1024;5;4;0;205.54949951
nbody;PARALLEL_BACK_STARPU;98304;2048;5;12;3;15.70196400
hotspot;PARALLEL_BACK_STARPU;16384;1024;5;16;3;9.45494843
nbody;PARALLEL_BACK_STARPU;98304;2048;5;4;4;13.76339500
hotspot;PARALLEL_BACK_STARPU;16384;1024;5;0;4;7.02337885
hotspot;PARALLEL_BACK_STARPU;16384;1024;5;24;3;7.57881784
nbody;PARALLEL_BACK_STARPU;98304;2048;5;26;4;19.89283600
hotspot;PARALLEL_BACK_STARPU;16384;1024;5;0;3;6.83559418
hotspot;PARALLEL_BACK_STARPU;16384;1024;5;28;2;16.04722786
nbody;PARALLEL_BACK_STARPU;98304;2048;5;8;2;22.21061800
hotspot;PARALLEL_BACK_STARPU;16384;1024;5;2;4;7.08733082
nbody;PARALLEL_BACK_STARPU;98304;2048;5;20;2;18.49892900
hotspot;PARALLEL_BACK_STARPU;16384;1024;5;6;0;108.89273071
hotspot;PARALLEL_BACK_STARPU;16384;1024;5;20;3;7.94966984
nbody;PARALLEL_BACK_STARPU;98304;2048;5;16;3;18.05699300
nbody;PARALLEL_BACK_STARPU;98304;2048;5;12;0;54.54114000
hotspot;PARALLEL_BACK_STARPU;16384;1024;5;2;3;6.77494287
nbody;PARALLEL_BACK_STARPU;98304;2048;5;16;1;28.05321300
hotspot;PARALLEL_BACK_STARPU;16384;1024;5;28;0;32.33345413
nbody;PARALLEL_BACK_STARPU;98304;2048;5;6;1;36.42416100
nbody;PARALLEL_BACK_STARPU;98304;2048;5;20;0;38.89275900
hotspot;PARALLEL_BACK_STARPU;16384;1024;5;28;1;18.19524384
nbody;PARALLEL_BACK_STARPU;98304;2048;5;6;3;17.24965200
nbody;PARALLEL_BACK_STARPU;98304;2048;5;18;1;22.96417200
nbody;PARALLEL_BACK_STARPU;98304;2048;5;12;2;20.19436100
nbody;PARALLEL_BACK_STARPU;98304;2048;5;6;2;23.89790100
hotspot;PARALLEL_BACK_STARPU;16384;1024;5;6;3;6.70335579
hotspot;PARALLEL_BACK_STARPU;16384;1024;5;2;1;14.15929317
hotspot;PARALLEL_BACK_STARPU;16384;1024;5;4;4;7.07746792
nbody;PARALLEL_BACK_STARPU;98304;2048;5;6;1;36.87651400
nbody;PARALLEL_BACK_STARPU;98304;2048;5;14;4;15.13399600
hotspot;PARALLEL_BACK_STARPU;16384;1024;5;24;0;39.12543488
hotspot;PARALLEL_BACK_STARPU;16384;1024;5;18;0;43.66021347
hotspot;PARALLEL_BACK_STARPU;16384;1024;5;26;3;11.87610340
hotspot;PARALLEL_BACK_STARPU;16384;1024;5;6;3;6.60520601
hotspot;PARALLEL_BACK_STARPU;16384;1024;5;16;0;45.54559326
hotspot;PARALLEL_BACK_STARPU;16384;1024;5;8;0;82.02709961
hotspot;PARALLEL_BACK_STARPU;16384;1024;5;18;2;10.28281689
nbody;PARALLEL_BACK_STARPU;98304;2048;5;26;2;16.10845600
nbody;PARALLEL_BACK_STARPU;98304;2048;5;18;1;24.40040800
nbody;PARALLEL_BACK_STARPU;98304;2048;5;12;1;28.90861700
hotspot;PARALLEL_BACK_STARPU;16384;1024;5;12;4;9.47834396
nbody;PARALLEL_BACK_STARPU;98304;2048;5;16;3;18.44027700
nbody;PARALLEL_BACK_STARPU;98304;2048;5;28;0;28.54653300
nbody;PARALLEL_BACK_STARPU;98304;2048;5;14;1;38.51905900
hotspot;PARALLEL_BACK_STARPU;16384;1024;5;26;4;13.21394730
hotspot;PARALLEL_BACK_STARPU;16384;1024;5;10;1;12.62437725
hotspot;PARALLEL_BACK_STARPU;16384;1024;5;24;4;8.86618042
nbody;PARALLEL_BACK_STARPU;98304;2048;5;8;1;33.35747400
nbody;PARALLEL_BACK_STARPU;98304;2048;5;4;2;26.54716800
nbody;PARALLEL_BACK_STARPU;98304;2048;5;16;4;16.28328000
hotspot;PARALLEL_BACK_STARPU;16384;1024;5;22;4;8.15589809
hotspot;PARALLEL_BACK_STARPU;16384;1024;5;20;1;13.52120018
hotspot;PARALLEL_BACK_STARPU;16384;1024;5;16;4;9.64483166
hotspot;PARALLEL_BACK_STARPU;16384;1024;5;18;0;48.62257385
hotspot;PARALLEL_BACK_STARPU;16384;1024;5;10;3;6.70478821
nbody;PARALLEL_BACK_STARPU;98304;2048;5;18;4;13.28601500
nbody;PARALLEL_BACK_STARPU;98304;2048;5;12;3;15.91280200
hotspot;PARALLEL_BACK_STARPU;16384;1024;5;4;0;200.96617126
nbody;PARALLEL_BACK_STARPU;98304;2048;5;28;2;16.59830500
nbody;PARALLEL_BACK_STARPU;98304;2048;5;18;4;12.84744600
hotspot;PARALLEL_BACK_STARPU;16384;1024;5;18;4;9.26731873
nbody;PARALLEL_BACK_STARPU;98304;2048;5;28;3;14.44870500
hotspot;PARALLEL_BACK_STARPU;16384;1024;5;4;3;6.74715710
hotspot;PARALLEL_BACK_STARPU;16384;1024;5;14;4;8.79555225
hotspot;PARALLEL_BACK_STARPU;16384;1024;5;6;4;7.05529308
hotspot;PARALLEL_BACK_STARPU;16384;1024;5;20;4;8.52435398
hotspot;PARALLEL_BACK_STARPU;16384;1024;5;4;1;13.81921482
nbody;PARALLEL_BACK_STARPU;98304;2048;5;20;3;15.50623100
nbody;PARALLEL_BACK_STARPU;98304;2048;5;2;0;249.78502100
hotspot;PARALLEL_BACK_STARPU;16384;1024;5;6;2;8.06745815
nbody;PARALLEL_BACK_STARPU;98304;2048;5;22;0;34.77867000
nbody;PARALLEL_BACK_STARPU;98304;2048;5;18;3;17.60454500
hotspot;PARALLEL_BACK_STARPU;16384;1024;5;24;3;7.26349115
nbody;PARALLEL_BACK_STARPU;98304;2048;5;18;3;17.16170000
nbody;PARALLEL_BACK_STARPU;98304;2048;5;24;4;11.25173100
hotspot;PARALLEL_BACK_STARPU;16384;1024;5;6;2;8.13882065
nbody;PARALLEL_BACK_STARPU;98304;2048;5;22;4;12.01172800
hotspot;PARALLEL_BACK_STARPU;16384;1024;5;28;2;14.88892269
hotspot;PARALLEL_BACK_STARPU;16384;1024;5;16;4;10.01463795
hotspot;PARALLEL_BACK_STARPU;16384;1024;5;16;1;14.90907288
hotspot;PARALLEL_BACK_STARPU;16384;1024;5;22;4;8.04654121
nbody;PARALLEL_BACK_STARPU;98304;2048;5;12;1;29.42245900
hotspot;PARALLEL_BACK_STARPU;16384;1024;5;20;1;13.47013664
nbody;PARALLEL_BACK_STARPU;98304;2048;5;8;3;17.16660600
nbody;PARALLEL_BACK_STARPU;98304;2048;5;12;3;16.06555900
nbody;PARALLEL_BACK_STARPU;98304;2048;5;18;2;19.79194700
nbody;PARALLEL_BACK_STARPU;98304;2048;5;14;3;18.89709200
nbody;PARALLEL_BACK_STARPU;98304;2048;5;14;4;15.78477200
nbody;PARALLEL_BACK_STARPU;98304;2048;5;14;0;49.89623200
hotspot;PARALLEL_BACK_STARPU;16384;1024;5;24;2;8.81587887
hotspot;PARALLEL_BACK_STARPU;16384;1024;5;14;2;10.53919983
hotspot;PARALLEL_BACK_STARPU;16384;1024;5;12;2;8.51763821
hotspot;PARALLEL_BACK_STARPU;16384;1024;5;24;4;8.33606911
hotspot;PARALLEL_BACK_STARPU;16384;1024;5;4;4;7.05685091
hotspot;PARALLEL_BACK_STARPU;16384;1024;5;22;0;41.74355316
hotspot;PARALLEL_BACK_STARPU;16384;1024;5;8;2;8.24671841
hotspot;PARALLEL_BACK_STARPU;16384;1024;5;22;2;8.38247204
hotspot;PARALLEL_BACK_STARPU;16384;1024;5;22;2;8.46847534
nbody;PARALLEL_BACK_STARPU;98304;2048;5;0;2;31.52768500
nbody;PARALLEL_BACK_STARPU;98304;2048;5;10;1;32.14908700
nbody;PARALLEL_BACK_STARPU;98304;2048;5;20;4;12.75130200
hotspot;PARALLEL_BACK_STARPU;16384;1024;5;14;0;48.22471619
hotspot;PARALLEL_BACK_STARPU;16384;1024;5;0;1;14.66060257
nbody;PARALLEL_BACK_STARPU;98304;2048;5;2;4;14.48943400
hotspot;PARALLEL_BACK_STARPU;16384;1024;5;20;4;8.45638847
hotspot;PARALLEL_BACK_STARPU;16384;1024;5;22;0;41.50963211
nbody;PARALLEL_BACK_STARPU;98304;2048;5;10;3;16.41745500
hotspot;PARALLEL_BACK_STARPU;16384;1024;5;6;2;8.10774040
hotspot;PARALLEL_BACK_STARPU;16384;1024;5;10;4;7.05175591
nbody;PARALLEL_BACK_STARPU;98304;2048;5;4;3;18.22341100
hotspot;PARALLEL_BACK_STARPU;16384;1024;5;12;4;9.84739017
hotspot;PARALLEL_BACK_STARPU;16384;1024;5;26;0;34.73670578
hotspot;PARALLEL_BACK_STARPU;16384;1024;5;28;0;30.52982521
nbody;PARALLEL_BACK_STARPU;98304;2048;5;6;2;23.70301000
hotspot;PARALLEL_BACK_STARPU;16384;1024;5;12;1;12.56948376
nbody;PARALLEL_BACK_STARPU;98304;2048;5;28;2;16.70043400
nbody;PARALLEL_BACK_STARPU;98304;2048;5;8;2;23.34612100
hotspot;PARALLEL_BACK_STARPU;16384;1024;5;22;1;12.47731209
nbody;PARALLEL_BACK_STARPU;98304;2048;5;12;3;16.15256000
nbody;PARALLEL_BACK_STARPU;98304;2048;5;4;0;145.47135900
nbody;PARALLEL_BACK_STARPU;98304;2048;5;28;2;16.42840300
hotspot;PARALLEL_BACK_STARPU;16384;1024;5;12;0;55.61679840
hotspot;PARALLEL_BACK_STARPU;16384;1024;5;24;2;8.69710922
nbody;PARALLEL_BACK_STARPU;98304;2048;5;28;2;16.37644700
nbody;PARALLEL_BACK_STARPU;98304;2048;5;4;3;18.99261700
nbody;PARALLEL_BACK_STARPU;98304;2048;5;24;2;16.63749500
hotspot;PARALLEL_BACK_STARPU;16384;1024;5;18;4;9.23110962
hotspot;PARALLEL_BACK_STARPU;16384;1024;5;12;0;55.40875626
hotspot;PARALLEL_BACK_STARPU;16384;1024;5;2;1;14.09881020
nbody;PARALLEL_BACK_STARPU;98304;2048;5;14;0;47.45443900
nbody;PARALLEL_BACK_STARPU;98304;2048;5;28;3;14.28903900
nbody;PARALLEL_BACK_STARPU;98304;2048;5;10;0;60.47548100
nbody;PARALLEL_BACK_STARPU;98304;2048;5;22;2;17.90403000
nbody;PARALLEL_BACK_STARPU;98304;2048;5;8;3;16.88789200
nbody;PARALLEL_BACK_STARPU;98304;2048;5;14;0;47.01087600
nbody;PARALLEL_BACK_STARPU;98304;2048;5;20;2;18.92056500
hotspot;PARALLEL_BACK_STARPU;16384;1024;5;12;2;8.25886059
hotspot;PARALLEL_BACK_STARPU;16384;1024;5;14;1;18.53864479
nbody;PARALLEL_BACK_STARPU;98304;2048;5;22;1;23.29590300
nbody;PARALLEL_BACK_STARPU;98304;2048;5;14;4;15.01790100
nbody;PARALLEL_BACK_STARPU;98304;2048;5;26;3;21.76469700
nbody;PARALLEL_BACK_STARPU;98304;2048;5;16;2;23.08174800
hotspot;PARALLEL_BACK_STARPU;16384;1024;5;18;3;9.01969337
nbody;PARALLEL_BACK_STARPU;98304;2048;5;28;0;28.21211600
hotspot;PARALLEL_BACK_STARPU;16384;1024;5;2;1;14.14889336
hotspot;PARALLEL_BACK_STARPU;16384;1024;5;4;3;6.71414900
hotspot;PARALLEL_BACK_STARPU;16384;1024;5;12;3;11.54664421
hotspot;PARALLEL_BACK_STARPU;16384;1024;5;0;3;6.84580517
nbody;PARALLEL_BACK_STARPU;98304;2048;5;22;3;14.52255100
nbody;PARALLEL_BACK_STARPU;98304;2048;5;8;2;22.41841300
nbody;PARALLEL_BACK_STARPU;98304;2048;5;14;1;38.64854800
hotspot;PARALLEL_BACK_STARPU;16384;1024;5;28;1;17.97948265
nbody;PARALLEL_BACK_STARPU;98304;2048;5;18;2;18.56231000
nbody;PARALLEL_BACK_STARPU;98304;2048;5;18;0;37.60522200
hotspot;PARALLEL_BACK_STARPU;16384;1024;5;6;0;108.68977356
hotspot;PARALLEL_BACK_STARPU;16384;1024;5;26;1;12.08696461
nbody;PARALLEL_BACK_STARPU;98304;2048;5;12;0;54.97897600
hotspot;PARALLEL_BACK_STARPU;16384;1024;5;28;1;18.10932350
hotspot;PARALLEL_BACK_STARPU;16384;1024;5;2;3;6.80941010
hotspot;PARALLEL_BACK_STARPU;16384;1024;5;26;0;36.23576736
nbody;PARALLEL_BACK_STARPU;98304;2048;5;0;3;19.99788200
nbody;PARALLEL_BACK_STARPU;98304;2048;5;24;3;13.01626800
nbody;PARALLEL_BACK_STARPU;98304;2048;5;16;0;43.24369200
hotspot;PARALLEL_BACK_STARPU;16384;1024;5;28;4;13.70576096
hotspot;PARALLEL_BACK_STARPU;16384;1024;5;18;3;8.96078968
nbody;PARALLEL_BACK_STARPU;98304;2048;5;8;2;22.67041600
nbody;PARALLEL_BACK_STARPU;98304;2048;5;18;2;18.91039900
hotspot;PARALLEL_BACK_STARPU;16384;1024;5;0;2;8.55861664
hotspot;PARALLEL_BACK_STARPU;16384;1024;5;22;0;40.64670563
hotspot;PARALLEL_BACK_STARPU;16384;1024;5;10;2;8.20536995
nbody;PARALLEL_BACK_STARPU;98304;2048;5;24;4;11.37755600
nbody;PARALLEL_BACK_STARPU;98304;2048;5;24;4;11.21920200
nbody;PARALLEL_BACK_STARPU;98304;2048;5;18;0;36.88083400
hotspot;PARALLEL_BACK_STARPU;16384;1024;5;16;2;11.27969170
nbody;PARALLEL_BACK_STARPU;98304;2048;5;4;4;13.84293000
nbody;PARALLEL_BACK_STARPU;98304;2048;5;2;2;28.68276700
nbody;PARALLEL_BACK_STARPU;98304;2048;5;28;4;12.14290300
hotspot;PARALLEL_BACK_STARPU;16384;1024;5;24;1;12.62791443
hotspot;PARALLEL_BACK_STARPU;16384;1024;5;28;2;14.01906395
nbody;PARALLEL_BACK_STARPU;98304;2048;5;10;2;22.77622800
nbody;PARALLEL_BACK_STARPU;98304;2048;5;2;4;15.14835200
nbody;PARALLEL_BACK_STARPU;98304;2048;5;16;0;44.41115300
nbody;PARALLEL_BACK_STARPU;98304;2048;5;4;4;13.96521600
hotspot;PARALLEL_BACK_STARPU;16384;1024;5;26;3;11.32145023
hotspot;PARALLEL_BACK_STARPU;16384;1024;5;20;2;9.33314323
nbody;PARALLEL_BACK_STARPU;98304;2048;5;2;3;19.90075400
nbody;PARALLEL_BACK_STARPU;98304;2048;5;18;4;12.96587300
nbody;PARALLEL_BACK_STARPU;98304;2048;5;14;1;41.34454000
hotspot;PARALLEL_BACK_STARPU;16384;1024;5;8;1;12.88659286
nbody;PARALLEL_BACK_STARPU;98304;2048;5;12;4;13.80916500
hotspot;PARALLEL_BACK_STARPU;16384;1024;5;22;3;7.81327677
hotspot;PARALLEL_BACK_STARPU;16384;1024;5;12;2;8.33685875
nbody;PARALLEL_BACK_STARPU;98304;2048;5;22;2;18.40867400
nbody;PARALLEL_BACK_STARPU;98304;2048;5;0;1;64.56450000
nbody;PARALLEL_BACK_STARPU;98304;2048;5;8;2;23.14769600
hotspot;PARALLEL_BACK_STARPU;16384;1024;5;14;3;8.49893475
nbody;PARALLEL_BACK_STARPU;98304;2048;5;4;0;142.00906900
nbody;PARALLEL_BACK_STARPU;98304;2048;5;18;4;13.47953000
nbody;PARALLEL_BACK_STARPU;98304;2048;5;12;2;20.41404400
nbody;PARALLEL_BACK_STARPU;98304;2048;5;18;2;19.85545900
hotspot;PARALLEL_BACK_STARPU;16384;1024;5;20;1;13.91506100
hotspot;PARALLEL_BACK_STARPU;16384;1024;5;22;2;8.69756413
nbody;PARALLEL_BACK_STARPU;98304;2048;5;8;3;16.19036500
nbody;PARALLEL_BACK_STARPU;98304;2048;5;4;1;44.54048000
nbody;PARALLEL_BACK_STARPU;98304;2048;5;28;0;28.41214200
hotspot;PARALLEL_BACK_STARPU;16384;1024;5;16;3;9.77567959
nbody;PARALLEL_BACK_STARPU;98304;2048;5;28;3;13.76471100
hotspot;PARALLEL_BACK_STARPU;16384;1024;5;18;0;48.00905228
hotspot;PARALLEL_BACK_STARPU;16384;1024;5;0;1;14.65575027
hotspot;PARALLEL_BACK_STARPU;16384;1024;5;28;2;15.86655712
nbody;PARALLEL_BACK_STARPU;98304;2048;5;14;0;47.39727100
hotspot;PARALLEL_BACK_STARPU;16384;1024;5;6;0;108.79450989
nbody;PARALLEL_BACK_STARPU;98304;2048;5;24;0;32.91954100
hotspot;PARALLEL_BACK_STARPU;16384;1024;5;8;1;13.06142044
nbody;PARALLEL_BACK_STARPU;98304;2048;5;22;2;18.10329500
hotspot;PARALLEL_BACK_STARPU;16384;1024;5;2;4;7.02023077
hotspot;PARALLEL_BACK_STARPU;16384;1024;5;20;2;9.67851830
nbody;PARALLEL_BACK_STARPU;98304;2048;5;26;0;30.28810600
nbody;PARALLEL_BACK_STARPU;98304;2048;5;12;4;13.27319500
hotspot;PARALLEL_BACK_STARPU;16384;1024;5;24;0;37.74770737
hotspot;PARALLEL_BACK_STARPU;16384;1024;5;26;2;8.85136604
hotspot;PARALLEL_BACK_STARPU;16384;1024;5;8;2;8.18914032
nbody;PARALLEL_BACK_STARPU;98304;2048;5;14;2;25.91258600
hotspot;PARALLEL_BACK_STARPU;16384;1024;5;24;4;8.78886795
hotspot;PARALLEL_BACK_STARPU;16384;1024;5;14;1;18.02837181
nbody;PARALLEL_BACK_STARPU;98304;2048;5;20;0;40.11134900
hotspot;PARALLEL_BACK_STARPU;16384;1024;5;12;3;11.38046646
nbody;PARALLEL_BACK_STARPU;98304;2048;5;16;0;44.43193500
nbody;PARALLEL_BACK_STARPU;98304;2048;5;28;2;16.56737500
hotspot;PARALLEL_BACK_STARPU;16384;1024;5;26;3;10.91099072
hotspot;PARALLEL_BACK_STARPU;16384;1024;5;28;3;14.04906273
nbody;PARALLEL_BACK_STARPU;98304;2048;5;20;1;26.58413100
hotspot;PARALLEL_BACK_STARPU;16384;1024;5;26;2;8.89202213
nbody;PARALLEL_BACK_STARPU;98304;2048;5;22;1;23.71616800
hotspot;PARALLEL_BACK_STARPU;16384;1024;5;20;2;9.18024540
hotspot;PARALLEL_BACK_STARPU;16384;1024;5;4;0;196.37651062
nbody;PARALLEL_BACK_STARPU;98304;2048;5;22;3;14.18206200
nbody;PARALLEL_BACK_STARPU;98304;2048;5;10;2;20.88393600
nbody;PARALLEL_BACK_STARPU;98304;2048;5;12;3;16.15887400
hotspot;PARALLEL_BACK_STARPU;16384;1024;5;26;4;12.07469082
nbody;PARALLEL_BACK_STARPU;98304;2048;5;12;0;53.43785900
nbody;PARALLEL_BACK_STARPU;98304;2048;5;6;3;16.58979100
hotspot;PARALLEL_BACK_STARPU;16384;1024;5;12;1;12.42521191
hotspot;PARALLEL_BACK_STARPU;16384;1024;5;26;1;12.59102535
hotspot;PARALLEL_BACK_STARPU;16384;1024;5;24;0;38.58939362
nbody;PARALLEL_BACK_STARPU;98304;2048;5;0;3;20.00446900
hotspot;PARALLEL_BACK_STARPU;16384;1024;5;24;0;38.40945053
nbody;PARALLEL_BACK_STARPU;98304;2048;5;16;4;16.17811600
nbody;PARALLEL_BACK_STARPU;98304;2048;5;16;3;18.26351300
nbody;PARALLEL_BACK_STARPU;98304;2048;5;26;0;30.55672200
hotspot;PARALLEL_BACK_STARPU;16384;1024;5;22;2;8.57173347
hotspot;PARALLEL_BACK_STARPU;16384;1024;5;22;1;12.49668026
hotspot;PARALLEL_BACK_STARPU;16384;1024;5;28;1;18.17428207
nbody;PARALLEL_BACK_STARPU;98304;2048;5;0;1;61.69823200
nbody;PARALLEL_BACK_STARPU;98304;2048;5;18;3;17.69922600
nbody;PARALLEL_BACK_STARPU;98304;2048;5;20;4;11.74324000
hotspot;PARALLEL_BACK_STARPU;16384;1024;5;22;4;8.30752563
hotspot;PARALLEL_BACK_STARPU;16384;1024;5;24;2;8.73955917
hotspot;PARALLEL_BACK_STARPU;16384;1024;5;10;4;6.99606800
nbody;PARALLEL_BACK_STARPU;98304;2048;5;0;2;31.85697500
hotspot;PARALLEL_BACK_STARPU;16384;1024;5;4;4;7.08236980
nbody;PARALLEL_BACK_STARPU;98304;2048;5;6;2;24.70545000
hotspot;PARALLEL_BACK_STARPU;16384;1024;5;18;0;48.16131973
hotspot;PARALLEL_BACK_STARPU;16384;1024;5;6;4;7.01782513
hotspot;PARALLEL_BACK_STARPU;16384;1024;5;14;4;9.06087685
hotspot;PARALLEL_BACK_STARPU;16384;1024;5;16;3;9.32397938
hotspot;PARALLEL_BACK_STARPU;16384;1024;5;18;0;47.84097672
hotspot;PARALLEL_BACK_STARPU;16384;1024;5;14;0;48.08578873
nbody;PARALLEL_BACK_STARPU;98304;2048;5;20;0;39.79252900
hotspot;PARALLEL_BACK_STARPU;16384;1024;5;4;2;8.62897778
nbody;PARALLEL_BACK_STARPU;98304;2048;5;18;2;19.85170700
nbody;PARALLEL_BACK_STARPU;98304;2048;5;14;1;37.13479800
hotspot;PARALLEL_BACK_STARPU;16384;1024;5;14;0;48.01777649
nbody;PARALLEL_BACK_STARPU;98304;2048;5;22;4;12.13556800
hotspot;PARALLEL_BACK_STARPU;16384;1024;5;12;3;11.22940731
nbody;PARALLEL_BACK_STARPU;98304;2048;5;26;3;21.38060100
nbody;PARALLEL_BACK_STARPU;98304;2048;5;2;4;14.54086400
nbody;PARALLEL_BACK_STARPU;98304;2048;5;4;1;44.09042500
nbody;PARALLEL_BACK_STARPU;98304;2048;5;26;4;22.14422700
hotspot;PARALLEL_BACK_STARPU;16384;1024;5;10;3;6.76840782
hotspot;PARALLEL_BACK_STARPU;16384;1024;5;14;2;11.04620266
hotspot;PARALLEL_BACK_STARPU;16384;1024;5;8;3;6.97303820
hotspot;PARALLEL_BACK_STARPU;16384;1024;5;16;0;52.99333954
hotspot;PARALLEL_BACK_STARPU;16384;1024;5;6;1;13.20188808
hotspot;PARALLEL_BACK_STARPU;16384;1024;5;6;4;6.98053789
hotspot;PARALLEL_BACK_STARPU;16384;1024;5;0;4;7.05995083
nbody;PARALLEL_BACK_STARPU;98304;2048;5;18;1;24.92428100
hotspot;PARALLEL_BACK_STARPU;16384;1024;5;24;1;12.54426384
nbody;PARALLEL_BACK_STARPU;98304;2048;5;0;4;15.12618200
hotspot;PARALLEL_BACK_STARPU;16384;1024;5;20;2;9.46080780
hotspot;PARALLEL_BACK_STARPU;16384;1024;5;0;1;14.69657326
hotspot;PARALLEL_BACK_STARPU;16384;1024;5;4;0;199.68315125
hotspot;PARALLEL_BACK_STARPU;16384;1024;5;24;0;38.75730515
nbody;PARALLEL_BACK_STARPU;98304;2048;5;24;1;22.41213800
hotspot;PARALLEL_BACK_STARPU;16384;1024;5;8;1;13.15655422
hotspot;PARALLEL_BACK_STARPU;16384;1024;5;4;4;7.07558107
hotspot;PARALLEL_BACK_STARPU;16384;1024;5;14;2;10.57549572
nbody;PARALLEL_BACK_STARPU;98304;2048;5;0;3;20.13770800
nbody;PARALLEL_BACK_STARPU;98304;2048;5;14;2;25.81377900
nbody;PARALLEL_BACK_STARPU;98304;2048;5;12;4;13.42046000
hotspot;PARALLEL_BACK_STARPU;16384;1024;5;20;0;43.89427185
hotspot;PARALLEL_BACK_STARPU;16384;1024;5;16;0;48.61738586
nbody;PARALLEL_BACK_STARPU;98304;2048;5;20;0;39.66376200
hotspot;PARALLEL_BACK_STARPU;16384;1024;5;10;0;65.76799774
nbody;PARALLEL_BACK_STARPU;98304;2048;5;20;3;15.36423600
nbody;PARALLEL_BACK_STARPU;98304;2048;5;22;2;17.72863600
nbody;PARALLEL_BACK_STARPU;98304;2048;5;26;1;21.45244500
nbody;PARALLEL_BACK_STARPU;98304;2048;5;18;4;13.32080900
nbody;PARALLEL_BACK_STARPU;98304;2048;5;14;3;18.21685200
hotspot;PARALLEL_BACK_STARPU;16384;1024;5;20;0;44.68515015
nbody;PARALLEL_BACK_STARPU;98304;2048;5;16;0;43.68703400
nbody;PARALLEL_BACK_STARPU;98304;2048;5;8;3;16.57614000
nbody;PARALLEL_BACK_STARPU;98304;2048;5;8;4;12.84454900
nbody;PARALLEL_BACK_STARPU;98304;2048;5;6;1;37.72672600
hotspot;PARALLEL_BACK_STARPU;16384;1024;5;4;3;6.90079212
hotspot;PARALLEL_BACK_STARPU;16384;1024;5;2;3;6.79892683
hotspot;PARALLEL_BACK_STARPU;16384;1024;5;26;2;8.91030693
hotspot;PARALLEL_BACK_STARPU;16384;1024;5;4;2;8.85654640
nbody;PARALLEL_BACK_STARPU;98304;2048;5;20;0;39.06475400
hotspot;PARALLEL_BACK_STARPU;16384;1024;5;24;4;8.37114334
hotspot;PARALLEL_BACK_STARPU;16384;1024;5;24;3;7.40691996
nbody;PARALLEL_BACK_STARPU;98304;2048;5;26;1;21.55442200
hotspot;PARALLEL_BACK_STARPU;16384;1024;5;22;1;12.88269234
nbody;PARALLEL_BACK_STARPU;98304;2048;5;16;2;23.45281500
nbody;PARALLEL_BACK_STARPU;98304;2048;5;18;3;15.97398400
nbody;PARALLEL_BACK_STARPU;98304;2048;5;26;0;30.25610800
hotspot;PARALLEL_BACK_STARPU;16384;1024;5;14;0;48.00770569
nbody;PARALLEL_BACK_STARPU;98304;2048;5;26;3;21.41264400
hotspot;PARALLEL_BACK_STARPU;16384;1024;5;12;0;55.45911026
nbody;PARALLEL_BACK_STARPU;98304;2048;5;26;2;16.01147200
nbody;PARALLEL_BACK_STARPU;98304;2048;5;18;2;18.83077000
nbody;PARALLEL_BACK_STARPU;98304;2048;5;10;2;21.72671100
hotspot;PARALLEL_BACK_STARPU;16384;1024;5;6;4;7.23006105
nbody;PARALLEL_BACK_STARPU;98304;2048;5;22;4;12.10010300
nbody;PARALLEL_BACK_STARPU;98304;2048;5;0;3;21.84877800
hotspot;PARALLEL_BACK_STARPU;16384;1024;5;22;0;42.96830750
nbody;PARALLEL_BACK_STARPU;98304;2048;5;2;3;18.90803000
nbody;PARALLEL_BACK_STARPU;98304;2048;5;20;1;26.12854500
nbody;PARALLEL_BACK_STARPU;98304;2048;5;24;2;16.78570200
hotspot;PARALLEL_BACK_STARPU;16384;1024;5;12;1;12.90155888
nbody;PARALLEL_BACK_STARPU;98304;2048;5;26;3;21.25665400
hotspot;PARALLEL_BACK_STARPU;16384;1024;5;2;2;8.39185619
nbody;PARALLEL_BACK_STARPU;98304;2048;5;12;1;29.75094900
hotspot;PARALLEL_BACK_STARPU;16384;1024;5;24;3;7.29063511
hotspot;PARALLEL_BACK_STARPU;16384;1024;5;2;1;14.15808964
nbody;PARALLEL_BACK_STARPU;98304;2048;5;2;3;19.74250400
nbody;PARALLEL_BACK_STARPU;98304;2048;5;22;2;18.68093700
nbody;PARALLEL_BACK_STARPU;98304;2048;5;10;4;13.27662400
nbody;PARALLEL_BACK_STARPU;98304;2048;5;4;2;27.64068600
nbody;PARALLEL_BACK_STARPU;98304;2048;5;16;3;19.23016400
nbody;PARALLEL_BACK_STARPU;98304;2048;5;0;3;22.05670400
hotspot;PARALLEL_BACK_STARPU;16384;1024;5;2;4;7.05207300
hotspot;PARALLEL_BACK_STARPU;16384;1024;5;0;2;8.55747795
hotspot;PARALLEL_BACK_STARPU;16384;1024;5;0;3;6.84199381
hotspot;PARALLEL_BACK_STARPU;16384;1024;5;14;2;10.42560577
hotspot;PARALLEL_BACK_STARPU;16384;1024;5;18;4;9.23537827
nbody;PARALLEL_BACK_STARPU;98304;2048;5;10;1;31.42189900
nbody;PARALLEL_BACK_STARPU;98304;2048;5;28;2;16.64357900
nbody;PARALLEL_BACK_STARPU;98304;2048;5;6;4;14.42996700
nbody;PARALLEL_BACK_STARPU;98304;2048;5;18;1;24.70466200
hotspot;PARALLEL_BACK_STARPU;16384;1024;5;10;0;65.78629303
nbody;PARALLEL_BACK_STARPU;98304;2048;5;28;1;20.97600800
nbody;PARALLEL_BACK_STARPU;98304;2048;5;22;3;14.54412200
nbody;PARALLEL_BACK_STARPU;98304;2048;5;0;1;63.05329900
hotspot;PARALLEL_BACK_STARPU;16384;1024;5;0;3;6.85125923
hotspot;PARALLEL_BACK_STARPU;16384;1024;5;18;4;8.98949909
nbody;PARALLEL_BACK_STARPU;98304;2048;5;2;1;51.12486200
nbody;PARALLEL_BACK_STARPU;98304;2048;5;24;4;11.18117000
hotspot;PARALLEL_BACK_STARPU;16384;1024;5;26;2;8.90444469
hotspot;PARALLEL_BACK_STARPU;16384;1024;5;28;3;14.14249897
hotspot;PARALLEL_BACK_STARPU;16384;1024;5;22;1;12.84432507
nbody;PARALLEL_BACK_STARPU;98304;2048;5;4;1;45.66411300
nbody;PARALLEL_BACK_STARPU;98304;2048;5;24;2;16.98432900
hotspot;PARALLEL_BACK_STARPU;16384;1024;5;10;4;7.19370699
hotspot;PARALLEL_BACK_STARPU;16384;1024;5;14;4;8.78489494
nbody;PARALLEL_BACK_STARPU;98304;2048;5;16;2;23.21901800
hotspot;PARALLEL_BACK_STARPU;16384;1024;5;28;1;17.84713745
hotspot;PARALLEL_BACK_STARPU;16384;1024;5;10;3;6.72110891
hotspot;PARALLEL_BACK_STARPU;16384;1024;5;6;3;6.82181120
nbody;PARALLEL_BACK_STARPU;98304;2048;5;24;1;22.28926300
nbody;PARALLEL_BACK_STARPU;98304;2048;5;14;2;24.68161700
hotspot;PARALLEL_BACK_STARPU;16384;1024;5;2;1;14.27568626
nbody;PARALLEL_BACK_STARPU;98304;2048;5;26;3;21.09663100
hotspot;PARALLEL_BACK_STARPU;16384;1024;5;22;0;41.51348495
nbody;PARALLEL_BACK_STARPU;98304;2048;5;22;1;23.11886500
nbody;PARALLEL_BACK_STARPU;98304;2048;5;0;1;63.26260300
nbody;PARALLEL_BACK_STARPU;98304;2048;5;10;0;58.90992700
nbody;PARALLEL_BACK_STARPU;98304;2048;5;14;3;18.85210600
nbody;PARALLEL_BACK_STARPU;98304;2048;5;22;0;34.04409700
nbody;PARALLEL_BACK_STARPU;98304;2048;5;8;4;13.88669700
hotspot;PARALLEL_BACK_STARPU;16384;1024;5;4;4;7.09063196
hotspot;PARALLEL_BACK_STARPU;16384;1024;5;10;2;8.16714859
nbody;PARALLEL_BACK_STARPU;98304;2048;5;16;3;18.25997300
hotspot;PARALLEL_BACK_STARPU;16384;1024;5;4;3;6.85829496
nbody;PARALLEL_BACK_STARPU;98304;2048;5;24;3;13.45195300
nbody;PARALLEL_BACK_STARPU;98304;2048;5;24;3;14.34477700
nbody;PARALLEL_BACK_STARPU;98304;2048;5;12;2;22.00358400
hotspot;PARALLEL_BACK_STARPU;16384;1024;5;2;4;7.10245800
nbody;PARALLEL_BACK_STARPU;98304;2048;5;8;4;14.44267300
hotspot;PARALLEL_BACK_STARPU;16384;1024;5;2;3;6.77995920
hotspot;PARALLEL_BACK_STARPU;16384;1024;5;14;3;9.09611416
hotspot;PARALLEL_BACK_STARPU;16384;1024;5;20;4;8.59826088
hotspot;PARALLEL_BACK_STARPU;16384;1024;5;0;4;7.04908609
hotspot;PARALLEL_BACK_STARPU;16384;1024;5;22;3;7.64966106
nbody;PARALLEL_BACK_STARPU;98304;2048;5;16;3;18.82726400
hotspot;PARALLEL_BACK_STARPU;16384;1024;5;12;2;8.37925053
hotspot;PARALLEL_BACK_STARPU;16384;1024;5;20;1;13.47299480
hotspot;PARALLEL_BACK_STARPU;16384;1024;5;8;1;13.13230515
nbody;PARALLEL_BACK_STARPU;98304;2048;5;6;2;24.65518900
nbody;PARALLEL_BACK_STARPU;98304;2048;5;22;0;34.07554600
hotspot;PARALLEL_BACK_STARPU;16384;1024;5;16;2;10.89300346
hotspot;PARALLEL_BACK_STARPU;16384;1024;5;12;3;12.26925468
nbody;PARALLEL_BACK_STARPU;98304;2048;5;28;1;21.15613900
nbody;PARALLEL_BACK_STARPU;98304;2048;5;16;2;22.29255800
nbody;PARALLEL_BACK_STARPU;98304;2048;5;8;0;65.89604500
hotspot;PARALLEL_BACK_STARPU;16384;1024;5;16;2;11.24810791
nbody;PARALLEL_BACK_STARPU;98304;2048;5;20;4;12.13674300
nbody;PARALLEL_BACK_STARPU;98304;2048;5;26;3;21.33248200
nbody;PARALLEL_BACK_STARPU;98304;2048;5;22;0;33.72010200
hotspot;PARALLEL_BACK_STARPU;16384;1024;5;6;1;13.18231964
nbody;PARALLEL_BACK_STARPU;98304;2048;5;20;0;39.30968100
hotspot;PARALLEL_BACK_STARPU;16384;1024;5;2;0;325.76931763
nbody;PARALLEL_BACK_STARPU;98304;2048;5;2;0;251.79824800
nbody;PARALLEL_BACK_STARPU;98304;2048;5;18;4;13.14296700
nbody;PARALLEL_BACK_STARPU;98304;2048;5;24;3;12.88352500
hotspot;PARALLEL_BACK_STARPU;16384;1024;5;26;0;35.38034439
nbody;PARALLEL_BACK_STARPU;98304;2048;5;26;2;15.96350300
hotspot;PARALLEL_BACK_STARPU;16384;1024;5;0;2;8.49075985
hotspot;PARALLEL_BACK_STARPU;16384;1024;5;20;2;9.54704475
hotspot;PARALLEL_BACK_STARPU;16384;1024;5;8;0;81.93164825
nbody;PARALLEL_BACK_STARPU;98304;2048;5;10;2;21.27886400
hotspot;PARALLEL_BACK_STARPU;16384;1024;5;26;1;12.21491241
nbody;PARALLEL_BACK_STARPU;98304;2048;5;26;1;21.68093400
hotspot;PARALLEL_BACK_STARPU;16384;1024;5;0;4;7.00445604
nbody;PARALLEL_BACK_STARPU;98304;2048;5;20;1;25.87222100
nbody;PARALLEL_BACK_STARPU;98304;2048;5;28;1;21.31611800
nbody;PARALLEL_BACK_STARPU;98304;2048;5;20;4;11.77675700
hotspot;PARALLEL_BACK_STARPU;16384;1024;5;2;1;14.17729187
hotspot;PARALLEL_BACK_STARPU;16384;1024;5;2;1;14.20391846
hotspot;PARALLEL_BACK_STARPU;16384;1024;5;4;4;7.06503105
nbody;PARALLEL_BACK_STARPU;98304;2048;5;8;4;14.47999100
hotspot;PARALLEL_BACK_STARPU;16384;1024;5;24;4;8.39302540
hotspot;PARALLEL_BACK_STARPU;16384;1024;5;8;4;7.22271919
nbody;PARALLEL_BACK_STARPU;98304;2048;5;12;1;29.64017000
hotspot;PARALLEL_BACK_STARPU;16384;1024;5;22;4;8.12551975
hotspot;PARALLEL_BACK_STARPU;16384;1024;5;22;4;8.64839172
hotspot;PARALLEL_BACK_STARPU;16384;1024;5;16;3;9.54840374
hotspot;PARALLEL_BACK_STARPU;16384;1024;5;24;0;38.81555939
hotspot;PARALLEL_BACK_STARPU;16384;1024;5;2;2;8.36702919
nbody;PARALLEL_BACK_STARPU;98304;2048;5;0;3;20.14093400
hotspot;PARALLEL_BACK_STARPU;16384;1024;5;4;1;14.20887756
hotspot;PARALLEL_BACK_STARPU;16384;1024;5;6;1;13.21022129
hotspot;PARALLEL_BACK_STARPU;16384;1024;5;26;4;12.61292267
hotspot;PARALLEL_BACK_STARPU;16384;1024;5;12;2;8.47113800
nbody;PARALLEL_BACK_STARPU;98304;2048;5;22;0;34.23597100
hotspot;PARALLEL_BACK_STARPU;16384;1024;5;10;0;66.03522491
hotspot;PARALLEL_BACK_STARPU;16384;1024;5;18;3;9.01616669
hotspot;PARALLEL_BACK_STARPU;16384;1024;5;6;4;6.98875618
nbody;PARALLEL_BACK_STARPU;98304;2048;5;8;0;67.18050900
nbody;PARALLEL_BACK_STARPU;98304;2048;5;2;4;14.47829500
hotspot;PARALLEL_BACK_STARPU;16384;1024;5;0;3;6.81340599
hotspot;PARALLEL_BACK_STARPU;16384;1024;5;8;3;6.87814713
nbody;PARALLEL_BACK_STARPU;98304;2048;5;6;4;14.49957200
nbody;PARALLEL_BACK_STARPU;98304;2048;5;2;0;249.76030700
nbody;PARALLEL_BACK_STARPU;98304;2048;5;24;1;22.87640000
nbody;PARALLEL_BACK_STARPU;98304;2048;5;14;0;47.45018200
hotspot;PARALLEL_BACK_STARPU;16384;1024;5;6;1;13.16924286
hotspot;PARALLEL_BACK_STARPU;16384;1024;5;4;4;7.03967905
hotspot;PARALLEL_BACK_STARPU;16384;1024;5;26;4;12.63548946
hotspot;PARALLEL_BACK_STARPU;16384;1024;5;12;1;12.62537003
nbody;PARALLEL_BACK_STARPU;98304;2048;5;0;2;30.01511800
nbody;PARALLEL_BACK_STARPU;98304;2048;5;26;4;19.69242500
hotspot;PARALLEL_BACK_STARPU;16384;1024;5;26;4;13.14443684
hotspot;PARALLEL_BACK_STARPU;16384;1024;5;10;3;6.69809723
nbody;PARALLEL_BACK_STARPU;98304;2048;5;10;2;21.77083700
hotspot;PARALLEL_BACK_STARPU;16384;1024;5;2;4;7.07118416
hotspot;PARALLEL_BACK_STARPU;16384;1024;5;8;3;6.74353123
hotspot;PARALLEL_BACK_STARPU;16384;1024;5;10;4;6.99956799
hotspot;PARALLEL_BACK_STARPU;16384;1024;5;0;2;8.56560802
hotspot;PARALLEL_BACK_STARPU;16384;1024;5;26;2;8.90313721
hotspot;PARALLEL_BACK_STARPU;16384;1024;5;18;3;8.73192406
hotspot;PARALLEL_BACK_STARPU;16384;1024;5;2;3;6.81842709
nbody;PARALLEL_BACK_STARPU;98304;2048;5;28;0;28.59255700
nbody;PARALLEL_BACK_STARPU;98304;2048;5;16;4;16.59265100
hotspot;PARALLEL_BACK_STARPU;16384;1024;5;4;1;14.09594154
hotspot;PARALLEL_BACK_STARPU;16384;1024;5;0;4;7.10871792
nbody;PARALLEL_BACK_STARPU;98304;2048;5;16;3;18.76351200
nbody;PARALLEL_BACK_STARPU;98304;2048;5;12;1;29.78229200
nbody;PARALLEL_BACK_STARPU;98304;2048;5;10;4;13.95806500
hotspot;PARALLEL_BACK_STARPU;16384;1024;5;10;3;6.77338505
hotspot;PARALLEL_BACK_STARPU;16384;1024;5;18;3;8.73590755
nbody;PARALLEL_BACK_STARPU;98304;2048;5;24;4;11.23836500
hotspot;PARALLEL_BACK_STARPU;16384;1024;5;2;0;325.77786255
nbody;PARALLEL_BACK_STARPU;98304;2048;5;26;0;29.82753800
hotspot;PARALLEL_BACK_STARPU;16384;1024;5;28;2;14.70339489
hotspot;PARALLEL_BACK_STARPU;16384;1024;5;16;4;9.80167294
nbody;PARALLEL_BACK_STARPU;98304;2048;5;10;1;30.24939900
hotspot;PARALLEL_BACK_STARPU;16384;1024;5;8;2;8.02192020
nbody;PARALLEL_BACK_STARPU;98304;2048;5;0;4;15.03519300
nbody;PARALLEL_BACK_STARPU;98304;2048;5;20;1;26.32916100
hotspot;PARALLEL_BACK_STARPU;16384;1024;5;2;3;6.77408314
hotspot;PARALLEL_BACK_STARPU;16384;1024;5;24;4;8.18341923
hotspot;PARALLEL_BACK_STARPU;16384;1024;5;14;2;10.41696930
hotspot;PARALLEL_BACK_STARPU;16384;1024;5;12;4;9.79309464
hotspot;PARALLEL_BACK_STARPU;16384;1024;5;26;1;12.47479439
hotspot;PARALLEL_BACK_STARPU;16384;1024;5;26;2;8.86502743
nbody;PARALLEL_BACK_STARPU;98304;2048;5;28;1;20.76809300
nbody;PARALLEL_BACK_STARPU;98304;2048;5;22;3;13.98596000
hotspot;PARALLEL_BACK_STARPU;16384;1024;5;28;3;13.63313675
nbody;PARALLEL_BACK_STARPU;98304;2048;5;6;1;37.84518300
nbody;PARALLEL_BACK_STARPU;98304;2048;5;2;2;28.98254000
nbody;PARALLEL_BACK_STARPU;98304;2048;5;14;3;19.17636800
hotspot;PARALLEL_BACK_STARPU;16384;1024;5;4;2;8.42287731
nbody;PARALLEL_BACK_STARPU;98304;2048;5;6;2;24.84986200
hotspot;PARALLEL_BACK_STARPU;16384;1024;5;14;1;18.58615112
hotspot;PARALLEL_BACK_STARPU;16384;1024;5;18;1;13.68151760
nbody;PARALLEL_BACK_STARPU;98304;2048;5;6;1;37.78047000
nbody;PARALLEL_BACK_STARPU;98304;2048;5;4;1;45.93153800
hotspot;PARALLEL_BACK_STARPU;16384;1024;5;0;3;6.83619881
hotspot;PARALLEL_BACK_STARPU;16384;1024;5;12;0;55.61505890
hotspot;PARALLEL_BACK_STARPU;16384;1024;5;10;2;8.19673920
hotspot;PARALLEL_BACK_STARPU;16384;1024;5;16;2;10.69134712
nbody;PARALLEL_BACK_STARPU;98304;2048;5;12;4;13.20835300
nbody;PARALLEL_BACK_STARPU;98304;2048;5;4;1;43.68148900
hotspot;PARALLEL_BACK_STARPU;16384;1024;5;14;2;10.58254528
nbody;PARALLEL_BACK_STARPU;98304;2048;5;18;0;38.21805000
hotspot;PARALLEL_BACK_STARPU;16384;1024;5;24;3;7.14767599
nbody;PARALLEL_BACK_STARPU;98304;2048;5;6;1;36.82030800
hotspot;PARALLEL_BACK_STARPU;16384;1024;5;22;2;8.69380760
nbody;PARALLEL_BACK_STARPU;98304;2048;5;2;1;51.26985400
nbody;PARALLEL_BACK_STARPU;98304;2048;5;24;0;33.09956800
hotspot;PARALLEL_BACK_STARPU;16384;1024;5;12;3;13.27598953
nbody;PARALLEL_BACK_STARPU;98304;2048;5;0;2;30.24832300
nbody;PARALLEL_BACK_STARPU;98304;2048;5;28;0;28.34814600
nbody;PARALLEL_BACK_STARPU;98304;2048;5;22;0;33.62806700
nbody;PARALLEL_BACK_STARPU;98304;2048;5;4;2;25.45949800
hotspot;PARALLEL_BACK_STARPU;16384;1024;5;2;0;325.77215576
hotspot;PARALLEL_BACK_STARPU;16384;1024;5;28;4;13.46661472
nbody;PARALLEL_BACK_STARPU;98304;2048;5;20;0;38.92409900
nbody;PARALLEL_BACK_STARPU;98304;2048;5;10;3;16.63746600
hotspot;PARALLEL_BACK_STARPU;16384;1024;5;22;3;7.50716782
nbody;PARALLEL_BACK_STARPU;98304;2048;5;24;2;16.47648600
hotspot;PARALLEL_BACK_STARPU;16384;1024;5;24;3;7.41205883
nbody;PARALLEL_BACK_STARPU;98304;2048;5;24;2;16.74062600
hotspot;PARALLEL_BACK_STARPU;16384;1024;5;16;4;9.93001175
hotspot;PARALLEL_BACK_STARPU;16384;1024;5;4;1;14.20599461
hotspot;PARALLEL_BACK_STARPU;16384;1024;5;12;1;12.70305729
nbody;PARALLEL_BACK_STARPU;98304;2048;5;4;1;43.02989400
hotspot;PARALLEL_BACK_STARPU;16384;1024;5;22;1;12.52982044
nbody;PARALLEL_BACK_STARPU;98304;2048;5;18;0;36.85815800
nbody;PARALLEL_BACK_STARPU;98304;2048;5;22;4;12.13376400
hotspot;PARALLEL_BACK_STARPU;16384;1024;5;0;1;14.67971516
nbody;PARALLEL_BACK_STARPU;98304;2048;5;20;4;11.75196400
hotspot;PARALLEL_BACK_STARPU;16384;1024;5;22;2;8.92671394
nbody;PARALLEL_BACK_STARPU;98304;2048;5;4;4;13.84755300
nbody;PARALLEL_BACK_STARPU;98304;2048;5;12;4;13.24804400
hotspot;PARALLEL_BACK_STARPU;16384;1024;5;2;2;8.42806244
nbody;PARALLEL_BACK_STARPU;98304;2048;5;20;2;19.21254700
hotspot;PARALLEL_BACK_STARPU;16384;1024;5;8;2;8.30369663
nbody;PARALLEL_BACK_STARPU;98304;2048;5;24;1;23.01544000
hotspot;PARALLEL_BACK_STARPU;16384;1024;5;26;0;36.16381073
hotspot;PARALLEL_BACK_STARPU;16384;1024;5;18;1;14.25244427
nbody;PARALLEL_BACK_STARPU;98304;2048;5;8;1;33.95142900
nbody;PARALLEL_BACK_STARPU;98304;2048;5;8;4;14.19064600
nbody;PARALLEL_BACK_STARPU;98304;2048;5;6;0;90.62188300
hotspot;PARALLEL_BACK_STARPU;16384;1024;5;16;0;50.51104736
nbody;PARALLEL_BACK_STARPU;98304;2048;5;8;0;65.04085100
hotspot;PARALLEL_BACK_STARPU;16384;1024;5;14;0;47.83489227
nbody;PARALLEL_BACK_STARPU;98304;2048;5;10;1;30.95456600
hotspot;PARALLEL_BACK_STARPU;16384;1024;5;10;1;12.68704224
nbody;PARALLEL_BACK_STARPU;98304;2048;5;28;3;13.51660300
hotspot;PARALLEL_BACK_STARPU;16384;1024;5;28;4;13.46457863
nbody;PARALLEL_BACK_STARPU;98304;2048;5;0;4;15.09628400
hotspot;PARALLEL_BACK_STARPU;16384;1024;5;6;0;108.73911285
hotspot;PARALLEL_BACK_STARPU;16384;1024;5;26;3;10.29620266
nbody;PARALLEL_BACK_STARPU;98304;2048;5;2;4;14.58322900
nbody;PARALLEL_BACK_STARPU;98304;2048;5;28;4;12.07692200
nbody;PARALLEL_BACK_STARPU;98304;2048;5;6;0;92.44441900
nbody;PARALLEL_BACK_STARPU;98304;2048;5;16;2;21.62465500
nbody;PARALLEL_BACK_STARPU;98304;2048;5;20;3;14.72771900
hotspot;PARALLEL_BACK_STARPU;16384;1024;5;8;3;6.89456701
nbody;PARALLEL_BACK_STARPU;98304;2048;5;26;1;21.74782600
nbody;PARALLEL_BACK_STARPU;98304;2048;5;18;1;23.79618000
nbody;PARALLEL_BACK_STARPU;98304;2048;5;6;2;23.24400300
nbody;PARALLEL_BACK_STARPU;98304;2048;5;10;0;68.62776700
nbody;PARALLEL_BACK_STARPU;98304;2048;5;6;3;17.28086000
hotspot;PARALLEL_BACK_STARPU;16384;1024;5;4;3;6.76561785
hotspot;PARALLEL_BACK_STARPU;16384;1024;5;28;0;32.77345657
hotspot;PARALLEL_BACK_STARPU;16384;1024;5;22;1;12.34144402
nbody;PARALLEL_BACK_STARPU;98304;2048;5;14;3;18.14812500
hotspot;PARALLEL_BACK_STARPU;16384;1024;5;8;3;6.83124208
hotspot;PARALLEL_BACK_STARPU;16384;1024;5;20;3;7.99078512
nbody;PARALLEL_BACK_STARPU;98304;2048;5;2;0;250.82105000
hotspot;PARALLEL_BACK_STARPU;16384;1024;5;14;3;8.80346394
hotspot;PARALLEL_BACK_STARPU;16384;1024;5;28;3;13.13243580
hotspot;PARALLEL_BACK_STARPU;16384;1024;5;16;4;9.53612709
nbody;PARALLEL_BACK_STARPU;98304;2048;5;24;1;22.25852500
hotspot;PARALLEL_BACK_STARPU;16384;1024;5;24;3;7.26640987
nbody;PARALLEL_BACK_STARPU;98304;2048;5;0;2;29.97170800
nbody;PARALLEL_BACK_STARPU;98304;2048;5;4;3;18.73778500
nbody;PARALLEL_BACK_STARPU;98304;2048;5;24;0;32.63926200
nbody;PARALLEL_BACK_STARPU;98304;2048;5;14;1;32.26845600
hotspot;PARALLEL_BACK_STARPU;16384;1024;5;4;3;6.99940586
nbody;PARALLEL_BACK_STARPU;98304;2048;5;26;3;21.42049300
hotspot;PARALLEL_BACK_STARPU;16384;1024;5;4;4;7.02648592
nbody;PARALLEL_BACK_STARPU;98304;2048;5;22;2;17.28624100
nbody;PARALLEL_BACK_STARPU;98304;2048;5;16;2;22.08233100
hotspot;PARALLEL_BACK_STARPU;16384;1024;5;20;3;7.82393885
nbody;PARALLEL_BACK_STARPU;98304;2048;5;2;2;28.64392700
hotspot;PARALLEL_BACK_STARPU;16384;1024;5;12;4;9.05023384
nbody;PARALLEL_BACK_STARPU;98304;2048;5;20;3;14.83919900
nbody;PARALLEL_BACK_STARPU;98304;2048;5;2;2;29.39500100
nbody;PARALLEL_BACK_STARPU;98304;2048;5;18;3;15.42636400
nbody;PARALLEL_BACK_STARPU;98304;2048;5;26;2;17.62472600
nbody;PARALLEL_BACK_STARPU;98304;2048;5;8;2;23.65679000
hotspot;PARALLEL_BACK_STARPU;16384;1024;5;26;0;35.94679642
hotspot;PARALLEL_BACK_STARPU;16384;1024;5;10;2;8.14101315
hotspot;PARALLEL_BACK_STARPU;16384;1024;5;10;3;6.96787310
nbody;PARALLEL_BACK_STARPU;98304;2048;5;12;3;15.39442100
hotspot;PARALLEL_BACK_STARPU;16384;1024;5;14;4;8.68816757
hotspot;PARALLEL_BACK_STARPU;16384;1024;5;4;2;8.29897594
nbody;PARALLEL_BACK_STARPU;98304;2048;5;28;1;20.92825000
hotspot;PARALLEL_BACK_STARPU;16384;1024;5;28;3;14.11564255
hotspot;PARALLEL_BACK_STARPU;16384;1024;5;20;1;13.53975010
hotspot;PARALLEL_BACK_STARPU;16384;1024;5;14;4;8.70975494
hotspot;PARALLEL_BACK_STARPU;16384;1024;5;16;1;16.17403412
nbody;PARALLEL_BACK_STARPU;98304;2048;5;12;0;55.88751900
nbody;PARALLEL_BACK_STARPU;98304;2048;5;2;0;249.77604600
nbody;PARALLEL_BACK_STARPU;98304;2048;5;2;1;48.07738500
hotspot;PARALLEL_BACK_STARPU;16384;1024;5;22;3;7.46190119
nbody;PARALLEL_BACK_STARPU;98304;2048;5;20;0;38.16826500
hotspot;PARALLEL_BACK_STARPU;16384;1024;5;2;1;14.10630226
nbody;PARALLEL_BACK_STARPU;98304;2048;5;18;2;18.80587400
nbody;PARALLEL_BACK_STARPU;98304;2048;5;22;0;33.18750900
hotspot;PARALLEL_BACK_STARPU;16384;1024;5;12;1;12.68613815
nbody;PARALLEL_BACK_STARPU;98304;2048;5;18;4;13.15663500
nbody;PARALLEL_BACK_STARPU;98304;2048;5;12;1;29.28376000
hotspot;PARALLEL_BACK_STARPU;16384;1024;5;22;2;8.59480381
hotspot;PARALLEL_BACK_STARPU;16384;1024;5;22;2;8.49619675
hotspot;PARALLEL_BACK_STARPU;16384;1024;5;0;1;14.68891811
nbody;PARALLEL_BACK_STARPU;98304;2048;5;18;1;23.92063800
hotspot;PARALLEL_BACK_STARPU;16384;1024;5;4;0;204.38302612
hotspot;PARALLEL_BACK_STARPU;16384;1024;5;10;1;12.70550728
hotspot;PARALLEL_BACK_STARPU;16384;1024;5;16;0;48.16537476
nbody;PARALLEL_BACK_STARPU;98304;2048;5;8;3;16.07981300
nbody;PARALLEL_BACK_STARPU;98304;2048;5;20;0;38.65273700
hotspot;PARALLEL_BACK_STARPU;16384;1024;5;18;1;14.09149265
hotspot;PARALLEL_BACK_STARPU;16384;1024;5;6;3;6.61604881
nbody;PARALLEL_BACK_STARPU;98304;2048;5;20;4;11.56220400
nbody;PARALLEL_BACK_STARPU;98304;2048;5;18;3;16.23077800
hotspot;PARALLEL_BACK_STARPU;16384;1024;5;0;1;14.68548870
hotspot;PARALLEL_BACK_STARPU;16384;1024;5;14;1;14.86059666
hotspot;PARALLEL_BACK_STARPU;16384;1024;5;26;3;10.43466568
nbody;PARALLEL_BACK_STARPU;98304;2048;5;12;3;15.43505400
nbody;PARALLEL_BACK_STARPU;98304;2048;5;8;2;22.17510000
nbody;PARALLEL_BACK_STARPU;98304;2048;5;10;1;30.81984800
hotspot;PARALLEL_BACK_STARPU;16384;1024;5;18;4;8.87513161
nbody;PARALLEL_BACK_STARPU;98304;2048;5;8;0;66.45860800
hotspot;PARALLEL_BACK_STARPU;16384;1024;5;18;4;8.97201538
hotspot;PARALLEL_BACK_STARPU;16384;1024;5;28;3;14.24635506
hotspot;PARALLEL_BACK_STARPU;16384;1024;5;12;2;8.18615341
nbody;PARALLEL_BACK_STARPU;98304;2048;5;0;2;30.42484700
hotspot;PARALLEL_BACK_STARPU;16384;1024;5;12;4;9.66613960
nbody;PARALLEL_BACK_STARPU;98304;2048;5;6;2;23.97541700
nbody;PARALLEL_BACK_STARPU;98304;2048;5;2;1;51.23316800
nbody;PARALLEL_BACK_STARPU;98304;2048;5;28;4;11.83831300
nbody;PARALLEL_BACK_STARPU;98304;2048;5;10;3;16.12446800
hotspot;PARALLEL_BACK_STARPU;16384;1024;5;12;3;11.15492821
nbody;PARALLEL_BACK_STARPU;98304;2048;5;4;2;27.03213100
nbody;PARALLEL_BACK_STARPU;98304;2048;5;20;1;26.89964500
hotspot;PARALLEL_BACK_STARPU;16384;1024;5;16;2;10.74442005
hotspot;PARALLEL_BACK_STARPU;16384;1024;5;16;4;9.64440346
hotspot;PARALLEL_BACK_STARPU;16384;1024;5;18;0;45.68664932
hotspot;PARALLEL_BACK_STARPU;16384;1024;5;24;3;7.76855516
nbody;PARALLEL_BACK_STARPU;98304;2048;5;10;2;21.28646200
nbody;PARALLEL_BACK_STARPU;98304;2048;5;12;3;15.63551900
hotspot;PARALLEL_BACK_STARPU;16384;1024;5;2;3;6.78553104
hotspot;PARALLEL_BACK_STARPU;16384;1024;5;12;4;9.30455875
hotspot;PARALLEL_BACK_STARPU;16384;1024;5;6;2;8.13698101
hotspot;PARALLEL_BACK_STARPU;16384;1024;5;12;4;9.69486618
hotspot;PARALLEL_BACK_STARPU;16384;1024;5;14;4;8.73487759
hotspot;PARALLEL_BACK_STARPU;16384;1024;5;4;4;7.04679918
hotspot;PARALLEL_BACK_STARPU;16384;1024;5;8;2;8.48933792
hotspot;PARALLEL_BACK_STARPU;16384;1024;5;0;4;7.09078789
hotspot;PARALLEL_BACK_STARPU;16384;1024;5;26;4;12.60523605
nbody;PARALLEL_BACK_STARPU;98304;2048;5;28;2;16.54007300
hotspot;PARALLEL_BACK_STARPU;16384;1024;5;28;0;31.75347519
hotspot;PARALLEL_BACK_STARPU;16384;1024;5;12;3;10.92532063
hotspot;PARALLEL_BACK_STARPU;16384;1024;5;8;4;7.21401882
nbody;PARALLEL_BACK_STARPU;98304;2048;5;22;1;23.25750400
hotspot;PARALLEL_BACK_STARPU;16384;1024;5;10;3;6.87014580
hotspot;PARALLEL_BACK_STARPU;16384;1024;5;16;0;47.14537048
hotspot;PARALLEL_BACK_STARPU;16384;1024;5;8;4;7.02153683
nbody;PARALLEL_BACK_STARPU;98304;2048;5;4;4;13.85014700
hotspot;PARALLEL_BACK_STARPU;16384;1024;5;4;3;6.72052383
nbody;PARALLEL_BACK_STARPU;98304;2048;5;28;0;28.35582100
nbody;PARALLEL_BACK_STARPU;98304;2048;5;24;0;32.75954200
hotspot;PARALLEL_BACK_STARPU;16384;1024;5;12;4;9.82357025
