cdf_solver;PARALLEL_BACK_STARPU;163840;2048;100;25;3;51.88909900
cdf_solver;PARALLEL_BACK_STARPU;147456;2048;100;24;4;62.51291300
cdf_solver;PARALLEL_BACK_STARPU;163840;2048;100;25;3;48.31613600
cdf_solver;PARALLEL_BACK_STARPU;98304;2048;100;0;4;5.19084800
cdf_solver;PARALLEL_BACK_STARPU;98304;2048;100;26;2;38.50999200
cdf_solver;PARALLEL_BACK_STARPU;163840;2048;100;28;0;18.91701000
cdf_solver;PARALLEL_BACK_STARPU;163840;2048;100;24;4;55.54502100
cdf_solver;PARALLEL_BACK_STARPU;114688;2048;100;28;0;13.15631400
cdf_solver;PARALLEL_BACK_STARPU;114688;2048;100;0;1;16.45368400
cdf_solver;PARALLEL_BACK_STARPU;114688;2048;100;0;2;9.35631300
cdf_solver;PARALLEL_BACK_STARPU;163840;2048;100;27;1;15.57683600
cdf_solver;PARALLEL_BACK_STARPU;147456;2048;100;0;1;21.28774600
cdf_solver;PARALLEL_BACK_STARPU;98304;2048;100;0;1;13.97428700
cdf_solver;PARALLEL_BACK_STARPU;98304;2048;100;24;4;48.53504700
cdf_solver;PARALLEL_BACK_STARPU;98304;2048;100;0;1;14.13182100
cdf_solver;PARALLEL_BACK_STARPU;114688;2048;100;0;1;16.23664100
cdf_solver;PARALLEL_BACK_STARPU;131072;2048;100;25;3;54.32372700
cdf_solver;PARALLEL_BACK_STARPU;163840;2048;100;0;2;13.92344200
cdf_solver;PARALLEL_BACK_STARPU;163840;2048;100;0;3;10.11056300
cdf_solver;PARALLEL_BACK_STARPU;163840;2048;100;28;0;18.85940000
cdf_solver;PARALLEL_BACK_STARPU;163840;2048;100;27;1;16.20211500
cdf_solver;PARALLEL_BACK_STARPU;163840;2048;100;26;2;46.03763600
cdf_solver;PARALLEL_BACK_STARPU;163840;2048;100;27;1;14.76457200
cdf_solver;PARALLEL_BACK_STARPU;147456;2048;100;27;1;13.85090000
cdf_solver;PARALLEL_BACK_STARPU;114688;2048;100;26;2;43.94615200
cdf_solver;PARALLEL_BACK_STARPU;163840;2048;100;24;4;55.38664600
cdf_solver;PARALLEL_BACK_STARPU;163840;2048;100;25;3;54.55480700
cdf_solver;PARALLEL_BACK_STARPU;163840;2048;100;24;4;55.22115200
cdf_solver;PARALLEL_BACK_STARPU;98304;2048;100;25;3;54.21222700
cdf_solver;PARALLEL_BACK_STARPU;147456;2048;100;27;1;13.87535800
cdf_solver;PARALLEL_BACK_STARPU;98304;2048;100;0;2;8.18758100
cdf_solver;PARALLEL_BACK_STARPU;114688;2048;100;0;4;5.98958200
cdf_solver;PARALLEL_BACK_STARPU;147456;2048;100;25;3;50.30859900
cdf_solver;PARALLEL_BACK_STARPU;147456;2048;100;27;1;14.07487700
cdf_solver;PARALLEL_BACK_STARPU;98304;2048;100;28;0;12.62546400
cdf_solver;PARALLEL_BACK_STARPU;147456;2048;100;24;4;56.08618000
cdf_solver;PARALLEL_BACK_STARPU;163840;2048;100;25;3;51.36970500
cdf_solver;PARALLEL_BACK_STARPU;98304;2048;100;0;1;14.08861600
cdf_solver;PARALLEL_BACK_STARPU;147456;2048;100;24;4;60.21096700
cdf_solver;PARALLEL_BACK_STARPU;147456;2048;100;27;1;14.15891300
cdf_solver;PARALLEL_BACK_STARPU;163840;2048;100;24;4;60.41447500
cdf_solver;PARALLEL_BACK_STARPU;131072;2048;100;25;3;52.88817400
cdf_solver;PARALLEL_BACK_STARPU;98304;2048;100;25;3;43.65576400
cdf_solver;PARALLEL_BACK_STARPU;147456;2048;100;0;1;20.89194400
cdf_solver;PARALLEL_BACK_STARPU;98304;2048;100;27;1;9.09020600
cdf_solver;PARALLEL_BACK_STARPU;98304;2048;100;27;1;10.91804800
cdf_solver;PARALLEL_BACK_STARPU;98304;2048;100;0;2;8.21216600
cdf_solver;PARALLEL_BACK_STARPU;114688;2048;100;24;4;56.13072200
cdf_solver;PARALLEL_BACK_STARPU;98304;2048;100;26;2;39.27137300
cdf_solver;PARALLEL_BACK_STARPU;163840;2048;100;24;4;66.91373400
cdf_solver;PARALLEL_BACK_STARPU;114688;2048;100;25;3;52.01331800
cdf_solver;PARALLEL_BACK_STARPU;147456;2048;100;25;3;55.77679500
cdf_solver;PARALLEL_BACK_STARPU;163840;2048;100;25;3;49.32970500
cdf_solver;PARALLEL_BACK_STARPU;147456;2048;100;0;4;7.58013400
cdf_solver;PARALLEL_BACK_STARPU;163840;2048;100;26;2;46.04528400
cdf_solver;PARALLEL_BACK_STARPU;131072;2048;100;27;1;12.61074300
cdf_solver;PARALLEL_BACK_STARPU;163840;2048;100;0;4;8.42445400
cdf_solver;PARALLEL_BACK_STARPU;163840;2048;100;24;4;60.78113600
cdf_solver;PARALLEL_BACK_STARPU;163840;2048;100;0;3;9.85393900
cdf_solver;PARALLEL_BACK_STARPU;163840;2048;100;28;0;18.90056600
cdf_solver;PARALLEL_BACK_STARPU;131072;2048;100;27;1;12.17016500
cdf_solver;PARALLEL_BACK_STARPU;114688;2048;100;0;2;9.26941100
cdf_solver;PARALLEL_BACK_STARPU;163840;2048;100;0;3;10.13567000
cdf_solver;PARALLEL_BACK_STARPU;147456;2048;100;0;4;7.55313700
cdf_solver;PARALLEL_BACK_STARPU;98304;2048;100;0;2;8.36307000
cdf_solver;PARALLEL_BACK_STARPU;147456;2048;100;0;3;8.98683900
cdf_solver;PARALLEL_BACK_STARPU;147456;2048;100;0;2;12.46040300
cdf_solver;PARALLEL_BACK_STARPU;163840;2048;100;28;0;18.90904900
cdf_solver;PARALLEL_BACK_STARPU;147456;2048;100;0;1;20.87773600
cdf_solver;PARALLEL_BACK_STARPU;147456;2048;100;26;2;42.97047600
cdf_solver;PARALLEL_BACK_STARPU;163840;2048;100;26;2;50.23882300
cdf_solver;PARALLEL_BACK_STARPU;98304;2048;100;0;4;5.25681300
cdf_solver;PARALLEL_BACK_STARPU;114688;2048;100;0;1;16.45764700
cdf_solver;PARALLEL_BACK_STARPU;98304;2048;100;0;1;14.18486800
cdf_solver;PARALLEL_BACK_STARPU;114688;2048;100;24;4;51.68902200
cdf_solver;PARALLEL_BACK_STARPU;98304;2048;100;26;2;47.22990000
cdf_solver;PARALLEL_BACK_STARPU;98304;2048;100;26;2;48.01508700
cdf_solver;PARALLEL_BACK_STARPU;147456;2048;100;28;0;18.71547000
cdf_solver;PARALLEL_BACK_STARPU;98304;2048;100;0;4;5.22672600
cdf_solver;PARALLEL_BACK_STARPU;114688;2048;100;0;3;7.05124700
cdf_solver;PARALLEL_BACK_STARPU;147456;2048;100;24;4;57.74005600
cdf_solver;PARALLEL_BACK_STARPU;131072;2048;100;25;3;55.43599900
cdf_solver;PARALLEL_BACK_STARPU;98304;2048;100;28;0;12.59129400
cdf_solver;PARALLEL_BACK_STARPU;114688;2048;100;27;1;10.30756500
cdf_solver;PARALLEL_BACK_STARPU;163840;2048;100;0;2;13.38331800
cdf_solver;PARALLEL_BACK_STARPU;114688;2048;100;25;3;54.72122900
cdf_solver;PARALLEL_BACK_STARPU;163840;2048;100;0;4;8.34272000
cdf_solver;PARALLEL_BACK_STARPU;98304;2048;100;25;3;48.02389700
cdf_solver;PARALLEL_BACK_STARPU;147456;2048;100;0;2;12.37318000
cdf_solver;PARALLEL_BACK_STARPU;98304;2048;100;26;2;48.63831700
cdf_solver;PARALLEL_BACK_STARPU;147456;2048;100;0;1;21.05160700
cdf_solver;PARALLEL_BACK_STARPU;114688;2048;100;0;4;6.03849300
cdf_solver;PARALLEL_BACK_STARPU;163840;2048;100;28;0;18.96063700
cdf_solver;PARALLEL_BACK_STARPU;147456;2048;100;0;4;7.52915600
cdf_solver;PARALLEL_BACK_STARPU;163840;2048;100;0;1;23.44193400
cdf_solver;PARALLEL_BACK_STARPU;147456;2048;100;0;1;21.69415600
cdf_solver;PARALLEL_BACK_STARPU;163840;2048;100;26;2;40.98793900
cdf_solver;PARALLEL_BACK_STARPU;114688;2048;100;27;1;11.53092100
cdf_solver;PARALLEL_BACK_STARPU;98304;2048;100;24;4;49.32098800
cdf_solver;PARALLEL_BACK_STARPU;114688;2048;100;0;1;16.46270100
cdf_solver;PARALLEL_BACK_STARPU;147456;2048;100;27;1;14.15625800
cdf_solver;PARALLEL_BACK_STARPU;147456;2048;100;0;1;21.49221200
cdf_solver;PARALLEL_BACK_STARPU;147456;2048;100;0;4;7.60226900
cdf_solver;PARALLEL_BACK_STARPU;147456;2048;100;27;1;13.65485000
cdf_solver;PARALLEL_BACK_STARPU;131072;2048;100;27;1;11.43278100
cdf_solver;PARALLEL_BACK_STARPU;147456;2048;100;27;1;13.78836400
cdf_solver;PARALLEL_BACK_STARPU;147456;2048;100;26;2;43.37023300
cdf_solver;PARALLEL_BACK_STARPU;98304;2048;100;0;1;14.14054800
cdf_solver;PARALLEL_BACK_STARPU;114688;2048;100;27;1;9.67951700
cdf_solver;PARALLEL_BACK_STARPU;163840;2048;100;0;3;9.74683200
cdf_solver;PARALLEL_BACK_STARPU;114688;2048;100;28;0;12.73483600
cdf_solver;PARALLEL_BACK_STARPU;98304;2048;100;0;1;14.11049900
cdf_solver;PARALLEL_BACK_STARPU;114688;2048;100;27;1;10.83064900
cdf_solver;PARALLEL_BACK_STARPU;147456;2048;100;0;4;7.52599300
cdf_solver;PARALLEL_BACK_STARPU;114688;2048;100;28;0;13.09672400
cdf_solver;PARALLEL_BACK_STARPU;98304;2048;100;0;1;14.12923300
cdf_solver;PARALLEL_BACK_STARPU;147456;2048;100;26;2;34.56797600
cdf_solver;PARALLEL_BACK_STARPU;163840;2048;100;27;1;14.79794000
cdf_solver;PARALLEL_BACK_STARPU;147456;2048;100;27;1;13.50372500
cdf_solver;PARALLEL_BACK_STARPU;147456;2048;100;0;1;21.65569400
cdf_solver;PARALLEL_BACK_STARPU;163840;2048;100;0;1;24.03310300
cdf_solver;PARALLEL_BACK_STARPU;147456;2048;100;28;0;18.72623700
cdf_solver;PARALLEL_BACK_STARPU;114688;2048;100;0;4;5.96408200
cdf_solver;PARALLEL_BACK_STARPU;114688;2048;100;26;2;50.14611800
cdf_solver;PARALLEL_BACK_STARPU;114688;2048;100;27;1;11.86508900
cdf_solver;PARALLEL_BACK_STARPU;98304;2048;100;28;0;12.58668100
cdf_solver;PARALLEL_BACK_STARPU;147456;2048;100;25;3;57.07585500
cdf_solver;PARALLEL_BACK_STARPU;163840;2048;100;24;4;53.01494100
cdf_solver;PARALLEL_BACK_STARPU;114688;2048;100;24;4;48.20693900
cdf_solver;PARALLEL_BACK_STARPU;163840;2048;100;0;4;8.38122500
cdf_solver;PARALLEL_BACK_STARPU;147456;2048;100;0;2;12.25625900
cdf_solver;PARALLEL_BACK_STARPU;147456;2048;100;0;3;9.14652700
cdf_solver;PARALLEL_BACK_STARPU;114688;2048;100;0;4;5.98113200
cdf_solver;PARALLEL_BACK_STARPU;98304;2048;100;0;3;6.22096100
cdf_solver;PARALLEL_BACK_STARPU;147456;2048;100;28;0;18.74691200
cdf_solver;PARALLEL_BACK_STARPU;163840;2048;100;0;3;9.80638200
cdf_solver;PARALLEL_BACK_STARPU;114688;2048;100;28;0;12.75457800
cdf_solver;PARALLEL_BACK_STARPU;147456;2048;100;26;2;49.98558700
cdf_solver;PARALLEL_BACK_STARPU;114688;2048;100;0;2;9.62590800
cdf_solver;PARALLEL_BACK_STARPU;163840;2048;100;0;1;23.33435100
cdf_solver;PARALLEL_BACK_STARPU;147456;2048;100;0;1;21.70071900
cdf_solver;PARALLEL_BACK_STARPU;147456;2048;100;0;2;11.90957900
cdf_solver;PARALLEL_BACK_STARPU;114688;2048;100;0;3;7.15944100
cdf_solver;PARALLEL_BACK_STARPU;114688;2048;100;0;3;7.13785700
cdf_solver;PARALLEL_BACK_STARPU;114688;2048;100;25;3;50.63266000
cdf_solver;PARALLEL_BACK_STARPU;114688;2048;100;26;2;45.96258300
cdf_solver;PARALLEL_BACK_STARPU;147456;2048;100;0;2;12.33931600
cdf_solver;PARALLEL_BACK_STARPU;163840;2048;100;26;2;38.49876500
cdf_solver;PARALLEL_BACK_STARPU;163840;2048;100;28;0;18.91810600
cdf_solver;PARALLEL_BACK_STARPU;163840;2048;100;0;3;9.95911600
cdf_solver;PARALLEL_BACK_STARPU;98304;2048;100;28;0;12.54038000
cdf_solver;PARALLEL_BACK_STARPU;147456;2048;100;26;2;41.90269300
cdf_solver;PARALLEL_BACK_STARPU;163840;2048;100;25;3;50.98705200
cdf_solver;PARALLEL_BACK_STARPU;114688;2048;100;0;2;9.45619700
cdf_solver;PARALLEL_BACK_STARPU;114688;2048;100;24;4;53.12273300
cdf_solver;PARALLEL_BACK_STARPU;114688;2048;100;0;2;9.32373300
cdf_solver;PARALLEL_BACK_STARPU;114688;2048;100;0;2;9.66531600
cdf_solver;PARALLEL_BACK_STARPU;163840;2048;100;0;3;10.14870700
cdf_solver;PARALLEL_BACK_STARPU;114688;2048;100;25;3;57.03382000
cdf_solver;PARALLEL_BACK_STARPU;114688;2048;100;0;3;6.95390100
cdf_solver;PARALLEL_BACK_STARPU;114688;2048;100;0;1;16.46829400
cdf_solver;PARALLEL_BACK_STARPU;98304;2048;100;24;4;54.61393400
cdf_solver;PARALLEL_BACK_STARPU;163840;2048;100;25;3;43.32517800
cdf_solver;PARALLEL_BACK_STARPU;114688;2048;100;28;0;12.74879500
cdf_solver;PARALLEL_BACK_STARPU;147456;2048;100;24;4;52.36461400
cdf_solver;PARALLEL_BACK_STARPU;147456;2048;100;27;1;14.23542500
cdf_solver;PARALLEL_BACK_STARPU;98304;2048;100;0;4;5.20313400
cdf_solver;PARALLEL_BACK_STARPU;147456;2048;100;0;2;11.97016500
cdf_solver;PARALLEL_BACK_STARPU;147456;2048;100;28;0;18.74889600
cdf_solver;PARALLEL_BACK_STARPU;98304;2048;100;0;3;6.13558400
cdf_solver;PARALLEL_BACK_STARPU;114688;2048;100;25;3;48.35715700
cdf_solver;PARALLEL_BACK_STARPU;163840;2048;100;27;1;15.61029800
cdf_solver;PARALLEL_BACK_STARPU;114688;2048;100;27;1;10.49664800
cdf_solver;PARALLEL_BACK_STARPU;147456;2048;100;28;0;18.69730700
cdf_solver;PARALLEL_BACK_STARPU;163840;2048;100;0;4;8.41975300
cdf_solver;PARALLEL_BACK_STARPU;98304;2048;100;26;2;44.14222200
cdf_solver;PARALLEL_BACK_STARPU;163840;2048;100;25;3;51.27754700
cdf_solver;PARALLEL_BACK_STARPU;98304;2048;100;0;1;14.11553000
cdf_solver;PARALLEL_BACK_STARPU;114688;2048;100;27;1;11.16816200
cdf_solver;PARALLEL_BACK_STARPU;98304;2048;100;25;3;51.49210300
cdf_solver;PARALLEL_BACK_STARPU;114688;2048;100;0;1;16.33807600
cdf_solver;PARALLEL_BACK_STARPU;147456;2048;100;0;2;11.75951800
cdf_solver;PARALLEL_BACK_STARPU;98304;2048;100;0;4;5.22389300
cdf_solver;PARALLEL_BACK_STARPU;147456;2048;100;0;1;21.40202500
cdf_solver;PARALLEL_BACK_STARPU;98304;2048;100;24;4;56.22787100
cdf_solver;PARALLEL_BACK_STARPU;114688;2048;100;27;1;9.58895500
cdf_solver;PARALLEL_BACK_STARPU;131072;2048;100;27;1;12.91419400
cdf_solver;PARALLEL_BACK_STARPU;98304;2048;100;26;2;23.71614000
cdf_solver;PARALLEL_BACK_STARPU;147456;2048;100;0;1;21.18051100
cdf_solver;PARALLEL_BACK_STARPU;131072;2048;100;27;1;11.50411300
cdf_solver;PARALLEL_BACK_STARPU;98304;2048;100;24;4;47.99435900
cdf_solver;PARALLEL_BACK_STARPU;98304;2048;100;27;1;9.11833100
cdf_solver;PARALLEL_BACK_STARPU;98304;2048;100;0;1;14.03632600
cdf_solver;PARALLEL_BACK_STARPU;147456;2048;100;0;2;12.01402100
cdf_solver;PARALLEL_BACK_STARPU;98304;2048;100;28;0;12.60730300
cdf_solver;PARALLEL_BACK_STARPU;163840;2048;100;0;4;8.42745200
cdf_solver;PARALLEL_BACK_STARPU;163840;2048;100;0;2;13.78973100
cdf_solver;PARALLEL_BACK_STARPU;147456;2048;100;0;3;9.19454400
cdf_solver;PARALLEL_BACK_STARPU;114688;2048;100;27;1;9.96807600
cdf_solver;PARALLEL_BACK_STARPU;163840;2048;100;0;4;8.32494500
cdf_solver;PARALLEL_BACK_STARPU;114688;2048;100;24;4;51.67554400
cdf_solver;PARALLEL_BACK_STARPU;147456;2048;100;26;2;35.70307100
cdf_solver;PARALLEL_BACK_STARPU;147456;2048;100;0;1;21.07472900
cdf_solver;PARALLEL_BACK_STARPU;163840;2048;100;24;4;55.20037800
cdf_solver;PARALLEL_BACK_STARPU;163840;2048;100;0;1;23.18477200
cdf_solver;PARALLEL_BACK_STARPU;147456;2048;100;27;1;12.91920500
cdf_solver;PARALLEL_BACK_STARPU;147456;2048;100;24;4;57.86331200
cdf_solver;PARALLEL_BACK_STARPU;147456;2048;100;24;4;56.13399500
cdf_solver;PARALLEL_BACK_STARPU;163840;2048;100;0;4;8.34227300
cdf_solver;PARALLEL_BACK_STARPU;163840;2048;100;0;2;13.90107800
cdf_solver;PARALLEL_BACK_STARPU;147456;2048;100;25;3;51.16912100
cdf_solver;PARALLEL_BACK_STARPU;98304;2048;100;25;3;48.29382500
cdf_solver;PARALLEL_BACK_STARPU;98304;2048;100;0;2;8.22666700
cdf_solver;PARALLEL_BACK_STARPU;114688;2048;100;25;3;51.68227400
cdf_solver;PARALLEL_BACK_STARPU;163840;2048;100;26;2;47.91473200
cdf_solver;PARALLEL_BACK_STARPU;147456;2048;100;28;0;18.69624700
cdf_solver;PARALLEL_BACK_STARPU;147456;2048;100;25;3;48.98753100
cdf_solver;PARALLEL_BACK_STARPU;98304;2048;100;0;4;5.20411600
cdf_solver;PARALLEL_BACK_STARPU;163840;2048;100;0;2;13.95225800
cdf_solver;PARALLEL_BACK_STARPU;163840;2048;100;0;1;23.58997200
cdf_solver;PARALLEL_BACK_STARPU;98304;2048;100;0;2;8.21217900
cdf_solver;PARALLEL_BACK_STARPU;114688;2048;100;24;4;49.84140400
cdf_solver;PARALLEL_BACK_STARPU;98304;2048;100;27;1;8.73997200
cdf_solver;PARALLEL_BACK_STARPU;98304;2048;100;27;1;8.97233900
cdf_solver;PARALLEL_BACK_STARPU;114688;2048;100;0;4;5.99453100
cdf_solver;PARALLEL_BACK_STARPU;163840;2048;100;0;3;9.96563700
cdf_solver;PARALLEL_BACK_STARPU;114688;2048;100;28;0;12.81684800
cdf_solver;PARALLEL_BACK_STARPU;163840;2048;100;0;4;8.32596400
cdf_solver;PARALLEL_BACK_STARPU;114688;2048;100;0;2;9.46747300
cdf_solver;PARALLEL_BACK_STARPU;98304;2048;100;27;1;9.54271700
cdf_solver;PARALLEL_BACK_STARPU;147456;2048;100;0;1;21.26337300
cdf_solver;PARALLEL_BACK_STARPU;131072;2048;100;25;3;54.98158200
cdf_solver;PARALLEL_BACK_STARPU;147456;2048;100;0;3;9.16682200
cdf_solver;PARALLEL_BACK_STARPU;114688;2048;100;24;4;51.43322000
cdf_solver;PARALLEL_BACK_STARPU;114688;2048;100;0;4;6.09136000
cdf_solver;PARALLEL_BACK_STARPU;98304;2048;100;28;0;12.58900000
cdf_solver;PARALLEL_BACK_STARPU;163840;2048;100;28;0;18.91611700
cdf_solver;PARALLEL_BACK_STARPU;114688;2048;100;26;2;49.93383400
cdf_solver;PARALLEL_BACK_STARPU;114688;2048;100;26;2;39.24970900
cdf_solver;PARALLEL_BACK_STARPU;114688;2048;100;0;1;16.39802800
cdf_solver;PARALLEL_BACK_STARPU;163840;2048;100;26;2;41.33375000
cdf_solver;PARALLEL_BACK_STARPU;131072;2048;100;27;1;12.08251200
cdf_solver;PARALLEL_BACK_STARPU;131072;2048;100;25;3;32.33836300
cdf_solver;PARALLEL_BACK_STARPU;147456;2048;100;0;3;9.16389600
cdf_solver;PARALLEL_BACK_STARPU;114688;2048;100;0;2;9.68764400
cdf_solver;PARALLEL_BACK_STARPU;147456;2048;100;26;2;46.37860400
cdf_solver;PARALLEL_BACK_STARPU;114688;2048;100;28;0;13.18324100
cdf_solver;PARALLEL_BACK_STARPU;98304;2048;100;0;1;14.09726300
cdf_solver;PARALLEL_BACK_STARPU;147456;2048;100;27;1;13.77108300
cdf_solver;PARALLEL_BACK_STARPU;147456;2048;100;0;4;7.56559900
cdf_solver;PARALLEL_BACK_STARPU;114688;2048;100;26;2;45.24799800
cdf_solver;PARALLEL_BACK_STARPU;131072;2048;100;27;1;13.08292300
cdf_solver;PARALLEL_BACK_STARPU;98304;2048;100;28;0;12.52844300
cdf_solver;PARALLEL_BACK_STARPU;114688;2048;100;26;2;44.41557100
cdf_solver;PARALLEL_BACK_STARPU;163840;2048;100;0;3;10.15099800
cdf_solver;PARALLEL_BACK_STARPU;98304;2048;100;26;2;47.58564300
cdf_solver;PARALLEL_BACK_STARPU;163840;2048;100;26;2;29.03289200
cdf_solver;PARALLEL_BACK_STARPU;114688;2048;100;0;3;7.02644500
cdf_solver;PARALLEL_BACK_STARPU;98304;2048;100;26;2;37.76585500
cdf_solver;PARALLEL_BACK_STARPU;131072;2048;100;25;3;39.83454200
cdf_solver;PARALLEL_BACK_STARPU;114688;2048;100;24;4;45.64898700
cdf_solver;PARALLEL_BACK_STARPU;163840;2048;100;0;3;9.95898200
cdf_solver;PARALLEL_BACK_STARPU;114688;2048;100;0;1;16.29451600
cdf_solver;PARALLEL_BACK_STARPU;147456;2048;100;0;3;8.73806900
cdf_solver;PARALLEL_BACK_STARPU;98304;2048;100;0;1;13.90379100
cdf_solver;PARALLEL_BACK_STARPU;163840;2048;100;0;3;9.95397500
cdf_solver;PARALLEL_BACK_STARPU;114688;2048;100;24;4;53.40824300
cdf_solver;PARALLEL_BACK_STARPU;163840;2048;100;27;1;16.79041200
cdf_solver;PARALLEL_BACK_STARPU;98304;2048;100;0;2;8.20671800
cdf_solver;PARALLEL_BACK_STARPU;98304;2048;100;0;3;6.14044900
cdf_solver;PARALLEL_BACK_STARPU;98304;2048;100;28;0;12.63865800
cdf_solver;PARALLEL_BACK_STARPU;147456;2048;100;0;1;21.07660500
cdf_solver;PARALLEL_BACK_STARPU;147456;2048;100;0;4;7.52411900
cdf_solver;PARALLEL_BACK_STARPU;98304;2048;100;0;2;8.11311200
cdf_solver;PARALLEL_BACK_STARPU;114688;2048;100;25;3;50.12437700
cdf_solver;PARALLEL_BACK_STARPU;114688;2048;100;0;2;9.70585800
cdf_solver;PARALLEL_BACK_STARPU;163840;2048;100;28;0;18.88341000
cdf_solver;PARALLEL_BACK_STARPU;147456;2048;100;0;4;7.52798500
cdf_solver;PARALLEL_BACK_STARPU;163840;2048;100;0;4;8.41658600
cdf_solver;PARALLEL_BACK_STARPU;163840;2048;100;24;4;54.33633800
cdf_solver;PARALLEL_BACK_STARPU;114688;2048;100;0;1;16.21859700
cdf_solver;PARALLEL_BACK_STARPU;163840;2048;100;28;0;18.91444500
cdf_solver;PARALLEL_BACK_STARPU;98304;2048;100;0;2;8.13226400
cdf_solver;PARALLEL_BACK_STARPU;98304;2048;100;26;2;44.67785100
cdf_solver;PARALLEL_BACK_STARPU;98304;2048;100;0;3;6.18174700
cdf_solver;PARALLEL_BACK_STARPU;163840;2048;100;0;1;23.38397600
cdf_solver;PARALLEL_BACK_STARPU;98304;2048;100;0;4;5.19952800
cdf_solver;PARALLEL_BACK_STARPU;147456;2048;100;28;0;18.71791800
cdf_solver;PARALLEL_BACK_STARPU;147456;2048;100;27;1;13.36571800
cdf_solver;PARALLEL_BACK_STARPU;147456;2048;100;26;2;40.12230400
cdf_solver;PARALLEL_BACK_STARPU;163840;2048;100;0;4;8.33535300
cdf_solver;PARALLEL_BACK_STARPU;131072;2048;100;25;3;54.83629100
cdf_solver;PARALLEL_BACK_STARPU;98304;2048;100;27;1;8.37694300
cdf_solver;PARALLEL_BACK_STARPU;114688;2048;100;27;1;10.09552500
cdf_solver;PARALLEL_BACK_STARPU;163840;2048;100;27;1;16.53010900
cdf_solver;PARALLEL_BACK_STARPU;163840;2048;100;27;1;17.34602600
cdf_solver;PARALLEL_BACK_STARPU;147456;2048;100;0;3;8.96302400
cdf_solver;PARALLEL_BACK_STARPU;131072;2048;100;27;1;12.12285000
cdf_solver;PARALLEL_BACK_STARPU;98304;2048;100;27;1;8.75263300
cdf_solver;PARALLEL_BACK_STARPU;147456;2048;100;0;3;8.98293700
cdf_solver;PARALLEL_BACK_STARPU;114688;2048;100;26;2;50.52041900
cdf_solver;PARALLEL_BACK_STARPU;114688;2048;100;0;1;16.19215600
cdf_solver;PARALLEL_BACK_STARPU;98304;2048;100;24;4;49.46622600
cdf_solver;PARALLEL_BACK_STARPU;98304;2048;100;24;4;46.75633500
cdf_solver;PARALLEL_BACK_STARPU;114688;2048;100;0;3;7.11238600
cdf_solver;PARALLEL_BACK_STARPU;131072;2048;100;25;3;37.97592200
cdf_solver;PARALLEL_BACK_STARPU;147456;2048;100;0;2;12.54825400
cdf_solver;PARALLEL_BACK_STARPU;147456;2048;100;24;4;55.51449400
cdf_solver;PARALLEL_BACK_STARPU;114688;2048;100;0;2;9.20689300
cdf_solver;PARALLEL_BACK_STARPU;98304;2048;100;0;4;5.22329900
cdf_solver;PARALLEL_BACK_STARPU;147456;2048;100;28;0;18.68935300
cdf_solver;PARALLEL_BACK_STARPU;131072;2048;100;27;1;12.31424200
cdf_solver;PARALLEL_BACK_STARPU;114688;2048;100;0;2;9.45491700
cdf_solver;PARALLEL_BACK_STARPU;114688;2048;100;25;3;41.37263000
cdf_solver;PARALLEL_BACK_STARPU;163840;2048;100;24;4;51.48885500
cdf_solver;PARALLEL_BACK_STARPU;114688;2048;100;0;3;7.13267700
cdf_solver;PARALLEL_BACK_STARPU;163840;2048;100;28;0;18.92970000
cdf_solver;PARALLEL_BACK_STARPU;114688;2048;100;24;4;56.79188500
cdf_solver;PARALLEL_BACK_STARPU;98304;2048;100;27;1;9.50054300
cdf_solver;PARALLEL_BACK_STARPU;98304;2048;100;25;3;51.66133300
cdf_solver;PARALLEL_BACK_STARPU;114688;2048;100;26;2;50.52365000
cdf_solver;PARALLEL_BACK_STARPU;114688;2048;100;0;1;16.41267600
cdf_solver;PARALLEL_BACK_STARPU;147456;2048;100;0;4;7.61417300
cdf_solver;PARALLEL_BACK_STARPU;147456;2048;100;24;4;56.75164000
cdf_solver;PARALLEL_BACK_STARPU;147456;2048;100;27;1;14.52648000
cdf_solver;PARALLEL_BACK_STARPU;147456;2048;100;0;4;7.53419300
cdf_solver;PARALLEL_BACK_STARPU;98304;2048;100;0;1;13.96082200
cdf_solver;PARALLEL_BACK_STARPU;163840;2048;100;28;0;18.90261400
cdf_solver;PARALLEL_BACK_STARPU;114688;2048;100;27;1;9.68125600
cdf_solver;PARALLEL_BACK_STARPU;114688;2048;100;25;3;42.29287400
cdf_solver;PARALLEL_BACK_STARPU;114688;2048;100;25;3;52.44312600
cdf_solver;PARALLEL_BACK_STARPU;163840;2048;100;28;0;18.89838300
cdf_solver;PARALLEL_BACK_STARPU;98304;2048;100;0;3;6.15383200
cdf_solver;PARALLEL_BACK_STARPU;131072;2048;100;27;1;12.20883100
cdf_solver;PARALLEL_BACK_STARPU;98304;2048;100;26;2;40.47605900
cdf_solver;PARALLEL_BACK_STARPU;163840;2048;100;0;2;13.93245600
cdf_solver;PARALLEL_BACK_STARPU;98304;2048;100;0;1;14.10066600
cdf_solver;PARALLEL_BACK_STARPU;98304;2048;100;25;3;49.24255500
cdf_solver;PARALLEL_BACK_STARPU;98304;2048;100;0;3;6.13500000
cdf_solver;PARALLEL_BACK_STARPU;114688;2048;100;0;3;7.14139400
cdf_solver;PARALLEL_BACK_STARPU;98304;2048;100;24;4;44.77024100
cdf_solver;PARALLEL_BACK_STARPU;163840;2048;100;0;4;8.35998300
cdf_solver;PARALLEL_BACK_STARPU;163840;2048;100;28;0;18.93670500
cdf_solver;PARALLEL_BACK_STARPU;114688;2048;100;0;1;16.26961800
cdf_solver;PARALLEL_BACK_STARPU;114688;2048;100;0;1;16.40669300
cdf_solver;PARALLEL_BACK_STARPU;114688;2048;100;0;4;6.02646100
cdf_solver;PARALLEL_BACK_STARPU;147456;2048;100;28;0;18.69508300
cdf_solver;PARALLEL_BACK_STARPU;114688;2048;100;28;0;13.03247000
cdf_solver;PARALLEL_BACK_STARPU;114688;2048;100;28;0;12.76485900
cdf_solver;PARALLEL_BACK_STARPU;114688;2048;100;27;1;12.43363700
cdf_solver;PARALLEL_BACK_STARPU;163840;2048;100;0;2;13.33567700
cdf_solver;PARALLEL_BACK_STARPU;114688;2048;100;0;1;16.29437800
cdf_solver;PARALLEL_BACK_STARPU;163840;2048;100;0;1;23.97898500
cdf_solver;PARALLEL_BACK_STARPU;163840;2048;100;0;1;23.93644800
cdf_solver;PARALLEL_BACK_STARPU;114688;2048;100;0;1;16.63650500
cdf_solver;PARALLEL_BACK_STARPU;163840;2048;100;26;2;28.85089400
cdf_solver;PARALLEL_BACK_STARPU;98304;2048;100;24;4;47.22489400
cdf_solver;PARALLEL_BACK_STARPU;98304;2048;100;28;0;12.56788500
cdf_solver;PARALLEL_BACK_STARPU;147456;2048;100;26;2;42.53854600
cdf_solver;PARALLEL_BACK_STARPU;163840;2048;100;25;3;52.98318900
cdf_solver;PARALLEL_BACK_STARPU;114688;2048;100;0;3;6.96148100
cdf_solver;PARALLEL_BACK_STARPU;131072;2048;100;25;3;53.47758000
cdf_solver;PARALLEL_BACK_STARPU;114688;2048;100;24;4;55.47926500
cdf_solver;PARALLEL_BACK_STARPU;131072;2048;100;27;1;11.48530300
cdf_solver;PARALLEL_BACK_STARPU;114688;2048;100;0;3;7.12223100
cdf_solver;PARALLEL_BACK_STARPU;163840;2048;100;0;1;23.49218000
cdf_solver;PARALLEL_BACK_STARPU;163840;2048;100;0;4;8.31350600
cdf_solver;PARALLEL_BACK_STARPU;98304;2048;100;24;4;44.72023500
cdf_solver;PARALLEL_BACK_STARPU;147456;2048;100;25;3;46.72127200
cdf_solver;PARALLEL_BACK_STARPU;147456;2048;100;28;0;18.72155400
cdf_solver;PARALLEL_BACK_STARPU;163840;2048;100;27;1;16.52538100
cdf_solver;PARALLEL_BACK_STARPU;147456;2048;100;25;3;46.21750700
cdf_solver;PARALLEL_BACK_STARPU;131072;2048;100;27;1;13.64751900
cdf_solver;PARALLEL_BACK_STARPU;147456;2048;100;25;3;36.76674300
cdf_solver;PARALLEL_BACK_STARPU;147456;2048;100;26;2;38.49062500
cdf_solver;PARALLEL_BACK_STARPU;114688;2048;100;25;3;47.50448200
cdf_solver;PARALLEL_BACK_STARPU;163840;2048;100;0;4;8.36710900
cdf_solver;PARALLEL_BACK_STARPU;163840;2048;100;0;2;13.25563500
cdf_solver;PARALLEL_BACK_STARPU;147456;2048;100;0;3;9.06846600
cdf_solver;PARALLEL_BACK_STARPU;131072;2048;100;27;1;11.92747600
cdf_solver;PARALLEL_BACK_STARPU;114688;2048;100;0;4;5.99090600
cdf_solver;PARALLEL_BACK_STARPU;98304;2048;100;0;1;14.06307800
cdf_solver;PARALLEL_BACK_STARPU;98304;2048;100;25;3;46.87443200
cdf_solver;PARALLEL_BACK_STARPU;147456;2048;100;26;2;50.39462000
cdf_solver;PARALLEL_BACK_STARPU;114688;2048;100;26;2;45.83414600
cdf_solver;PARALLEL_BACK_STARPU;98304;2048;100;28;0;12.58730700
cdf_solver;PARALLEL_BACK_STARPU;98304;2048;100;0;3;6.08480700
cdf_solver;PARALLEL_BACK_STARPU;147456;2048;100;0;2;12.29743100
cdf_solver;PARALLEL_BACK_STARPU;147456;2048;100;27;1;14.62442700
cdf_solver;PARALLEL_BACK_STARPU;98304;2048;100;28;0;12.59879700
cdf_solver;PARALLEL_BACK_STARPU;147456;2048;100;27;1;13.93109000
cdf_solver;PARALLEL_BACK_STARPU;147456;2048;100;0;2;11.96822200
cdf_solver;PARALLEL_BACK_STARPU;114688;2048;100;25;3;55.93728100
cdf_solver;PARALLEL_BACK_STARPU;114688;2048;100;26;2;51.65808700
cdf_solver;PARALLEL_BACK_STARPU;114688;2048;100;25;3;39.38535300
cdf_solver;PARALLEL_BACK_STARPU;147456;2048;100;25;3;51.19673700
cdf_solver;PARALLEL_BACK_STARPU;163840;2048;100;28;0;18.86484300
cdf_solver;PARALLEL_BACK_STARPU;98304;2048;100;25;3;48.33512200
cdf_solver;PARALLEL_BACK_STARPU;163840;2048;100;0;4;8.33835400
cdf_solver;PARALLEL_BACK_STARPU;98304;2048;100;0;2;8.36074400
cdf_solver;PARALLEL_BACK_STARPU;98304;2048;100;25;3;44.59416500
cdf_solver;PARALLEL_BACK_STARPU;147456;2048;100;25;3;48.46595300
cdf_solver;PARALLEL_BACK_STARPU;114688;2048;100;0;4;5.97559700
cdf_solver;PARALLEL_BACK_STARPU;98304;2048;100;0;4;5.23921600
cdf_solver;PARALLEL_BACK_STARPU;114688;2048;100;27;1;11.86348000
cdf_solver;PARALLEL_BACK_STARPU;114688;2048;100;0;3;7.15578600
cdf_solver;PARALLEL_BACK_STARPU;131072;2048;100;25;3;48.63340700
cdf_solver;PARALLEL_BACK_STARPU;147456;2048;100;28;0;18.71896200
cdf_solver;PARALLEL_BACK_STARPU;114688;2048;100;0;2;9.35981100
cdf_solver;PARALLEL_BACK_STARPU;147456;2048;100;24;4;49.92527500
cdf_solver;PARALLEL_BACK_STARPU;163840;2048;100;27;1;14.79777700
cdf_solver;PARALLEL_BACK_STARPU;114688;2048;100;0;3;7.09513700
cdf_solver;PARALLEL_BACK_STARPU;114688;2048;100;0;2;9.25923700
cdf_solver;PARALLEL_BACK_STARPU;98304;2048;100;0;3;6.15849100
cdf_solver;PARALLEL_BACK_STARPU;114688;2048;100;28;0;12.77034900
cdf_solver;PARALLEL_BACK_STARPU;98304;2048;100;25;3;49.80082700
cdf_solver;PARALLEL_BACK_STARPU;163840;2048;100;26;2;44.70063400
cdf_solver;PARALLEL_BACK_STARPU;114688;2048;100;0;4;5.97651300
cdf_solver;PARALLEL_BACK_STARPU;131072;2048;100;25;3;49.08611800
cdf_solver;PARALLEL_BACK_STARPU;98304;2048;100;24;4;54.28431000
cdf_solver;PARALLEL_BACK_STARPU;114688;2048;100;26;2;35.25816000
cdf_solver;PARALLEL_BACK_STARPU;163840;2048;100;27;1;16.70110400
cdf_solver;PARALLEL_BACK_STARPU;131072;2048;100;27;1;12.38486000
cdf_solver;PARALLEL_BACK_STARPU;98304;2048;100;0;1;14.14548300
cdf_solver;PARALLEL_BACK_STARPU;147456;2048;100;24;4;58.84179100
cdf_solver;PARALLEL_BACK_STARPU;147456;2048;100;28;0;18.68154800
cdf_solver;PARALLEL_BACK_STARPU;98304;2048;100;26;2;16.45525400
cdf_solver;PARALLEL_BACK_STARPU;131072;2048;100;25;3;44.14899100
cdf_solver;PARALLEL_BACK_STARPU;114688;2048;100;0;1;16.31777300
cdf_solver;PARALLEL_BACK_STARPU;163840;2048;100;26;2;41.17077800
cdf_solver;PARALLEL_BACK_STARPU;147456;2048;100;0;4;7.60052200
cdf_solver;PARALLEL_BACK_STARPU;147456;2048;100;24;4;54.78858300
cdf_solver;PARALLEL_BACK_STARPU;98304;2048;100;0;4;5.25823500
cdf_solver;PARALLEL_BACK_STARPU;98304;2048;100;24;4;49.68379100
cdf_solver;PARALLEL_BACK_STARPU;147456;2048;100;0;1;20.93271600
cdf_solver;PARALLEL_BACK_STARPU;98304;2048;100;0;3;6.05965200
cdf_solver;PARALLEL_BACK_STARPU;114688;2048;100;25;3;53.18716000
cdf_solver;PARALLEL_BACK_STARPU;147456;2048;100;25;3;54.50828800
cdf_solver;PARALLEL_BACK_STARPU;163840;2048;100;26;2;37.69796300
cdf_solver;PARALLEL_BACK_STARPU;98304;2048;100;24;4;50.45738700
cdf_solver;PARALLEL_BACK_STARPU;163840;2048;100;24;4;52.68841000
cdf_solver;PARALLEL_BACK_STARPU;163840;2048;100;0;1;23.15699600
cdf_solver;PARALLEL_BACK_STARPU;98304;2048;100;28;0;12.59400000
cdf_solver;PARALLEL_BACK_STARPU;114688;2048;100;25;3;47.71388200
cdf_solver;PARALLEL_BACK_STARPU;114688;2048;100;27;1;10.37631700
cdf_solver;PARALLEL_BACK_STARPU;163840;2048;100;27;1;17.38465000
cdf_solver;PARALLEL_BACK_STARPU;98304;2048;100;26;2;48.36184700
cdf_solver;PARALLEL_BACK_STARPU;98304;2048;100;0;3;6.15823300
cdf_solver;PARALLEL_BACK_STARPU;163840;2048;100;0;1;23.16378100
cdf_solver;PARALLEL_BACK_STARPU;98304;2048;100;0;2;8.18025200
cdf_solver;PARALLEL_BACK_STARPU;163840;2048;100;0;4;8.32089500
cdf_solver;PARALLEL_BACK_STARPU;98304;2048;100;27;1;8.37680800
cdf_solver;PARALLEL_BACK_STARPU;98304;2048;100;0;1;14.19247700
cdf_solver;PARALLEL_BACK_STARPU;98304;2048;100;27;1;10.44164100
cdf_solver;PARALLEL_BACK_STARPU;147456;2048;100;28;0;18.73173200
cdf_solver;PARALLEL_BACK_STARPU;114688;2048;100;0;2;9.43246200
cdf_solver;PARALLEL_BACK_STARPU;98304;2048;100;0;3;5.88019900
cdf_solver;PARALLEL_BACK_STARPU;147456;2048;100;0;3;8.96051300
cdf_solver;PARALLEL_BACK_STARPU;147456;2048;100;0;4;7.58226000
cdf_solver;PARALLEL_BACK_STARPU;114688;2048;100;0;4;5.97887600
cdf_solver;PARALLEL_BACK_STARPU;98304;2048;100;25;3;46.57840500
cdf_solver;PARALLEL_BACK_STARPU;147456;2048;100;0;2;12.27150800
cdf_solver;PARALLEL_BACK_STARPU;147456;2048;100;27;1;14.44374000
cdf_solver;PARALLEL_BACK_STARPU;163840;2048;100;26;2;52.80508400
cdf_solver;PARALLEL_BACK_STARPU;147456;2048;100;0;4;7.61748300
cdf_solver;PARALLEL_BACK_STARPU;114688;2048;100;0;1;16.14919600
cdf_solver;PARALLEL_BACK_STARPU;114688;2048;100;0;3;7.05455400
cdf_solver;PARALLEL_BACK_STARPU;147456;2048;100;0;1;21.43585800
cdf_solver;PARALLEL_BACK_STARPU;163840;2048;100;27;1;16.78294000
cdf_solver;PARALLEL_BACK_STARPU;98304;2048;100;26;2;48.81362300
cdf_solver;PARALLEL_BACK_STARPU;163840;2048;100;0;3;9.88170900
cdf_solver;PARALLEL_BACK_STARPU;163840;2048;100;0;2;13.90167400
cdf_solver;PARALLEL_BACK_STARPU;114688;2048;100;25;3;50.78148000
cdf_solver;PARALLEL_BACK_STARPU;98304;2048;100;0;2;7.96754600
cdf_solver;PARALLEL_BACK_STARPU;114688;2048;100;27;1;9.38615500
cdf_solver;PARALLEL_BACK_STARPU;163840;2048;100;0;2;13.57351700
cdf_solver;PARALLEL_BACK_STARPU;114688;2048;100;0;3;7.10697600
cdf_solver;PARALLEL_BACK_STARPU;98304;2048;100;0;2;8.34742800
cdf_solver;PARALLEL_BACK_STARPU;163840;2048;100;24;4;58.90519500
cdf_solver;PARALLEL_BACK_STARPU;163840;2048;100;26;2;34.93075300
cdf_solver;PARALLEL_BACK_STARPU;163840;2048;100;28;0;18.93708400
cdf_solver;PARALLEL_BACK_STARPU;163840;2048;100;0;3;9.90643400
cdf_solver;PARALLEL_BACK_STARPU;163840;2048;100;0;2;13.47257600
cdf_solver;PARALLEL_BACK_STARPU;163840;2048;100;0;1;23.70478700
cdf_solver;PARALLEL_BACK_STARPU;163840;2048;100;0;4;8.34263700
cdf_solver;PARALLEL_BACK_STARPU;163840;2048;100;24;4;56.68338300
cdf_solver;PARALLEL_BACK_STARPU;98304;2048;100;24;4;51.04683600
cdf_solver;PARALLEL_BACK_STARPU;98304;2048;100;0;4;5.19201400
cdf_solver;PARALLEL_BACK_STARPU;147456;2048;100;0;4;7.61670800
cdf_solver;PARALLEL_BACK_STARPU;131072;2048;100;25;3;42.62203200
cdf_solver;PARALLEL_BACK_STARPU;98304;2048;100;26;2;43.45500500
cdf_solver;PARALLEL_BACK_STARPU;147456;2048;100;24;4;52.68351200
cdf_solver;PARALLEL_BACK_STARPU;98304;2048;100;0;2;8.06691900
cdf_solver;PARALLEL_BACK_STARPU;114688;2048;100;26;2;48.03807000
cdf_solver;PARALLEL_BACK_STARPU;114688;2048;100;0;4;6.07901600
cdf_solver;PARALLEL_BACK_STARPU;163840;2048;100;26;2;41.20408400
cdf_solver;PARALLEL_BACK_STARPU;98304;2048;100;24;4;49.23018900
cdf_solver;PARALLEL_BACK_STARPU;98304;2048;100;27;1;8.25216200
cdf_solver;PARALLEL_BACK_STARPU;114688;2048;100;0;2;9.40034200
cdf_solver;PARALLEL_BACK_STARPU;98304;2048;100;0;1;14.04926900
cdf_solver;PARALLEL_BACK_STARPU;114688;2048;100;24;4;49.59152200
cdf_solver;PARALLEL_BACK_STARPU;163840;2048;100;0;2;13.44116900
cdf_solver;PARALLEL_BACK_STARPU;163840;2048;100;0;2;14.00028200
cdf_solver;PARALLEL_BACK_STARPU;163840;2048;100;27;1;15.62708000
cdf_solver;PARALLEL_BACK_STARPU;98304;2048;100;28;0;12.59157400
cdf_solver;PARALLEL_BACK_STARPU;147456;2048;100;24;4;50.04518700
cdf_solver;PARALLEL_BACK_STARPU;163840;2048;100;0;2;13.45276000
cdf_solver;PARALLEL_BACK_STARPU;147456;2048;100;0;3;8.94676500
cdf_solver;PARALLEL_BACK_STARPU;163840;2048;100;25;3;53.38948800
cdf_solver;PARALLEL_BACK_STARPU;98304;2048;100;25;3;47.86741000
cdf_solver;PARALLEL_BACK_STARPU;114688;2048;100;0;2;9.71997100
cdf_solver;PARALLEL_BACK_STARPU;98304;2048;100;28;0;12.59828100
cdf_solver;PARALLEL_BACK_STARPU;163840;2048;100;0;1;23.16920500
cdf_solver;PARALLEL_BACK_STARPU;163840;2048;100;27;1;16.12737500
cdf_solver;PARALLEL_BACK_STARPU;163840;2048;100;0;3;9.95932700
cdf_solver;PARALLEL_BACK_STARPU;163840;2048;100;0;3;9.95579400
cdf_solver;PARALLEL_BACK_STARPU;114688;2048;100;24;4;51.76286500
cdf_solver;PARALLEL_BACK_STARPU;98304;2048;100;26;2;39.42183700
cdf_solver;PARALLEL_BACK_STARPU;114688;2048;100;24;4;51.35306800
cdf_solver;PARALLEL_BACK_STARPU;147456;2048;100;28;0;18.71253500
cdf_solver;PARALLEL_BACK_STARPU;98304;2048;100;0;2;8.17745500
cdf_solver;PARALLEL_BACK_STARPU;147456;2048;100;0;3;8.72393400
cdf_solver;PARALLEL_BACK_STARPU;163840;2048;100;0;1;23.36546600
cdf_solver;PARALLEL_BACK_STARPU;98304;2048;100;0;2;8.18601100
cdf_solver;PARALLEL_BACK_STARPU;147456;2048;100;0;3;8.81442700
cdf_solver;PARALLEL_BACK_STARPU;163840;2048;100;24;4;60.62652000
cdf_solver;PARALLEL_BACK_STARPU;98304;2048;100;0;4;5.22272200
cdf_solver;PARALLEL_BACK_STARPU;114688;2048;100;24;4;54.40302000
cdf_solver;PARALLEL_BACK_STARPU;98304;2048;100;25;3;49.16700300
cdf_solver;PARALLEL_BACK_STARPU;114688;2048;100;0;4;5.96657200
cdf_solver;PARALLEL_BACK_STARPU;147456;2048;100;0;1;20.93561000
cdf_solver;PARALLEL_BACK_STARPU;163840;2048;100;0;3;9.97764200
cdf_solver;PARALLEL_BACK_STARPU;147456;2048;100;25;3;45.19844700
cdf_solver;PARALLEL_BACK_STARPU;98304;2048;100;27;1;8.96080600
cdf_solver;PARALLEL_BACK_STARPU;114688;2048;100;24;4;53.89655900
cdf_solver;PARALLEL_BACK_STARPU;163840;2048;100;25;3;56.23731900
cdf_solver;PARALLEL_BACK_STARPU;163840;2048;100;24;4;61.86460700
cdf_solver;PARALLEL_BACK_STARPU;98304;2048;100;25;3;52.24363000
cdf_solver;PARALLEL_BACK_STARPU;147456;2048;100;28;0;18.73100200
cdf_solver;PARALLEL_BACK_STARPU;114688;2048;100;0;4;6.06790800
cdf_solver;PARALLEL_BACK_STARPU;147456;2048;100;0;3;8.97470800
cdf_solver;PARALLEL_BACK_STARPU;163840;2048;100;24;4;62.64370300
cdf_solver;PARALLEL_BACK_STARPU;98304;2048;100;25;3;52.96492200
cdf_solver;PARALLEL_BACK_STARPU;163840;2048;100;25;3;45.53585200
cdf_solver;PARALLEL_BACK_STARPU;114688;2048;100;26;2;46.05494300
cdf_solver;PARALLEL_BACK_STARPU;114688;2048;100;24;4;49.61293600
cdf_solver;PARALLEL_BACK_STARPU;114688;2048;100;28;0;13.13058000
cdf_solver;PARALLEL_BACK_STARPU;98304;2048;100;28;0;12.61073100
cdf_solver;PARALLEL_BACK_STARPU;114688;2048;100;26;2;44.36606500
cdf_solver;PARALLEL_BACK_STARPU;98304;2048;100;0;4;5.18365500
cdf_solver;PARALLEL_BACK_STARPU;98304;2048;100;0;3;6.16379700
cdf_solver;PARALLEL_BACK_STARPU;98304;2048;100;0;1;14.03564900
cdf_solver;PARALLEL_BACK_STARPU;163840;2048;100;24;4;56.20700400
cdf_solver;PARALLEL_BACK_STARPU;98304;2048;100;27;1;9.31186800
cdf_solver;PARALLEL_BACK_STARPU;98304;2048;100;28;0;12.58896500
cdf_solver;PARALLEL_BACK_STARPU;147456;2048;100;0;3;8.66095100
cdf_solver;PARALLEL_BACK_STARPU;147456;2048;100;26;2;44.92255600
cdf_solver;PARALLEL_BACK_STARPU;163840;2048;100;27;1;16.76229800
cdf_solver;PARALLEL_BACK_STARPU;147456;2048;100;26;2;43.12108900
cdf_solver;PARALLEL_BACK_STARPU;131072;2048;100;27;1;11.84195900
cdf_solver;PARALLEL_BACK_STARPU;98304;2048;100;0;3;6.15724500
cdf_solver;PARALLEL_BACK_STARPU;163840;2048;100;0;2;13.78161400
cdf_solver;PARALLEL_BACK_STARPU;114688;2048;100;26;2;42.22723300
cdf_solver;PARALLEL_BACK_STARPU;131072;2048;100;27;1;12.04512900
cdf_solver;PARALLEL_BACK_STARPU;114688;2048;100;25;3;53.62160700
cdf_solver;PARALLEL_BACK_STARPU;147456;2048;100;0;4;7.54297100
cdf_solver;PARALLEL_BACK_STARPU;98304;2048;100;0;4;5.22329500
cdf_solver;PARALLEL_BACK_STARPU;98304;2048;100;26;2;45.95372800
cdf_solver;PARALLEL_BACK_STARPU;98304;2048;100;28;0;12.58535900
cdf_solver;PARALLEL_BACK_STARPU;147456;2048;100;0;4;7.51662800
cdf_solver;PARALLEL_BACK_STARPU;147456;2048;100;27;1;14.82824200
cdf_solver;PARALLEL_BACK_STARPU;163840;2048;100;25;3;53.14176700
cdf_solver;PARALLEL_BACK_STARPU;163840;2048;100;25;3;60.47097500
cdf_solver;PARALLEL_BACK_STARPU;114688;2048;100;27;1;10.44112000
cdf_solver;PARALLEL_BACK_STARPU;147456;2048;100;0;2;11.98624600
cdf_solver;PARALLEL_BACK_STARPU;131072;2048;100;25;3;55.13224800
cdf_solver;PARALLEL_BACK_STARPU;131072;2048;100;25;3;52.24523300
cdf_solver;PARALLEL_BACK_STARPU;114688;2048;100;28;0;12.78898900
cdf_solver;PARALLEL_BACK_STARPU;147456;2048;100;28;0;18.72167500
cdf_solver;PARALLEL_BACK_STARPU;114688;2048;100;28;0;12.78868300
cdf_solver;PARALLEL_BACK_STARPU;114688;2048;100;27;1;10.69261300
cdf_solver;PARALLEL_BACK_STARPU;163840;2048;100;0;4;8.45239200
cdf_solver;PARALLEL_BACK_STARPU;114688;2048;100;28;0;12.85082400
cdf_solver;PARALLEL_BACK_STARPU;163840;2048;100;0;2;13.30650800
cdf_solver;PARALLEL_BACK_STARPU;114688;2048;100;28;0;12.78508400
cdf_solver;PARALLEL_BACK_STARPU;131072;2048;100;25;3;44.02553600
cdf_solver;PARALLEL_BACK_STARPU;147456;2048;100;25;3;51.43687300
cdf_solver;PARALLEL_BACK_STARPU;163840;2048;100;25;3;50.09737500
cdf_solver;PARALLEL_BACK_STARPU;114688;2048;100;26;2;38.84355500
cdf_solver;PARALLEL_BACK_STARPU;114688;2048;100;0;3;7.10941200
cdf_solver;PARALLEL_BACK_STARPU;98304;2048;100;0;3;6.14492500
cdf_solver;PARALLEL_BACK_STARPU;147456;2048;100;26;2;46.23645800
cdf_solver;PARALLEL_BACK_STARPU;147456;2048;100;27;1;14.32916100
cdf_solver;PARALLEL_BACK_STARPU;114688;2048;100;26;2;45.61803400
cdf_solver;PARALLEL_BACK_STARPU;98304;2048;100;24;4;52.13359400
cdf_solver;PARALLEL_BACK_STARPU;114688;2048;100;24;4;47.74135400
cdf_solver;PARALLEL_BACK_STARPU;163840;2048;100;0;1;23.08010800
cdf_solver;PARALLEL_BACK_STARPU;114688;2048;100;0;1;16.42589900
cdf_solver;PARALLEL_BACK_STARPU;147456;2048;100;0;1;21.64238600
cdf_solver;PARALLEL_BACK_STARPU;114688;2048;100;27;1;9.19017200
cdf_solver;PARALLEL_BACK_STARPU;163840;2048;100;25;3;51.93246900
cdf_solver;PARALLEL_BACK_STARPU;147456;2048;100;25;3;51.86623000
cdf_solver;PARALLEL_BACK_STARPU;147456;2048;100;24;4;54.77004800
cdf_solver;PARALLEL_BACK_STARPU;147456;2048;100;28;0;18.72859100
cdf_solver;PARALLEL_BACK_STARPU;147456;2048;100;26;2;42.16653700
cdf_solver;PARALLEL_BACK_STARPU;147456;2048;100;26;2;40.81462300
cdf_solver;PARALLEL_BACK_STARPU;147456;2048;100;0;2;12.48430400
cdf_solver;PARALLEL_BACK_STARPU;114688;2048;100;0;2;9.67566400
cdf_solver;PARALLEL_BACK_STARPU;147456;2048;100;28;0;18.70961000
cdf_solver;PARALLEL_BACK_STARPU;98304;2048;100;0;2;8.18547800
cdf_solver;PARALLEL_BACK_STARPU;98304;2048;100;25;3;51.34238900
cdf_solver;PARALLEL_BACK_STARPU;147456;2048;100;26;2;35.36454600
cdf_solver;PARALLEL_BACK_STARPU;147456;2048;100;0;2;12.46066000
cdf_solver;PARALLEL_BACK_STARPU;131072;2048;100;25;3;49.57623600
cdf_solver;PARALLEL_BACK_STARPU;98304;2048;100;0;4;5.19351800
cdf_solver;PARALLEL_BACK_STARPU;163840;2048;100;26;2;44.46475600
cdf_solver;PARALLEL_BACK_STARPU;163840;2048;100;0;3;10.14372100
cdf_solver;PARALLEL_BACK_STARPU;163840;2048;100;0;2;13.91550700
cdf_solver;PARALLEL_BACK_STARPU;98304;2048;100;0;2;8.33521600
cdf_solver;PARALLEL_BACK_STARPU;98304;2048;100;0;3;6.16801800
cdf_solver;PARALLEL_BACK_STARPU;114688;2048;100;0;4;6.01913200
cdf_solver;PARALLEL_BACK_STARPU;147456;2048;100;25;3;53.46353500
cdf_solver;PARALLEL_BACK_STARPU;114688;2048;100;0;4;5.98583200
cdf_solver;PARALLEL_BACK_STARPU;163840;2048;100;28;0;18.91945000
cdf_solver;PARALLEL_BACK_STARPU;147456;2048;100;25;3;45.69284200
cdf_solver;PARALLEL_BACK_STARPU;147456;2048;100;0;2;12.42310100
cdf_solver;PARALLEL_BACK_STARPU;163840;2048;100;0;3;10.17407300
cdf_solver;PARALLEL_BACK_STARPU;163840;2048;100;25;3;56.37760100
cdf_solver;PARALLEL_BACK_STARPU;98304;2048;100;24;4;43.32378800
cdf_solver;PARALLEL_BACK_STARPU;98304;2048;100;24;4;47.48464700
cdf_solver;PARALLEL_BACK_STARPU;98304;2048;100;0;4;5.20198800
cdf_solver;PARALLEL_BACK_STARPU;163840;2048;100;25;3;51.10172800
cdf_solver;PARALLEL_BACK_STARPU;147456;2048;100;0;3;9.19540500
cdf_solver;PARALLEL_BACK_STARPU;163840;2048;100;0;2;13.86950900
cdf_solver;PARALLEL_BACK_STARPU;114688;2048;100;28;0;13.25378600
cdf_solver;PARALLEL_BACK_STARPU;98304;2048;100;27;1;9.44662000
