cdf_solver;PARALLEL_BACK_STARPU;131072;2048;100;26;4;91.72682700
hotspot;PARALLEL_BACK_STARPU;16384;1024;5;22;3;6.66562796
nbody;PARALLEL_BACK_STARPU;98304;2048;5;22;4;13.16066800
hotspot;PARALLEL_BACK_STARPU;16384;1024;5;20;4;7.66978693
cdf_solver;PARALLEL_BACK_STARPU;131072;2048;100;18;2;10.52542100
cdf_solver;PARALLEL_BACK_STARPU;131072;2048;100;18;1;12.83043000
cdf_solver;PARALLEL_BACK_STARPU;131072;2048;100;22;4;6.89109300
hotspot;PARALLEL_BACK_STARPU;16384;1024;5;0;1;14.66178131
hotspot;PARALLEL_BACK_STARPU;16384;1024;5;20;1;11.28508663
nbody;PARALLEL_BACK_STARPU;98304;2048;5;26;4;10.89162500
hotspot;PARALLEL_BACK_STARPU;16384;1024;5;24;3;6.62454796
cdf_solver;PARALLEL_BACK_STARPU;131072;2048;100;18;3;7.48273200
nbody;PARALLEL_BACK_STARPU;98304;2048;5;20;2;19.49650300
hotspot;PARALLEL_BACK_STARPU;16384;1024;5;26;1;10.52719116
hotspot;PARALLEL_BACK_STARPU;16384;1024;5;0;2;8.88630390
nbody;PARALLEL_BACK_STARPU;98304;2048;5;20;2;20.45170400
cdf_solver;PARALLEL_BACK_STARPU;131072;2048;100;28;4;116.19360600
cdf_solver;PARALLEL_BACK_STARPU;131072;2048;100;26;4;79.90512200
nbody;PARALLEL_BACK_STARPU;98304;2048;5;28;2;22.03558300
hotspot;PARALLEL_BACK_STARPU;16384;1024;5;0;3;7.06533718
cdf_solver;PARALLEL_BACK_STARPU;131072;2048;100;18;3;7.53093700
hotspot;PARALLEL_BACK_STARPU;16384;1024;5;22;4;6.57133818
nbody;PARALLEL_BACK_STARPU;98304;2048;5;0;3;20.90322600
cdf_solver;PARALLEL_BACK_STARPU;131072;2048;100;22;2;10.03252300
cdf_solver;PARALLEL_BACK_STARPU;131072;2048;100;18;1;12.93752600
nbody;PARALLEL_BACK_STARPU;98304;2048;5;20;1;21.93954100
hotspot;PARALLEL_BACK_STARPU;16384;1024;5;22;4;7.04718399
hotspot;PARALLEL_BACK_STARPU;16384;1024;5;20;1;11.43068504
nbody;PARALLEL_BACK_STARPU;98304;2048;5;22;2;18.68007100
cdf_solver;PARALLEL_BACK_STARPU;131072;2048;100;24;3;7.84914000
cdf_solver;PARALLEL_BACK_STARPU;131072;2048;100;0;2;10.94917600
hotspot;PARALLEL_BACK_STARPU;16384;1024;5;24;2;7.96535206
nbody;PARALLEL_BACK_STARPU;98304;2048;5;26;3;11.17404400
hotspot;PARALLEL_BACK_STARPU;16384;1024;5;22;4;7.11377192
hotspot;PARALLEL_BACK_STARPU;16384;1024;5;18;2;8.07061386
hotspot;PARALLEL_BACK_STARPU;16384;1024;5;20;1;11.23990440
cdf_solver;PARALLEL_BACK_STARPU;131072;2048;100;0;1;18.77174900
hotspot;PARALLEL_BACK_STARPU;16384;1024;5;0;3;7.46187019
nbody;PARALLEL_BACK_STARPU;98304;2048;5;26;1;22.14758200
hotspot;PARALLEL_BACK_STARPU;16384;1024;5;20;0;32.61149597
cdf_solver;PARALLEL_BACK_STARPU;131072;2048;100;20;1;12.59131700
nbody;PARALLEL_BACK_STARPU;98304;2048;5;22;3;13.55871300
cdf_solver;PARALLEL_BACK_STARPU;131072;2048;100;18;0;23.76734400
nbody;PARALLEL_BACK_STARPU;98304;2048;5;26;0;21.72117100
nbody;PARALLEL_BACK_STARPU;98304;2048;5;28;0;21.71850100
hotspot;PARALLEL_BACK_STARPU;16384;1024;5;20;2;8.12771034
nbody;PARALLEL_BACK_STARPU;98304;2048;5;22;3;17.51383900
hotspot;PARALLEL_BACK_STARPU;16384;1024;5;28;2;15.01684761
cdf_solver;PARALLEL_BACK_STARPU;131072;2048;100;18;4;6.70928700
cdf_solver;PARALLEL_BACK_STARPU;131072;2048;100;28;2;42.08878800
hotspot;PARALLEL_BACK_STARPU;16384;1024;5;24;2;7.75780010
nbody;PARALLEL_BACK_STARPU;98304;2048;5;18;1;21.66694800
cdf_solver;PARALLEL_BACK_STARPU;131072;2048;100;24;1;12.41504900
hotspot;PARALLEL_BACK_STARPU;16384;1024;5;22;0;30.04578972
cdf_solver;PARALLEL_BACK_STARPU;131072;2048;100;22;1;12.59485600
nbody;PARALLEL_BACK_STARPU;98304;2048;5;28;4;21.97476600
cdf_solver;PARALLEL_BACK_STARPU;131072;2048;100;24;1;12.28841200
nbody;PARALLEL_BACK_STARPU;98304;2048;5;18;3;16.48274400
cdf_solver;PARALLEL_BACK_STARPU;131072;2048;100;0;1;18.84272700
nbody;PARALLEL_BACK_STARPU;98304;2048;5;24;4;13.33541300
cdf_solver;PARALLEL_BACK_STARPU;131072;2048;100;24;3;7.82180800
hotspot;PARALLEL_BACK_STARPU;16384;1024;5;22;2;9.12881470
nbody;PARALLEL_BACK_STARPU;98304;2048;5;20;2;19.53737300
nbody;PARALLEL_BACK_STARPU;98304;2048;5;0;2;33.28796200
cdf_solver;PARALLEL_BACK_STARPU;131072;2048;100;22;3;7.77532500
hotspot;PARALLEL_BACK_STARPU;16384;1024;5;26;3;17.01292229
cdf_solver;PARALLEL_BACK_STARPU;131072;2048;100;28;0;18.30259000
hotspot;PARALLEL_BACK_STARPU;16384;1024;5;24;0;27.86165047
hotspot;PARALLEL_BACK_STARPU;16384;1024;5;24;0;27.89101601
cdf_solver;PARALLEL_BACK_STARPU;131072;2048;100;28;1;34.10916800
hotspot;PARALLEL_BACK_STARPU;16384;1024;5;20;1;11.14176083
hotspot;PARALLEL_BACK_STARPU;16384;1024;5;18;4;7.57548094
nbody;PARALLEL_BACK_STARPU;98304;2048;5;26;2;15.42037100
cdf_solver;PARALLEL_BACK_STARPU;131072;2048;100;22;2;9.77842300
nbody;PARALLEL_BACK_STARPU;98304;2048;5;0;1;63.86421600
hotspot;PARALLEL_BACK_STARPU;16384;1024;5;18;2;8.15751171
nbody;PARALLEL_BACK_STARPU;98304;2048;5;24;0;21.72593200
cdf_solver;PARALLEL_BACK_STARPU;131072;2048;100;20;3;7.62520300
nbody;PARALLEL_BACK_STARPU;98304;2048;5;28;0;21.74216900
cdf_solver;PARALLEL_BACK_STARPU;131072;2048;100;0;4;6.77543100
hotspot;PARALLEL_BACK_STARPU;16384;1024;5;20;1;11.30877590
hotspot;PARALLEL_BACK_STARPU;16384;1024;5;28;2;15.33750725
nbody;PARALLEL_BACK_STARPU;98304;2048;5;18;1;21.64548600
cdf_solver;PARALLEL_BACK_STARPU;131072;2048;100;18;4;6.67543000
nbody;PARALLEL_BACK_STARPU;98304;2048;5;24;0;21.72722200
nbody;PARALLEL_BACK_STARPU;98304;2048;5;24;2;20.71941300
hotspot;PARALLEL_BACK_STARPU;16384;1024;5;26;1;10.52514172
cdf_solver;PARALLEL_BACK_STARPU;131072;2048;100;0;4;6.78164500
hotspot;PARALLEL_BACK_STARPU;16384;1024;5;24;4;9.01419735
nbody;PARALLEL_BACK_STARPU;98304;2048;5;26;0;21.73806400
cdf_solver;PARALLEL_BACK_STARPU;131072;2048;100;26;2;43.42644200
nbody;PARALLEL_BACK_STARPU;98304;2048;5;20;4;13.17036400
cdf_solver;PARALLEL_BACK_STARPU;131072;2048;100;0;2;11.13145200
nbody;PARALLEL_BACK_STARPU;98304;2048;5;20;0;32.47249100
cdf_solver;PARALLEL_BACK_STARPU;131072;2048;100;20;2;9.99709300
cdf_solver;PARALLEL_BACK_STARPU;131072;2048;100;24;0;18.39636200
hotspot;PARALLEL_BACK_STARPU;16384;1024;5;0;1;14.72329807
cdf_solver;PARALLEL_BACK_STARPU;131072;2048;100;26;3;129.33637500
cdf_solver;PARALLEL_BACK_STARPU;131072;2048;100;0;4;6.74585000
hotspot;PARALLEL_BACK_STARPU;16384;1024;5;0;2;8.79857063
cdf_solver;PARALLEL_BACK_STARPU;131072;2048;100;22;2;10.05742000
cdf_solver;PARALLEL_BACK_STARPU;131072;2048;100;22;4;6.82777700
hotspot;PARALLEL_BACK_STARPU;16384;1024;5;26;3;12.88449001
nbody;PARALLEL_BACK_STARPU;98304;2048;5;24;2;18.73461200
cdf_solver;PARALLEL_BACK_STARPU;131072;2048;100;26;3;261.43703200
cdf_solver;PARALLEL_BACK_STARPU;131072;2048;100;22;1;12.57945400
nbody;PARALLEL_BACK_STARPU;98304;2048;5;20;4;17.38016400
hotspot;PARALLEL_BACK_STARPU;16384;1024;5;20;2;8.07887268
nbody;PARALLEL_BACK_STARPU;98304;2048;5;28;0;21.72500800
hotspot;PARALLEL_BACK_STARPU;16384;1024;5;28;0;25.10282326
cdf_solver;PARALLEL_BACK_STARPU;131072;2048;100;20;2;9.55759200
nbody;PARALLEL_BACK_STARPU;98304;2048;5;22;2;17.57708800
cdf_solver;PARALLEL_BACK_STARPU;131072;2048;100;0;1;18.78509400
hotspot;PARALLEL_BACK_STARPU;16384;1024;5;28;4;14.60894108
nbody;PARALLEL_BACK_STARPU;98304;2048;5;18;1;21.64517100
hotspot;PARALLEL_BACK_STARPU;16384;1024;5;28;3;17.20042229
nbody;PARALLEL_BACK_STARPU;98304;2048;5;24;3;17.64629500
cdf_solver;PARALLEL_BACK_STARPU;131072;2048;100;18;3;7.53333200
cdf_solver;PARALLEL_BACK_STARPU;131072;2048;100;24;2;9.90013700
cdf_solver;PARALLEL_BACK_STARPU;131072;2048;100;24;1;12.42279800
hotspot;PARALLEL_BACK_STARPU;16384;1024;5;26;1;10.67455673
nbody;PARALLEL_BACK_STARPU;98304;2048;5;20;1;22.99282800
hotspot;PARALLEL_BACK_STARPU;16384;1024;5;18;2;8.21641636
hotspot;PARALLEL_BACK_STARPU;16384;1024;5;18;4;6.84919596
nbody;PARALLEL_BACK_STARPU;98304;2048;5;18;3;16.31686500
nbody;PARALLEL_BACK_STARPU;98304;2048;5;18;0;32.44288900
cdf_solver;PARALLEL_BACK_STARPU;131072;2048;100;0;4;6.84152600
cdf_solver;PARALLEL_BACK_STARPU;131072;2048;100;28;3;83.96846400
nbody;PARALLEL_BACK_STARPU;98304;2048;5;26;0;21.72658200
hotspot;PARALLEL_BACK_STARPU;16384;1024;5;20;2;8.38693142
hotspot;PARALLEL_BACK_STARPU;16384;1024;5;26;1;10.69312096
hotspot;PARALLEL_BACK_STARPU;16384;1024;5;22;0;30.04444313
hotspot;PARALLEL_BACK_STARPU;16384;1024;5;24;3;6.37025309
cdf_solver;PARALLEL_BACK_STARPU;131072;2048;100;0;2;10.49504000
nbody;PARALLEL_BACK_STARPU;98304;2048;5;18;4;13.17848000
cdf_solver;PARALLEL_BACK_STARPU;131072;2048;100;0;1;18.74001800
nbody;PARALLEL_BACK_STARPU;98304;2048;5;22;3;13.47563200
cdf_solver;PARALLEL_BACK_STARPU;131072;2048;100;26;1;12.10243600
cdf_solver;PARALLEL_BACK_STARPU;131072;2048;100;24;2;10.23009400
hotspot;PARALLEL_BACK_STARPU;16384;1024;5;18;3;6.82378101
hotspot;PARALLEL_BACK_STARPU;16384;1024;5;20;1;10.97809219
nbody;PARALLEL_BACK_STARPU;98304;2048;5;20;0;32.47757100
nbody;PARALLEL_BACK_STARPU;98304;2048;5;28;1;21.98018300
cdf_solver;PARALLEL_BACK_STARPU;131072;2048;100;22;3;7.66501900
nbody;PARALLEL_BACK_STARPU;98304;2048;5;18;0;32.44956600
cdf_solver;PARALLEL_BACK_STARPU;131072;2048;100;20;3;7.65453800
nbody;PARALLEL_BACK_STARPU;98304;2048;5;24;2;16.43088800
cdf_solver;PARALLEL_BACK_STARPU;131072;2048;100;18;4;6.62176600
hotspot;PARALLEL_BACK_STARPU;16384;1024;5;20;3;6.93058109
cdf_solver;PARALLEL_BACK_STARPU;131072;2048;100;20;1;12.80066000
nbody;PARALLEL_BACK_STARPU;98304;2048;5;26;1;21.99771600
nbody;PARALLEL_BACK_STARPU;98304;2048;5;24;1;23.13633800
hotspot;PARALLEL_BACK_STARPU;16384;1024;5;20;2;8.29164410
cdf_solver;PARALLEL_BACK_STARPU;131072;2048;100;0;3;7.87972500
nbody;PARALLEL_BACK_STARPU;98304;2048;5;24;1;22.43663500
hotspot;PARALLEL_BACK_STARPU;16384;1024;5;26;4;13.16859245
nbody;PARALLEL_BACK_STARPU;98304;2048;5;18;2;20.07432000
hotspot;PARALLEL_BACK_STARPU;16384;1024;5;22;3;6.81967402
hotspot;PARALLEL_BACK_STARPU;16384;1024;5;0;3;7.26952600
nbody;PARALLEL_BACK_STARPU;98304;2048;5;0;4;16.02388100
cdf_solver;PARALLEL_BACK_STARPU;131072;2048;100;24;4;53.24815200
nbody;PARALLEL_BACK_STARPU;98304;2048;5;28;4;22.61217900
hotspot;PARALLEL_BACK_STARPU;16384;1024;5;0;3;7.49665689
cdf_solver;PARALLEL_BACK_STARPU;131072;2048;100;20;2;10.25891800
nbody;PARALLEL_BACK_STARPU;98304;2048;5;28;1;22.80091600
hotspot;PARALLEL_BACK_STARPU;16384;1024;5;18;3;6.95709896
nbody;PARALLEL_BACK_STARPU;98304;2048;5;18;4;13.09432700
cdf_solver;PARALLEL_BACK_STARPU;131072;2048;100;24;2;9.83300800
hotspot;PARALLEL_BACK_STARPU;16384;1024;5;20;1;11.00830746
nbody;PARALLEL_BACK_STARPU;98304;2048;5;26;2;18.81890100
hotspot;PARALLEL_BACK_STARPU;16384;1024;5;22;1;11.05234528
hotspot;PARALLEL_BACK_STARPU;16384;1024;5;28;3;14.45709515
hotspot;PARALLEL_BACK_STARPU;16384;1024;5;0;2;8.92347336
cdf_solver;PARALLEL_BACK_STARPU;131072;2048;100;18;0;23.72392600
cdf_solver;PARALLEL_BACK_STARPU;131072;2048;100;22;1;12.51359900
cdf_solver;PARALLEL_BACK_STARPU;131072;2048;100;18;3;7.56257100
nbody;PARALLEL_BACK_STARPU;98304;2048;5;28;4;22.19275500
cdf_solver;PARALLEL_BACK_STARPU;131072;2048;100;26;1;12.26636100
nbody;PARALLEL_BACK_STARPU;98304;2048;5;0;4;16.29106000
nbody;PARALLEL_BACK_STARPU;98304;2048;5;20;4;13.70952300
hotspot;PARALLEL_BACK_STARPU;16384;1024;5;24;4;9.16207695
nbody;PARALLEL_BACK_STARPU;98304;2048;5;22;3;13.99246100
hotspot;PARALLEL_BACK_STARPU;16384;1024;5;18;0;37.35666656
cdf_solver;PARALLEL_BACK_STARPU;131072;2048;100;22;2;9.71615900
nbody;PARALLEL_BACK_STARPU;98304;2048;5;0;3;20.89973500
nbody;PARALLEL_BACK_STARPU;98304;2048;5;28;4;22.74476900
cdf_solver;PARALLEL_BACK_STARPU;131072;2048;100;26;1;12.03258900
cdf_solver;PARALLEL_BACK_STARPU;131072;2048;100;26;2;41.62631800
nbody;PARALLEL_BACK_STARPU;98304;2048;5;18;3;16.95342600
hotspot;PARALLEL_BACK_STARPU;16384;1024;5;20;2;8.08771038
nbody;PARALLEL_BACK_STARPU;98304;2048;5;28;2;22.05227800
hotspot;PARALLEL_BACK_STARPU;16384;1024;5;26;1;10.56498528
cdf_solver;PARALLEL_BACK_STARPU;131072;2048;100;20;3;7.68384800
hotspot;PARALLEL_BACK_STARPU;16384;1024;5;18;0;37.38427353
nbody;PARALLEL_BACK_STARPU;98304;2048;5;0;1;62.56412600
hotspot;PARALLEL_BACK_STARPU;16384;1024;5;24;4;8.21160316
hotspot;PARALLEL_BACK_STARPU;16384;1024;5;18;3;6.87393904
nbody;PARALLEL_BACK_STARPU;98304;2048;5;0;4;15.13014600
nbody;PARALLEL_BACK_STARPU;98304;2048;5;22;1;22.51206400
nbody;PARALLEL_BACK_STARPU;98304;2048;5;24;3;13.14427600
cdf_solver;PARALLEL_BACK_STARPU;131072;2048;100;22;0;18.43142200
hotspot;PARALLEL_BACK_STARPU;16384;1024;5;20;0;32.63330078
hotspot;PARALLEL_BACK_STARPU;16384;1024;5;26;2;10.01053524
nbody;PARALLEL_BACK_STARPU;98304;2048;5;28;2;22.33611500
nbody;PARALLEL_BACK_STARPU;98304;2048;5;22;1;21.67978700
hotspot;PARALLEL_BACK_STARPU;16384;1024;5;22;0;30.02982140
hotspot;PARALLEL_BACK_STARPU;16384;1024;5;26;4;12.72127342
nbody;PARALLEL_BACK_STARPU;98304;2048;5;28;1;21.79210700
cdf_solver;PARALLEL_BACK_STARPU;131072;2048;100;20;4;6.86422800
hotspot;PARALLEL_BACK_STARPU;16384;1024;5;20;4;7.08654022
cdf_solver;PARALLEL_BACK_STARPU;131072;2048;100;24;1;12.40806400
hotspot;PARALLEL_BACK_STARPU;16384;1024;5;20;4;7.13683081
nbody;PARALLEL_BACK_STARPU;98304;2048;5;24;3;10.94090500
cdf_solver;PARALLEL_BACK_STARPU;131072;2048;100;0;1;18.63671100
nbody;PARALLEL_BACK_STARPU;98304;2048;5;26;3;15.62433500
cdf_solver;PARALLEL_BACK_STARPU;131072;2048;100;22;1;12.55659600
nbody;PARALLEL_BACK_STARPU;98304;2048;5;0;3;21.84667700
cdf_solver;PARALLEL_BACK_STARPU;131072;2048;100;24;2;10.13933100
hotspot;PARALLEL_BACK_STARPU;16384;1024;5;22;4;6.78207207
hotspot;PARALLEL_BACK_STARPU;16384;1024;5;28;2;15.56576824
nbody;PARALLEL_BACK_STARPU;98304;2048;5;26;4;16.04370100
cdf_solver;PARALLEL_BACK_STARPU;131072;2048;100;28;2;47.80106000
cdf_solver;PARALLEL_BACK_STARPU;131072;2048;100;20;4;6.81276900
hotspot;PARALLEL_BACK_STARPU;16384;1024;5;28;0;25.11228371
hotspot;PARALLEL_BACK_STARPU;16384;1024;5;20;0;32.63072968
nbody;PARALLEL_BACK_STARPU;98304;2048;5;18;4;13.17157500
cdf_solver;PARALLEL_BACK_STARPU;131072;2048;100;22;2;10.21578000
cdf_solver;PARALLEL_BACK_STARPU;131072;2048;100;20;4;6.79386400
cdf_solver;PARALLEL_BACK_STARPU;131072;2048;100;0;1;18.75362700
nbody;PARALLEL_BACK_STARPU;98304;2048;5;28;0;21.72857600
hotspot;PARALLEL_BACK_STARPU;16384;1024;5;22;2;7.92547798
cdf_solver;PARALLEL_BACK_STARPU;131072;2048;100;20;4;6.79810200
cdf_solver;PARALLEL_BACK_STARPU;131072;2048;100;18;0;23.74813700
hotspot;PARALLEL_BACK_STARPU;16384;1024;5;24;3;6.33310223
hotspot;PARALLEL_BACK_STARPU;16384;1024;5;20;3;6.48931408
hotspot;PARALLEL_BACK_STARPU;16384;1024;5;26;3;15.26047802
nbody;PARALLEL_BACK_STARPU;98304;2048;5;20;4;15.27470500
cdf_solver;PARALLEL_BACK_STARPU;131072;2048;100;0;3;8.03132300
hotspot;PARALLEL_BACK_STARPU;16384;1024;5;24;3;6.73942089
nbody;PARALLEL_BACK_STARPU;98304;2048;5;22;1;21.63480600
nbody;PARALLEL_BACK_STARPU;98304;2048;5;0;1;64.56793100
hotspot;PARALLEL_BACK_STARPU;16384;1024;5;26;2;8.86846542
cdf_solver;PARALLEL_BACK_STARPU;131072;2048;100;22;2;10.19723200
nbody;PARALLEL_BACK_STARPU;98304;2048;5;22;1;22.13638500
cdf_solver;PARALLEL_BACK_STARPU;131072;2048;100;0;4;6.72715100
hotspot;PARALLEL_BACK_STARPU;16384;1024;5;18;3;6.93207979
cdf_solver;PARALLEL_BACK_STARPU;131072;2048;100;18;2;9.84945200
cdf_solver;PARALLEL_BACK_STARPU;131072;2048;100;26;2;40.46607100
nbody;PARALLEL_BACK_STARPU;98304;2048;5;28;4;22.27655500
nbody;PARALLEL_BACK_STARPU;98304;2048;5;24;1;23.20073400
hotspot;PARALLEL_BACK_STARPU;16384;1024;5;18;1;11.36224174
cdf_solver;PARALLEL_BACK_STARPU;131072;2048;100;22;2;9.62270200
hotspot;PARALLEL_BACK_STARPU;16384;1024;5;22;1;11.05815411
nbody;PARALLEL_BACK_STARPU;98304;2048;5;0;2;32.96295200
hotspot;PARALLEL_BACK_STARPU;16384;1024;5;0;2;9.04585838
cdf_solver;PARALLEL_BACK_STARPU;131072;2048;100;18;0;23.71298600
hotspot;PARALLEL_BACK_STARPU;16384;1024;5;22;3;6.57755709
hotspot;PARALLEL_BACK_STARPU;16384;1024;5;18;0;37.36573029
hotspot;PARALLEL_BACK_STARPU;16384;1024;5;24;2;7.90937090
cdf_solver;PARALLEL_BACK_STARPU;131072;2048;100;20;3;7.59477500
cdf_solver;PARALLEL_BACK_STARPU;131072;2048;100;28;3;86.47666000
cdf_solver;PARALLEL_BACK_STARPU;131072;2048;100;22;1;12.55926100
nbody;PARALLEL_BACK_STARPU;98304;2048;5;0;1;63.85096400
cdf_solver;PARALLEL_BACK_STARPU;131072;2048;100;26;4;88.81125400
hotspot;PARALLEL_BACK_STARPU;16384;1024;5;28;1;17.15367126
nbody;PARALLEL_BACK_STARPU;98304;2048;5;22;2;19.90921800
hotspot;PARALLEL_BACK_STARPU;16384;1024;5;0;2;9.05322266
hotspot;PARALLEL_BACK_STARPU;16384;1024;5;26;4;11.32270145
hotspot;PARALLEL_BACK_STARPU;16384;1024;5;22;4;6.72403097
nbody;PARALLEL_BACK_STARPU;98304;2048;5;28;3;13.42935200
nbody;PARALLEL_BACK_STARPU;98304;2048;5;22;0;32.47935800
nbody;PARALLEL_BACK_STARPU;98304;2048;5;20;1;21.64323600
cdf_solver;PARALLEL_BACK_STARPU;131072;2048;100;22;3;7.74113100
cdf_solver;PARALLEL_BACK_STARPU;131072;2048;100;28;4;112.21679600
nbody;PARALLEL_BACK_STARPU;98304;2048;5;0;2;33.19701100
nbody;PARALLEL_BACK_STARPU;98304;2048;5;22;3;13.75871000
nbody;PARALLEL_BACK_STARPU;98304;2048;5;26;2;16.58265300
nbody;PARALLEL_BACK_STARPU;98304;2048;5;24;3;15.35945700
nbody;PARALLEL_BACK_STARPU;98304;2048;5;20;0;32.46734100
nbody;PARALLEL_BACK_STARPU;98304;2048;5;20;1;21.64055200
hotspot;PARALLEL_BACK_STARPU;16384;1024;5;28;3;14.23512554
hotspot;PARALLEL_BACK_STARPU;16384;1024;5;22;2;8.05668545
hotspot;PARALLEL_BACK_STARPU;16384;1024;5;18;3;7.21703815
hotspot;PARALLEL_BACK_STARPU;16384;1024;5;0;2;9.06315136
cdf_solver;PARALLEL_BACK_STARPU;131072;2048;100;24;3;7.82785200
nbody;PARALLEL_BACK_STARPU;98304;2048;5;18;0;32.45499500
hotspot;PARALLEL_BACK_STARPU;16384;1024;5;22;1;11.01955605
cdf_solver;PARALLEL_BACK_STARPU;131072;2048;100;24;0;18.37670000
hotspot;PARALLEL_BACK_STARPU;16384;1024;5;26;4;13.64851570
hotspot;PARALLEL_BACK_STARPU;16384;1024;5;28;2;15.57553959
nbody;PARALLEL_BACK_STARPU;98304;2048;5;26;2;18.80808000
nbody;PARALLEL_BACK_STARPU;98304;2048;5;0;1;63.98449500
hotspot;PARALLEL_BACK_STARPU;16384;1024;5;18;1;11.22364235
cdf_solver;PARALLEL_BACK_STARPU;131072;2048;100;0;4;6.84814600
hotspot;PARALLEL_BACK_STARPU;16384;1024;5;18;2;8.24950600
hotspot;PARALLEL_BACK_STARPU;16384;1024;5;20;1;11.10572910
nbody;PARALLEL_BACK_STARPU;98304;2048;5;24;4;13.71495400
cdf_solver;PARALLEL_BACK_STARPU;131072;2048;100;22;4;6.95894200
hotspot;PARALLEL_BACK_STARPU;16384;1024;5;24;2;7.84393501
nbody;PARALLEL_BACK_STARPU;98304;2048;5;28;0;21.72358100
hotspot;PARALLEL_BACK_STARPU;16384;1024;5;24;1;10.80221176
cdf_solver;PARALLEL_BACK_STARPU;131072;2048;100;22;0;18.36752800
cdf_solver;PARALLEL_BACK_STARPU;131072;2048;100;26;1;12.26227000
cdf_solver;PARALLEL_BACK_STARPU;131072;2048;100;0;2;10.31026000
hotspot;PARALLEL_BACK_STARPU;16384;1024;5;0;2;8.77645588
cdf_solver;PARALLEL_BACK_STARPU;131072;2048;100;20;4;6.87482100
nbody;PARALLEL_BACK_STARPU;98304;2048;5;28;3;18.37533400
hotspot;PARALLEL_BACK_STARPU;16384;1024;5;26;1;10.57356644
hotspot;PARALLEL_BACK_STARPU;16384;1024;5;18;0;37.35749435
nbody;PARALLEL_BACK_STARPU;98304;2048;5;26;3;13.61566300
cdf_solver;PARALLEL_BACK_STARPU;131072;2048;100;20;0;23.46763300
cdf_solver;PARALLEL_BACK_STARPU;131072;2048;100;18;0;23.75434000
nbody;PARALLEL_BACK_STARPU;98304;2048;5;26;1;21.88150300
cdf_solver;PARALLEL_BACK_STARPU;131072;2048;100;0;4;6.72727100
hotspot;PARALLEL_BACK_STARPU;16384;1024;5;22;1;11.06146622
hotspot;PARALLEL_BACK_STARPU;16384;1024;5;26;0;25.08604050
nbody;PARALLEL_BACK_STARPU;98304;2048;5;24;4;13.04139700
cdf_solver;PARALLEL_BACK_STARPU;131072;2048;100;28;4;114.81127700
nbody;PARALLEL_BACK_STARPU;98304;2048;5;18;3;16.79986500
cdf_solver;PARALLEL_BACK_STARPU;131072;2048;100;20;2;10.50682200
cdf_solver;PARALLEL_BACK_STARPU;131072;2048;100;28;0;18.28708700
nbody;PARALLEL_BACK_STARPU;98304;2048;5;24;2;18.26231200
cdf_solver;PARALLEL_BACK_STARPU;131072;2048;100;20;2;10.24580300
hotspot;PARALLEL_BACK_STARPU;16384;1024;5;24;1;10.81539536
hotspot;PARALLEL_BACK_STARPU;16384;1024;5;28;0;25.07982445
hotspot;PARALLEL_BACK_STARPU;16384;1024;5;0;3;7.75420094
nbody;PARALLEL_BACK_STARPU;98304;2048;5;20;3;17.85013500
hotspot;PARALLEL_BACK_STARPU;16384;1024;5;22;4;6.69319010
hotspot;PARALLEL_BACK_STARPU;16384;1024;5;20;2;8.02040005
nbody;PARALLEL_BACK_STARPU;98304;2048;5;24;2;19.44513700
nbody;PARALLEL_BACK_STARPU;98304;2048;5;0;4;16.33094300
hotspot;PARALLEL_BACK_STARPU;16384;1024;5;18;0;37.36089706
hotspot;PARALLEL_BACK_STARPU;16384;1024;5;18;3;6.62779617
nbody;PARALLEL_BACK_STARPU;98304;2048;5;24;2;18.15674200
cdf_solver;PARALLEL_BACK_STARPU;131072;2048;100;20;0;23.47865000
cdf_solver;PARALLEL_BACK_STARPU;131072;2048;100;28;2;48.45281300
nbody;PARALLEL_BACK_STARPU;98304;2048;5;28;1;21.82466700
cdf_solver;PARALLEL_BACK_STARPU;131072;2048;100;26;3;226.63438100
hotspot;PARALLEL_BACK_STARPU;16384;1024;5;28;3;14.92898178
hotspot;PARALLEL_BACK_STARPU;16384;1024;5;20;4;6.60867500
nbody;PARALLEL_BACK_STARPU;98304;2048;5;24;1;21.88185700
nbody;PARALLEL_BACK_STARPU;98304;2048;5;28;2;22.18791000
cdf_solver;PARALLEL_BACK_STARPU;131072;2048;100;20;3;7.70244600
hotspot;PARALLEL_BACK_STARPU;16384;1024;5;18;0;37.36777878
cdf_solver;PARALLEL_BACK_STARPU;131072;2048;100;26;3;152.35030900
cdf_solver;PARALLEL_BACK_STARPU;131072;2048;100;20;3;7.65971800
cdf_solver;PARALLEL_BACK_STARPU;131072;2048;100;0;3;8.00371500
hotspot;PARALLEL_BACK_STARPU;16384;1024;5;22;2;8.00235271
hotspot;PARALLEL_BACK_STARPU;16384;1024;5;18;0;37.38690948
cdf_solver;PARALLEL_BACK_STARPU;131072;2048;100;28;3;86.98082500
cdf_solver;PARALLEL_BACK_STARPU;131072;2048;100;18;2;10.36255900
nbody;PARALLEL_BACK_STARPU;98304;2048;5;26;3;21.93745700
hotspot;PARALLEL_BACK_STARPU;16384;1024;5;22;3;6.92166805
hotspot;PARALLEL_BACK_STARPU;16384;1024;5;0;3;7.29595709
cdf_solver;PARALLEL_BACK_STARPU;131072;2048;100;20;3;7.67059100
cdf_solver;PARALLEL_BACK_STARPU;131072;2048;100;28;1;33.06078400
nbody;PARALLEL_BACK_STARPU;98304;2048;5;20;0;32.46765700
hotspot;PARALLEL_BACK_STARPU;16384;1024;5;20;2;8.55152512
nbody;PARALLEL_BACK_STARPU;98304;2048;5;18;0;32.44985800
cdf_solver;PARALLEL_BACK_STARPU;131072;2048;100;28;2;46.37683800
cdf_solver;PARALLEL_BACK_STARPU;131072;2048;100;26;2;39.61041900
hotspot;PARALLEL_BACK_STARPU;16384;1024;5;24;1;10.83565521
cdf_solver;PARALLEL_BACK_STARPU;131072;2048;100;0;3;8.02563900
nbody;PARALLEL_BACK_STARPU;98304;2048;5;0;4;15.80803300
hotspot;PARALLEL_BACK_STARPU;16384;1024;5;22;0;30.08028412
nbody;PARALLEL_BACK_STARPU;98304;2048;5;22;1;21.64691800
hotspot;PARALLEL_BACK_STARPU;16384;1024;5;18;4;7.40416813
hotspot;PARALLEL_BACK_STARPU;16384;1024;5;26;0;25.11812401
hotspot;PARALLEL_BACK_STARPU;16384;1024;5;26;0;25.09316063
nbody;PARALLEL_BACK_STARPU;98304;2048;5;22;1;21.65805100
hotspot;PARALLEL_BACK_STARPU;16384;1024;5;22;0;30.03159142
nbody;PARALLEL_BACK_STARPU;98304;2048;5;0;3;19.99502400
nbody;PARALLEL_BACK_STARPU;98304;2048;5;22;4;17.63788500
cdf_solver;PARALLEL_BACK_STARPU;131072;2048;100;22;0;18.38965100
nbody;PARALLEL_BACK_STARPU;98304;2048;5;28;4;22.20497900
cdf_solver;PARALLEL_BACK_STARPU;131072;2048;100;24;2;10.24874600
cdf_solver;PARALLEL_BACK_STARPU;131072;2048;100;26;2;39.80720100
hotspot;PARALLEL_BACK_STARPU;16384;1024;5;22;1;10.94498730
cdf_solver;PARALLEL_BACK_STARPU;131072;2048;100;26;1;11.98011300
nbody;PARALLEL_BACK_STARPU;98304;2048;5;20;3;16.09778400
hotspot;PARALLEL_BACK_STARPU;16384;1024;5;22;1;11.04109859
nbody;PARALLEL_BACK_STARPU;98304;2048;5;24;0;21.73635000
nbody;PARALLEL_BACK_STARPU;98304;2048;5;26;1;21.84952100
hotspot;PARALLEL_BACK_STARPU;16384;1024;5;28;4;14.08637810
nbody;PARALLEL_BACK_STARPU;98304;2048;5;18;2;20.33168400
nbody;PARALLEL_BACK_STARPU;98304;2048;5;20;1;23.17848100
nbody;PARALLEL_BACK_STARPU;98304;2048;5;20;1;22.79754200
hotspot;PARALLEL_BACK_STARPU;16384;1024;5;24;0;27.82819557
cdf_solver;PARALLEL_BACK_STARPU;131072;2048;100;26;1;12.18017600
cdf_solver;PARALLEL_BACK_STARPU;131072;2048;100;22;4;6.85175000
nbody;PARALLEL_BACK_STARPU;98304;2048;5;28;4;22.40369900
hotspot;PARALLEL_BACK_STARPU;16384;1024;5;18;0;37.35024643
nbody;PARALLEL_BACK_STARPU;98304;2048;5;22;2;17.68065000
hotspot;PARALLEL_BACK_STARPU;16384;1024;5;28;0;25.08074379
nbody;PARALLEL_BACK_STARPU;98304;2048;5;20;1;21.65061900
hotspot;PARALLEL_BACK_STARPU;16384;1024;5;24;2;8.10610390
nbody;PARALLEL_BACK_STARPU;98304;2048;5;24;4;18.02878900
cdf_solver;PARALLEL_BACK_STARPU;131072;2048;100;22;0;18.41977700
cdf_solver;PARALLEL_BACK_STARPU;131072;2048;100;26;0;18.31727800
cdf_solver;PARALLEL_BACK_STARPU;131072;2048;100;18;3;7.46710800
nbody;PARALLEL_BACK_STARPU;98304;2048;5;18;4;15.28141200
hotspot;PARALLEL_BACK_STARPU;16384;1024;5;22;0;30.05502892
cdf_solver;PARALLEL_BACK_STARPU;131072;2048;100;28;3;85.71920100
nbody;PARALLEL_BACK_STARPU;98304;2048;5;26;0;21.72915700
hotspot;PARALLEL_BACK_STARPU;16384;1024;5;20;0;32.61961746
hotspot;PARALLEL_BACK_STARPU;16384;1024;5;26;4;13.57763195
hotspot;PARALLEL_BACK_STARPU;16384;1024;5;22;1;10.91095829
nbody;PARALLEL_BACK_STARPU;98304;2048;5;20;4;10.91049500
nbody;PARALLEL_BACK_STARPU;98304;2048;5;28;2;22.77569000
nbody;PARALLEL_BACK_STARPU;98304;2048;5;26;4;11.29195900
hotspot;PARALLEL_BACK_STARPU;16384;1024;5;26;1;10.51439857
hotspot;PARALLEL_BACK_STARPU;16384;1024;5;26;3;17.80048943
nbody;PARALLEL_BACK_STARPU;98304;2048;5;20;3;14.28014800
hotspot;PARALLEL_BACK_STARPU;16384;1024;5;20;0;32.62819672
hotspot;PARALLEL_BACK_STARPU;16384;1024;5;18;2;8.15641212
nbody;PARALLEL_BACK_STARPU;98304;2048;5;22;1;21.64858400
cdf_solver;PARALLEL_BACK_STARPU;131072;2048;100;26;0;18.32105800
nbody;PARALLEL_BACK_STARPU;98304;2048;5;0;4;15.12797200
nbody;PARALLEL_BACK_STARPU;98304;2048;5;0;2;32.89263200
cdf_solver;PARALLEL_BACK_STARPU;131072;2048;100;24;1;12.21599100
cdf_solver;PARALLEL_BACK_STARPU;131072;2048;100;26;4;97.42324700
cdf_solver;PARALLEL_BACK_STARPU;131072;2048;100;24;0;18.36312400
nbody;PARALLEL_BACK_STARPU;98304;2048;5;26;2;18.79500900
cdf_solver;PARALLEL_BACK_STARPU;131072;2048;100;22;3;7.80232300
cdf_solver;PARALLEL_BACK_STARPU;131072;2048;100;22;2;10.21219300
hotspot;PARALLEL_BACK_STARPU;16384;1024;5;28;2;13.85993290
hotspot;PARALLEL_BACK_STARPU;16384;1024;5;22;4;6.75029612
nbody;PARALLEL_BACK_STARPU;98304;2048;5;26;3;15.30427300
nbody;PARALLEL_BACK_STARPU;98304;2048;5;26;1;22.16890600
hotspot;PARALLEL_BACK_STARPU;16384;1024;5;18;4;7.55441284
hotspot;PARALLEL_BACK_STARPU;16384;1024;5;18;4;7.17715979
hotspot;PARALLEL_BACK_STARPU;16384;1024;5;26;3;20.31348038
hotspot;PARALLEL_BACK_STARPU;16384;1024;5;22;0;30.03339767
nbody;PARALLEL_BACK_STARPU;98304;2048;5;20;4;10.91811700
cdf_solver;PARALLEL_BACK_STARPU;131072;2048;100;26;3;62.37735000
nbody;PARALLEL_BACK_STARPU;98304;2048;5;18;2;21.04136800
cdf_solver;PARALLEL_BACK_STARPU;131072;2048;100;20;3;7.73539700
cdf_solver;PARALLEL_BACK_STARPU;131072;2048;100;24;0;18.42176400
hotspot;PARALLEL_BACK_STARPU;16384;1024;5;28;1;17.50844574
nbody;PARALLEL_BACK_STARPU;98304;2048;5;18;0;32.47143800
nbody;PARALLEL_BACK_STARPU;98304;2048;5;28;3;18.07969800
cdf_solver;PARALLEL_BACK_STARPU;131072;2048;100;28;1;33.16063100
nbody;PARALLEL_BACK_STARPU;98304;2048;5;20;3;16.51285600
cdf_solver;PARALLEL_BACK_STARPU;131072;2048;100;18;4;6.70299700
nbody;PARALLEL_BACK_STARPU;98304;2048;5;20;0;32.47813000
nbody;PARALLEL_BACK_STARPU;98304;2048;5;24;4;13.72451600
cdf_solver;PARALLEL_BACK_STARPU;131072;2048;100;18;1;12.93197100
nbody;PARALLEL_BACK_STARPU;98304;2048;5;26;0;21.74774200
cdf_solver;PARALLEL_BACK_STARPU;131072;2048;100;26;1;12.03894300
hotspot;PARALLEL_BACK_STARPU;16384;1024;5;28;3;15.36328888
cdf_solver;PARALLEL_BACK_STARPU;131072;2048;100;22;4;7.01213100
nbody;PARALLEL_BACK_STARPU;98304;2048;5;0;2;32.73342700
nbody;PARALLEL_BACK_STARPU;98304;2048;5;26;1;22.89780700
cdf_solver;PARALLEL_BACK_STARPU;131072;2048;100;28;3;84.45289400
nbody;PARALLEL_BACK_STARPU;98304;2048;5;26;3;17.21170600
hotspot;PARALLEL_BACK_STARPU;16384;1024;5;20;3;6.85439396
hotspot;PARALLEL_BACK_STARPU;16384;1024;5;0;1;14.72159576
hotspot;PARALLEL_BACK_STARPU;16384;1024;5;24;3;6.73245478
nbody;PARALLEL_BACK_STARPU;98304;2048;5;24;4;13.82247700
cdf_solver;PARALLEL_BACK_STARPU;131072;2048;100;18;1;12.97188800
nbody;PARALLEL_BACK_STARPU;98304;2048;5;18;3;18.51715400
hotspot;PARALLEL_BACK_STARPU;16384;1024;5;0;1;14.92764664
hotspot;PARALLEL_BACK_STARPU;16384;1024;5;22;1;11.07797337
hotspot;PARALLEL_BACK_STARPU;16384;1024;5;26;2;9.25287628
nbody;PARALLEL_BACK_STARPU;98304;2048;5;0;3;21.28544500
nbody;PARALLEL_BACK_STARPU;98304;2048;5;0;3;22.10456400
hotspot;PARALLEL_BACK_STARPU;16384;1024;5;18;4;6.68911886
nbody;PARALLEL_BACK_STARPU;98304;2048;5;22;1;21.79382500
nbody;PARALLEL_BACK_STARPU;98304;2048;5;0;4;16.03647800
nbody;PARALLEL_BACK_STARPU;98304;2048;5;24;1;22.99621100
hotspot;PARALLEL_BACK_STARPU;16384;1024;5;28;4;14.68250465
nbody;PARALLEL_BACK_STARPU;98304;2048;5;24;1;22.00083700
cdf_solver;PARALLEL_BACK_STARPU;131072;2048;100;22;0;18.39483000
nbody;PARALLEL_BACK_STARPU;98304;2048;5;18;3;16.26984500
cdf_solver;PARALLEL_BACK_STARPU;131072;2048;100;22;0;18.39007300
nbody;PARALLEL_BACK_STARPU;98304;2048;5;26;2;16.01701300
cdf_solver;PARALLEL_BACK_STARPU;131072;2048;100;0;2;10.98244300
cdf_solver;PARALLEL_BACK_STARPU;131072;2048;100;20;4;6.80863900
nbody;PARALLEL_BACK_STARPU;98304;2048;5;22;0;32.47129700
cdf_solver;PARALLEL_BACK_STARPU;131072;2048;100;20;1;12.90904300
hotspot;PARALLEL_BACK_STARPU;16384;1024;5;0;3;7.31209183
nbody;PARALLEL_BACK_STARPU;98304;2048;5;28;2;21.86439600
cdf_solver;PARALLEL_BACK_STARPU;131072;2048;100;0;2;10.99217600
nbody;PARALLEL_BACK_STARPU;98304;2048;5;0;2;33.29842900
nbody;PARALLEL_BACK_STARPU;98304;2048;5;22;4;15.70172600
hotspot;PARALLEL_BACK_STARPU;16384;1024;5;20;3;7.07661819
hotspot;PARALLEL_BACK_STARPU;16384;1024;5;24;2;7.84228182
hotspot;PARALLEL_BACK_STARPU;16384;1024;5;22;3;6.77985382
nbody;PARALLEL_BACK_STARPU;98304;2048;5;28;3;14.13751000
hotspot;PARALLEL_BACK_STARPU;16384;1024;5;20;2;8.05113602
cdf_solver;PARALLEL_BACK_STARPU;131072;2048;100;22;4;6.82333100
nbody;PARALLEL_BACK_STARPU;98304;2048;5;18;0;32.43649100
cdf_solver;PARALLEL_BACK_STARPU;131072;2048;100;26;3;140.03330400
hotspot;PARALLEL_BACK_STARPU;16384;1024;5;24;0;27.89001656
cdf_solver;PARALLEL_BACK_STARPU;131072;2048;100;20;2;9.65266000
nbody;PARALLEL_BACK_STARPU;98304;2048;5;28;2;22.04810700
cdf_solver;PARALLEL_BACK_STARPU;131072;2048;100;18;0;23.75330400
nbody;PARALLEL_BACK_STARPU;98304;2048;5;26;3;15.78545400
cdf_solver;PARALLEL_BACK_STARPU;131072;2048;100;28;1;33.16093500
nbody;PARALLEL_BACK_STARPU;98304;2048;5;0;4;15.12164400
nbody;PARALLEL_BACK_STARPU;98304;2048;5;28;3;15.98424900
cdf_solver;PARALLEL_BACK_STARPU;131072;2048;100;26;3;258.65081200
hotspot;PARALLEL_BACK_STARPU;16384;1024;5;18;2;8.09107685
nbody;PARALLEL_BACK_STARPU;98304;2048;5;20;0;32.49482800
cdf_solver;PARALLEL_BACK_STARPU;131072;2048;100;22;1;12.70052500
nbody;PARALLEL_BACK_STARPU;98304;2048;5;22;0;32.50538900
cdf_solver;PARALLEL_BACK_STARPU;131072;2048;100;26;0;18.32939100
nbody;PARALLEL_BACK_STARPU;98304;2048;5;18;3;18.06759500
cdf_solver;PARALLEL_BACK_STARPU;131072;2048;100;22;1;12.54048800
hotspot;PARALLEL_BACK_STARPU;16384;1024;5;24;2;7.96874619
hotspot;PARALLEL_BACK_STARPU;16384;1024;5;0;2;8.94084835
nbody;PARALLEL_BACK_STARPU;98304;2048;5;18;2;21.13653100
nbody;PARALLEL_BACK_STARPU;98304;2048;5;20;0;32.48579700
hotspot;PARALLEL_BACK_STARPU;16384;1024;5;24;3;6.32929182
cdf_solver;PARALLEL_BACK_STARPU;131072;2048;100;26;3;198.68137200
cdf_solver;PARALLEL_BACK_STARPU;131072;2048;100;0;2;10.56238800
cdf_solver;PARALLEL_BACK_STARPU;131072;2048;100;28;0;18.32916800
hotspot;PARALLEL_BACK_STARPU;16384;1024;5;18;1;11.38139057
nbody;PARALLEL_BACK_STARPU;98304;2048;5;24;0;21.72666800
nbody;PARALLEL_BACK_STARPU;98304;2048;5;22;2;17.46439800
cdf_solver;PARALLEL_BACK_STARPU;131072;2048;100;22;3;7.77088900
hotspot;PARALLEL_BACK_STARPU;16384;1024;5;26;4;13.23400974
hotspot;PARALLEL_BACK_STARPU;16384;1024;5;0;2;8.66802311
cdf_solver;PARALLEL_BACK_STARPU;131072;2048;100;26;4;83.18101400
nbody;PARALLEL_BACK_STARPU;98304;2048;5;20;0;32.47270900
hotspot;PARALLEL_BACK_STARPU;16384;1024;5;0;4;6.93104410
hotspot;PARALLEL_BACK_STARPU;16384;1024;5;20;1;11.22473717
cdf_solver;PARALLEL_BACK_STARPU;131072;2048;100;20;3;7.60923000
nbody;PARALLEL_BACK_STARPU;98304;2048;5;20;4;15.50779500
nbody;PARALLEL_BACK_STARPU;98304;2048;5;22;2;20.09953000
hotspot;PARALLEL_BACK_STARPU;16384;1024;5;26;3;19.10099792
cdf_solver;PARALLEL_BACK_STARPU;131072;2048;100;28;2;47.46075900
cdf_solver;PARALLEL_BACK_STARPU;131072;2048;100;28;3;89.01751700
nbody;PARALLEL_BACK_STARPU;98304;2048;5;24;3;13.20758400
hotspot;PARALLEL_BACK_STARPU;16384;1024;5;22;2;8.13110828
hotspot;PARALLEL_BACK_STARPU;16384;1024;5;28;3;14.83536911
nbody;PARALLEL_BACK_STARPU;98304;2048;5;20;4;13.12463500
hotspot;PARALLEL_BACK_STARPU;16384;1024;5;28;3;15.40848255
cdf_solver;PARALLEL_BACK_STARPU;131072;2048;100;28;1;33.75002300
cdf_solver;PARALLEL_BACK_STARPU;131072;2048;100;0;3;7.94199800
hotspot;PARALLEL_BACK_STARPU;16384;1024;5;26;3;18.79016685
nbody;PARALLEL_BACK_STARPU;98304;2048;5;26;3;11.16043000
nbody;PARALLEL_BACK_STARPU;98304;2048;5;18;1;22.57838800
hotspot;PARALLEL_BACK_STARPU;16384;1024;5;26;0;25.08972359
cdf_solver;PARALLEL_BACK_STARPU;131072;2048;100;26;0;18.35269200
hotspot;PARALLEL_BACK_STARPU;16384;1024;5;20;4;7.11634922
nbody;PARALLEL_BACK_STARPU;98304;2048;5;18;4;15.24731500
cdf_solver;PARALLEL_BACK_STARPU;131072;2048;100;26;4;93.42302300
hotspot;PARALLEL_BACK_STARPU;16384;1024;5;20;3;6.58986807
hotspot;PARALLEL_BACK_STARPU;16384;1024;5;20;3;6.83554411
cdf_solver;PARALLEL_BACK_STARPU;131072;2048;100;28;2;50.56231200
cdf_solver;PARALLEL_BACK_STARPU;131072;2048;100;18;4;6.68609100
cdf_solver;PARALLEL_BACK_STARPU;131072;2048;100;0;2;10.86829900
nbody;PARALLEL_BACK_STARPU;98304;2048;5;24;1;21.65669400
hotspot;PARALLEL_BACK_STARPU;16384;1024;5;20;0;32.61941528
hotspot;PARALLEL_BACK_STARPU;16384;1024;5;0;1;14.69625282
hotspot;PARALLEL_BACK_STARPU;16384;1024;5;24;0;27.88940811
nbody;PARALLEL_BACK_STARPU;98304;2048;5;22;4;13.11340400
cdf_solver;PARALLEL_BACK_STARPU;131072;2048;100;26;3;260.75331800
cdf_solver;PARALLEL_BACK_STARPU;131072;2048;100;28;4;113.50548000
nbody;PARALLEL_BACK_STARPU;98304;2048;5;18;2;21.13323200
cdf_solver;PARALLEL_BACK_STARPU;131072;2048;100;22;0;18.34830100
cdf_solver;PARALLEL_BACK_STARPU;131072;2048;100;22;4;6.83873200
nbody;PARALLEL_BACK_STARPU;98304;2048;5;26;4;14.61874600
cdf_solver;PARALLEL_BACK_STARPU;131072;2048;100;22;0;18.39933000
cdf_solver;PARALLEL_BACK_STARPU;131072;2048;100;24;1;12.16302800
cdf_solver;PARALLEL_BACK_STARPU;131072;2048;100;28;4;103.66084900
cdf_solver;PARALLEL_BACK_STARPU;131072;2048;100;18;2;10.15876400
cdf_solver;PARALLEL_BACK_STARPU;131072;2048;100;18;2;10.99320900
hotspot;PARALLEL_BACK_STARPU;16384;1024;5;0;2;9.21291161
cdf_solver;PARALLEL_BACK_STARPU;131072;2048;100;22;2;10.01898700
cdf_solver;PARALLEL_BACK_STARPU;131072;2048;100;28;2;49.27076800
nbody;PARALLEL_BACK_STARPU;98304;2048;5;24;3;17.39080500
hotspot;PARALLEL_BACK_STARPU;16384;1024;5;22;2;8.59946632
hotspot;PARALLEL_BACK_STARPU;16384;1024;5;18;2;8.29084301
cdf_solver;PARALLEL_BACK_STARPU;131072;2048;100;18;4;6.68245300
nbody;PARALLEL_BACK_STARPU;98304;2048;5;18;2;20.82281000
hotspot;PARALLEL_BACK_STARPU;16384;1024;5;28;0;25.11121941
cdf_solver;PARALLEL_BACK_STARPU;131072;2048;100;24;0;18.44908700
hotspot;PARALLEL_BACK_STARPU;16384;1024;5;0;4;6.95087814
hotspot;PARALLEL_BACK_STARPU;16384;1024;5;28;0;25.07186508
nbody;PARALLEL_BACK_STARPU;98304;2048;5;0;3;20.16006000
nbody;PARALLEL_BACK_STARPU;98304;2048;5;28;1;22.08939200
cdf_solver;PARALLEL_BACK_STARPU;131072;2048;100;18;1;12.94732100
nbody;PARALLEL_BACK_STARPU;98304;2048;5;24;0;21.72566700
cdf_solver;PARALLEL_BACK_STARPU;131072;2048;100;24;2;10.14748300
nbody;PARALLEL_BACK_STARPU;98304;2048;5;24;3;13.05187900
cdf_solver;PARALLEL_BACK_STARPU;131072;2048;100;22;1;12.74638300
hotspot;PARALLEL_BACK_STARPU;16384;1024;5;0;4;7.32790184
hotspot;PARALLEL_BACK_STARPU;16384;1024;5;26;1;10.52617836
cdf_solver;PARALLEL_BACK_STARPU;131072;2048;100;28;0;18.30401500
cdf_solver;PARALLEL_BACK_STARPU;131072;2048;100;22;2;10.16200700
hotspot;PARALLEL_BACK_STARPU;16384;1024;5;0;4;7.14281893
hotspot;PARALLEL_BACK_STARPU;16384;1024;5;24;1;10.77901363
hotspot;PARALLEL_BACK_STARPU;16384;1024;5;26;1;10.51575470
cdf_solver;PARALLEL_BACK_STARPU;131072;2048;100;28;4;112.46167200
hotspot;PARALLEL_BACK_STARPU;16384;1024;5;18;3;6.92274904
nbody;PARALLEL_BACK_STARPU;98304;2048;5;24;2;19.10811400
hotspot;PARALLEL_BACK_STARPU;16384;1024;5;18;4;6.94718885
cdf_solver;PARALLEL_BACK_STARPU;131072;2048;100;24;1;12.37792700
nbody;PARALLEL_BACK_STARPU;98304;2048;5;22;0;32.46742700
cdf_solver;PARALLEL_BACK_STARPU;131072;2048;100;24;0;18.43522400
hotspot;PARALLEL_BACK_STARPU;16384;1024;5;18;1;11.23539829
nbody;PARALLEL_BACK_STARPU;98304;2048;5;20;1;21.64855700
hotspot;PARALLEL_BACK_STARPU;16384;1024;5;28;2;15.52317142
hotspot;PARALLEL_BACK_STARPU;16384;1024;5;26;2;8.94133759
cdf_solver;PARALLEL_BACK_STARPU;131072;2048;100;20;1;12.83421600
hotspot;PARALLEL_BACK_STARPU;16384;1024;5;0;1;14.74628639
hotspot;PARALLEL_BACK_STARPU;16384;1024;5;28;0;25.08563614
cdf_solver;PARALLEL_BACK_STARPU;131072;2048;100;24;4;56.41211300
hotspot;PARALLEL_BACK_STARPU;16384;1024;5;24;4;8.20607662
cdf_solver;PARALLEL_BACK_STARPU;131072;2048;100;18;0;23.70179100
nbody;PARALLEL_BACK_STARPU;98304;2048;5;0;2;31.54358600
hotspot;PARALLEL_BACK_STARPU;16384;1024;5;0;1;14.72782230
hotspot;PARALLEL_BACK_STARPU;16384;1024;5;22;3;6.40983486
cdf_solver;PARALLEL_BACK_STARPU;131072;2048;100;24;0;18.36151300
nbody;PARALLEL_BACK_STARPU;98304;2048;5;26;2;19.17343300
cdf_solver;PARALLEL_BACK_STARPU;131072;2048;100;18;1;12.96002600
hotspot;PARALLEL_BACK_STARPU;16384;1024;5;0;4;7.39897919
cdf_solver;PARALLEL_BACK_STARPU;131072;2048;100;18;3;7.54130100
cdf_solver;PARALLEL_BACK_STARPU;131072;2048;100;22;4;6.89332400
nbody;PARALLEL_BACK_STARPU;98304;2048;5;18;2;20.99780400
cdf_solver;PARALLEL_BACK_STARPU;131072;2048;100;22;4;6.91366500
cdf_solver;PARALLEL_BACK_STARPU;131072;2048;100;24;0;18.34284000
hotspot;PARALLEL_BACK_STARPU;16384;1024;5;18;2;8.19531441
cdf_solver;PARALLEL_BACK_STARPU;131072;2048;100;0;3;8.01571800
hotspot;PARALLEL_BACK_STARPU;16384;1024;5;24;1;10.86740875
cdf_solver;PARALLEL_BACK_STARPU;131072;2048;100;24;3;7.91438700
nbody;PARALLEL_BACK_STARPU;98304;2048;5;26;0;21.72734300
nbody;PARALLEL_BACK_STARPU;98304;2048;5;20;2;18.15139900
nbody;PARALLEL_BACK_STARPU;98304;2048;5;28;0;21.72700100
nbody;PARALLEL_BACK_STARPU;98304;2048;5;28;0;21.73346900
nbody;PARALLEL_BACK_STARPU;98304;2048;5;26;4;18.18050700
nbody;PARALLEL_BACK_STARPU;98304;2048;5;18;4;13.21604600
cdf_solver;PARALLEL_BACK_STARPU;131072;2048;100;24;2;9.96661600
hotspot;PARALLEL_BACK_STARPU;16384;1024;5;28;4;14.30813313
cdf_solver;PARALLEL_BACK_STARPU;131072;2048;100;18;4;6.68964900
hotspot;PARALLEL_BACK_STARPU;16384;1024;5;24;0;27.85860443
nbody;PARALLEL_BACK_STARPU;98304;2048;5;22;1;21.80968800
hotspot;PARALLEL_BACK_STARPU;16384;1024;5;24;4;8.64146996
hotspot;PARALLEL_BACK_STARPU;16384;1024;5;20;4;6.87021589
hotspot;PARALLEL_BACK_STARPU;16384;1024;5;20;3;6.91466093
nbody;PARALLEL_BACK_STARPU;98304;2048;5;20;3;18.17057500
cdf_solver;PARALLEL_BACK_STARPU;131072;2048;100;0;2;10.70553700
cdf_solver;PARALLEL_BACK_STARPU;131072;2048;100;24;4;55.92085900
hotspot;PARALLEL_BACK_STARPU;16384;1024;5;18;4;6.73614502
nbody;PARALLEL_BACK_STARPU;98304;2048;5;18;3;16.90241500
hotspot;PARALLEL_BACK_STARPU;16384;1024;5;26;0;25.11258125
cdf_solver;PARALLEL_BACK_STARPU;131072;2048;100;18;0;23.72290300
hotspot;PARALLEL_BACK_STARPU;16384;1024;5;24;3;8.01795864
nbody;PARALLEL_BACK_STARPU;98304;2048;5;18;0;32.44760400
cdf_solver;PARALLEL_BACK_STARPU;131072;2048;100;22;3;7.68123500
nbody;PARALLEL_BACK_STARPU;98304;2048;5;26;4;19.92062600
cdf_solver;PARALLEL_BACK_STARPU;131072;2048;100;0;4;6.74998900
hotspot;PARALLEL_BACK_STARPU;16384;1024;5;24;1;10.91879845
nbody;PARALLEL_BACK_STARPU;98304;2048;5;22;3;13.43953600
hotspot;PARALLEL_BACK_STARPU;16384;1024;5;26;1;10.57795906
nbody;PARALLEL_BACK_STARPU;98304;2048;5;26;2;20.34271000
nbody;PARALLEL_BACK_STARPU;98304;2048;5;22;3;20.15866000
cdf_solver;PARALLEL_BACK_STARPU;131072;2048;100;24;3;7.89904100
nbody;PARALLEL_BACK_STARPU;98304;2048;5;24;1;22.82321900
hotspot;PARALLEL_BACK_STARPU;16384;1024;5;26;4;15.64959431
nbody;PARALLEL_BACK_STARPU;98304;2048;5;22;1;21.66487800
hotspot;PARALLEL_BACK_STARPU;16384;1024;5;24;1;10.87265873
cdf_solver;PARALLEL_BACK_STARPU;131072;2048;100;0;3;7.87073100
nbody;PARALLEL_BACK_STARPU;98304;2048;5;24;4;17.73986000
cdf_solver;PARALLEL_BACK_STARPU;131072;2048;100;28;2;51.71280100
cdf_solver;PARALLEL_BACK_STARPU;131072;2048;100;0;3;7.97103100
hotspot;PARALLEL_BACK_STARPU;16384;1024;5;26;0;25.08875084
hotspot;PARALLEL_BACK_STARPU;16384;1024;5;18;3;6.67390394
hotspot;PARALLEL_BACK_STARPU;16384;1024;5;22;0;30.03442764
nbody;PARALLEL_BACK_STARPU;98304;2048;5;0;4;15.13995900
hotspot;PARALLEL_BACK_STARPU;16384;1024;5;26;4;13.31360245
cdf_solver;PARALLEL_BACK_STARPU;131072;2048;100;18;4;6.68251100
hotspot;PARALLEL_BACK_STARPU;16384;1024;5;26;0;25.08502388
hotspot;PARALLEL_BACK_STARPU;16384;1024;5;28;4;15.68517685
hotspot;PARALLEL_BACK_STARPU;16384;1024;5;22;2;7.95172691
nbody;PARALLEL_BACK_STARPU;98304;2048;5;18;1;21.65494300
hotspot;PARALLEL_BACK_STARPU;16384;1024;5;28;2;14.84253979
nbody;PARALLEL_BACK_STARPU;98304;2048;5;18;0;32.44601700
cdf_solver;PARALLEL_BACK_STARPU;131072;2048;100;20;1;12.85192500
hotspot;PARALLEL_BACK_STARPU;16384;1024;5;0;3;7.23488188
cdf_solver;PARALLEL_BACK_STARPU;131072;2048;100;22;3;7.77010600
hotspot;PARALLEL_BACK_STARPU;16384;1024;5;24;4;8.05195522
cdf_solver;PARALLEL_BACK_STARPU;131072;2048;100;28;0;18.29364200
cdf_solver;PARALLEL_BACK_STARPU;131072;2048;100;24;3;7.88484300
cdf_solver;PARALLEL_BACK_STARPU;131072;2048;100;22;3;7.79775600
hotspot;PARALLEL_BACK_STARPU;16384;1024;5;20;4;7.55862284
nbody;PARALLEL_BACK_STARPU;98304;2048;5;18;4;15.52689800
hotspot;PARALLEL_BACK_STARPU;16384;1024;5;0;4;7.10037899
nbody;PARALLEL_BACK_STARPU;98304;2048;5;22;0;32.47984900
cdf_solver;PARALLEL_BACK_STARPU;131072;2048;100;20;0;23.51145900
nbody;PARALLEL_BACK_STARPU;98304;2048;5;28;1;21.93786300
nbody;PARALLEL_BACK_STARPU;98304;2048;5;20;1;21.63815900
cdf_solver;PARALLEL_BACK_STARPU;131072;2048;100;18;1;12.92113300
cdf_solver;PARALLEL_BACK_STARPU;131072;2048;100;18;3;7.51849000
cdf_solver;PARALLEL_BACK_STARPU;131072;2048;100;20;2;10.09700700
hotspot;PARALLEL_BACK_STARPU;16384;1024;5;26;0;25.08898354
nbody;PARALLEL_BACK_STARPU;98304;2048;5;22;0;32.48242000
hotspot;PARALLEL_BACK_STARPU;16384;1024;5;22;4;7.03086901
cdf_solver;PARALLEL_BACK_STARPU;131072;2048;100;0;4;6.82991800
nbody;PARALLEL_BACK_STARPU;98304;2048;5;28;1;22.17618500
hotspot;PARALLEL_BACK_STARPU;16384;1024;5;28;3;14.75247288
nbody;PARALLEL_BACK_STARPU;98304;2048;5;18;2;19.95915200
cdf_solver;PARALLEL_BACK_STARPU;131072;2048;100;24;4;51.92554600
nbody;PARALLEL_BACK_STARPU;98304;2048;5;28;2;22.81984800
hotspot;PARALLEL_BACK_STARPU;16384;1024;5;24;2;7.65732479
cdf_solver;PARALLEL_BACK_STARPU;131072;2048;100;26;2;43.75639500
hotspot;PARALLEL_BACK_STARPU;16384;1024;5;24;0;27.87106705
cdf_solver;PARALLEL_BACK_STARPU;131072;2048;100;26;1;11.93182500
nbody;PARALLEL_BACK_STARPU;98304;2048;5;28;3;18.35970900
nbody;PARALLEL_BACK_STARPU;98304;2048;5;20;3;14.12518600
hotspot;PARALLEL_BACK_STARPU;16384;1024;5;24;0;27.86384392
hotspot;PARALLEL_BACK_STARPU;16384;1024;5;22;2;8.26697636
nbody;PARALLEL_BACK_STARPU;98304;2048;5;26;1;21.88350100
nbody;PARALLEL_BACK_STARPU;98304;2048;5;20;0;32.47618600
nbody;PARALLEL_BACK_STARPU;98304;2048;5;24;0;21.73106400
hotspot;PARALLEL_BACK_STARPU;16384;1024;5;24;4;8.06481361
hotspot;PARALLEL_BACK_STARPU;16384;1024;5;28;1;17.41605568
hotspot;PARALLEL_BACK_STARPU;16384;1024;5;26;2;9.78777885
nbody;PARALLEL_BACK_STARPU;98304;2048;5;26;4;12.28367700
cdf_solver;PARALLEL_BACK_STARPU;131072;2048;100;20;1;12.78841700
cdf_solver;PARALLEL_BACK_STARPU;131072;2048;100;20;0;23.45522200
cdf_solver;PARALLEL_BACK_STARPU;131072;2048;100;0;1;18.52420600
hotspot;PARALLEL_BACK_STARPU;16384;1024;5;20;0;32.62245941
hotspot;PARALLEL_BACK_STARPU;16384;1024;5;26;2;9.51209641
hotspot;PARALLEL_BACK_STARPU;16384;1024;5;26;3;19.29643631
nbody;PARALLEL_BACK_STARPU;98304;2048;5;24;3;17.38359400
cdf_solver;PARALLEL_BACK_STARPU;131072;2048;100;0;1;18.65417100
cdf_solver;PARALLEL_BACK_STARPU;131072;2048;100;24;0;18.35448900
cdf_solver;PARALLEL_BACK_STARPU;131072;2048;100;24;1;12.46530900
cdf_solver;PARALLEL_BACK_STARPU;131072;2048;100;28;0;18.29747300
cdf_solver;PARALLEL_BACK_STARPU;131072;2048;100;20;4;6.82667200
cdf_solver;PARALLEL_BACK_STARPU;131072;2048;100;20;2;9.91996500
nbody;PARALLEL_BACK_STARPU;98304;2048;5;20;4;17.44857200
nbody;PARALLEL_BACK_STARPU;98304;2048;5;22;2;20.17317900
hotspot;PARALLEL_BACK_STARPU;16384;1024;5;20;2;8.12465382
nbody;PARALLEL_BACK_STARPU;98304;2048;5;28;2;22.47204800
nbody;PARALLEL_BACK_STARPU;98304;2048;5;18;0;32.46192900
cdf_solver;PARALLEL_BACK_STARPU;131072;2048;100;28;2;47.89425000
hotspot;PARALLEL_BACK_STARPU;16384;1024;5;18;1;11.21656990
hotspot;PARALLEL_BACK_STARPU;16384;1024;5;22;0;30.02898407
nbody;PARALLEL_BACK_STARPU;98304;2048;5;28;3;14.08793600
hotspot;PARALLEL_BACK_STARPU;16384;1024;5;28;1;17.34618759
cdf_solver;PARALLEL_BACK_STARPU;131072;2048;100;26;3;204.48509100
cdf_solver;PARALLEL_BACK_STARPU;131072;2048;100;20;0;23.49578500
nbody;PARALLEL_BACK_STARPU;98304;2048;5;22;0;32.48912300
nbody;PARALLEL_BACK_STARPU;98304;2048;5;22;4;15.60402400
cdf_solver;PARALLEL_BACK_STARPU;131072;2048;100;24;4;55.35267000
cdf_solver;PARALLEL_BACK_STARPU;131072;2048;100;24;2;9.91429700
nbody;PARALLEL_BACK_STARPU;98304;2048;5;22;2;19.01559000
hotspot;PARALLEL_BACK_STARPU;16384;1024;5;28;4;14.92852306
cdf_solver;PARALLEL_BACK_STARPU;131072;2048;100;20;4;6.81254900
hotspot;PARALLEL_BACK_STARPU;16384;1024;5;24;2;8.07943726
hotspot;PARALLEL_BACK_STARPU;16384;1024;5;0;4;7.24606609
cdf_solver;PARALLEL_BACK_STARPU;131072;2048;100;18;3;7.55645000
cdf_solver;PARALLEL_BACK_STARPU;131072;2048;100;24;3;7.95941900
hotspot;PARALLEL_BACK_STARPU;16384;1024;5;20;3;6.43692398
nbody;PARALLEL_BACK_STARPU;98304;2048;5;26;0;21.72750800
cdf_solver;PARALLEL_BACK_STARPU;131072;2048;100;26;2;42.40649200
hotspot;PARALLEL_BACK_STARPU;16384;1024;5;18;3;6.59772682
cdf_solver;PARALLEL_BACK_STARPU;131072;2048;100;28;0;18.29968500
cdf_solver;PARALLEL_BACK_STARPU;131072;2048;100;28;1;33.53181300
nbody;PARALLEL_BACK_STARPU;98304;2048;5;22;4;15.28142200
cdf_solver;PARALLEL_BACK_STARPU;131072;2048;100;26;4;92.66543100
nbody;PARALLEL_BACK_STARPU;98304;2048;5;24;4;15.46749800
nbody;PARALLEL_BACK_STARPU;98304;2048;5;18;3;15.42532000
cdf_solver;PARALLEL_BACK_STARPU;131072;2048;100;18;0;23.71513600
cdf_solver;PARALLEL_BACK_STARPU;131072;2048;100;26;2;43.14637600
hotspot;PARALLEL_BACK_STARPU;16384;1024;5;24;3;6.28390598
cdf_solver;PARALLEL_BACK_STARPU;131072;2048;100;20;4;6.80839100
hotspot;PARALLEL_BACK_STARPU;16384;1024;5;18;2;8.18232346
hotspot;PARALLEL_BACK_STARPU;16384;1024;5;22;1;11.12861443
hotspot;PARALLEL_BACK_STARPU;16384;1024;5;24;0;27.89846039
hotspot;PARALLEL_BACK_STARPU;16384;1024;5;26;2;8.93336868
nbody;PARALLEL_BACK_STARPU;98304;2048;5;0;4;15.11723200
nbody;PARALLEL_BACK_STARPU;98304;2048;5;28;4;22.92665700
nbody;PARALLEL_BACK_STARPU;98304;2048;5;28;0;21.73145800
cdf_solver;PARALLEL_BACK_STARPU;131072;2048;100;18;0;23.72807900
cdf_solver;PARALLEL_BACK_STARPU;131072;2048;100;22;0;18.36128800
nbody;PARALLEL_BACK_STARPU;98304;2048;5;18;1;21.63556600
cdf_solver;PARALLEL_BACK_STARPU;131072;2048;100;24;2;10.08389400
cdf_solver;PARALLEL_BACK_STARPU;131072;2048;100;18;2;10.48615800
nbody;PARALLEL_BACK_STARPU;98304;2048;5;22;0;32.46756300
hotspot;PARALLEL_BACK_STARPU;16384;1024;5;24;0;27.87555122
cdf_solver;PARALLEL_BACK_STARPU;131072;2048;100;18;3;7.54628300
cdf_solver;PARALLEL_BACK_STARPU;131072;2048;100;26;1;12.13153700
cdf_solver;PARALLEL_BACK_STARPU;131072;2048;100;18;2;10.29664200
nbody;PARALLEL_BACK_STARPU;98304;2048;5;28;3;17.73139000
nbody;PARALLEL_BACK_STARPU;98304;2048;5;28;4;21.93648600
cdf_solver;PARALLEL_BACK_STARPU;131072;2048;100;0;1;18.60882900
hotspot;PARALLEL_BACK_STARPU;16384;1024;5;0;4;7.10206223
cdf_solver;PARALLEL_BACK_STARPU;131072;2048;100;20;0;23.44988100
nbody;PARALLEL_BACK_STARPU;98304;2048;5;24;0;21.73495900
nbody;PARALLEL_BACK_STARPU;98304;2048;5;22;2;17.82113700
hotspot;PARALLEL_BACK_STARPU;16384;1024;5;28;2;16.06489754
nbody;PARALLEL_BACK_STARPU;98304;2048;5;26;0;21.73313500
hotspot;PARALLEL_BACK_STARPU;16384;1024;5;24;3;6.24942303
hotspot;PARALLEL_BACK_STARPU;16384;1024;5;18;1;11.21061039
cdf_solver;PARALLEL_BACK_STARPU;131072;2048;100;28;3;85.27742800
hotspot;PARALLEL_BACK_STARPU;16384;1024;5;24;1;10.76478863
hotspot;PARALLEL_BACK_STARPU;16384;1024;5;22;4;6.85101700
hotspot;PARALLEL_BACK_STARPU;16384;1024;5;20;4;7.50081205
cdf_solver;PARALLEL_BACK_STARPU;131072;2048;100;0;3;7.87322100
hotspot;PARALLEL_BACK_STARPU;16384;1024;5;0;3;7.51734495
cdf_solver;PARALLEL_BACK_STARPU;131072;2048;100;26;0;18.42598600
hotspot;PARALLEL_BACK_STARPU;16384;1024;5;26;2;8.91108513
hotspot;PARALLEL_BACK_STARPU;16384;1024;5;28;1;17.62207985
nbody;PARALLEL_BACK_STARPU;98304;2048;5;0;3;20.16846900
hotspot;PARALLEL_BACK_STARPU;16384;1024;5;28;4;14.77064800
nbody;PARALLEL_BACK_STARPU;98304;2048;5;24;0;21.73516900
cdf_solver;PARALLEL_BACK_STARPU;131072;2048;100;18;1;12.88819500
cdf_solver;PARALLEL_BACK_STARPU;131072;2048;100;24;4;47.74502000
nbody;PARALLEL_BACK_STARPU;98304;2048;5;0;1;63.49441400
cdf_solver;PARALLEL_BACK_STARPU;131072;2048;100;24;1;12.18747900
hotspot;PARALLEL_BACK_STARPU;16384;1024;5;18;4;7.26069212
cdf_solver;PARALLEL_BACK_STARPU;131072;2048;100;18;4;6.67133000
cdf_solver;PARALLEL_BACK_STARPU;131072;2048;100;24;4;57.86121200
cdf_solver;PARALLEL_BACK_STARPU;131072;2048;100;26;1;11.97977900
hotspot;PARALLEL_BACK_STARPU;16384;1024;5;20;1;11.23144722
cdf_solver;PARALLEL_BACK_STARPU;131072;2048;100;0;2;10.55353100
cdf_solver;PARALLEL_BACK_STARPU;131072;2048;100;18;4;6.68081900
nbody;PARALLEL_BACK_STARPU;98304;2048;5;18;1;22.68396500
cdf_solver;PARALLEL_BACK_STARPU;131072;2048;100;28;0;18.33511200
nbody;PARALLEL_BACK_STARPU;98304;2048;5;24;1;21.67073100
nbody;PARALLEL_BACK_STARPU;98304;2048;5;28;1;23.37217400
hotspot;PARALLEL_BACK_STARPU;16384;1024;5;26;3;16.55552673
hotspot;PARALLEL_BACK_STARPU;16384;1024;5;18;1;11.26710987
nbody;PARALLEL_BACK_STARPU;98304;2048;5;26;4;17.96700200
cdf_solver;PARALLEL_BACK_STARPU;131072;2048;100;22;3;7.71219800
nbody;PARALLEL_BACK_STARPU;98304;2048;5;20;2;20.52698700
cdf_solver;PARALLEL_BACK_STARPU;131072;2048;100;18;3;7.60460100
cdf_solver;PARALLEL_BACK_STARPU;131072;2048;100;28;4;112.38984500
hotspot;PARALLEL_BACK_STARPU;16384;1024;5;18;3;6.94314814
nbody;PARALLEL_BACK_STARPU;98304;2048;5;26;1;21.70038200
nbody;PARALLEL_BACK_STARPU;98304;2048;5;0;1;65.53720000
cdf_solver;PARALLEL_BACK_STARPU;131072;2048;100;20;1;13.12836700
hotspot;PARALLEL_BACK_STARPU;16384;1024;5;26;2;9.42358875
hotspot;PARALLEL_BACK_STARPU;16384;1024;5;24;4;8.21387482
hotspot;PARALLEL_BACK_STARPU;16384;1024;5;0;1;14.72568798
hotspot;PARALLEL_BACK_STARPU;16384;1024;5;24;4;8.36197567
hotspot;PARALLEL_BACK_STARPU;16384;1024;5;28;2;14.09284687
nbody;PARALLEL_BACK_STARPU;98304;2048;5;18;3;19.84038100
hotspot;PARALLEL_BACK_STARPU;16384;1024;5;28;1;17.49864197
hotspot;PARALLEL_BACK_STARPU;16384;1024;5;0;4;7.47479296
cdf_solver;PARALLEL_BACK_STARPU;131072;2048;100;28;3;83.75338600
nbody;PARALLEL_BACK_STARPU;98304;2048;5;28;1;22.17508700
hotspot;PARALLEL_BACK_STARPU;16384;1024;5;28;3;14.62508583
hotspot;PARALLEL_BACK_STARPU;16384;1024;5;18;4;6.74332619
nbody;PARALLEL_BACK_STARPU;98304;2048;5;24;0;21.72807500
nbody;PARALLEL_BACK_STARPU;98304;2048;5;20;2;19.29971500
hotspot;PARALLEL_BACK_STARPU;16384;1024;5;20;4;7.36520910
nbody;PARALLEL_BACK_STARPU;98304;2048;5;26;1;21.71012200
hotspot;PARALLEL_BACK_STARPU;16384;1024;5;20;4;6.94977713
cdf_solver;PARALLEL_BACK_STARPU;131072;2048;100;20;1;12.80902700
cdf_solver;PARALLEL_BACK_STARPU;131072;2048;100;18;2;10.39656300
nbody;PARALLEL_BACK_STARPU;98304;2048;5;18;1;22.73860600
nbody;PARALLEL_BACK_STARPU;98304;2048;5;28;4;23.04770000
hotspot;PARALLEL_BACK_STARPU;16384;1024;5;20;0;32.61034775
nbody;PARALLEL_BACK_STARPU;98304;2048;5;18;2;19.47105900
cdf_solver;PARALLEL_BACK_STARPU;131072;2048;100;20;3;7.72127300
nbody;PARALLEL_BACK_STARPU;98304;2048;5;22;4;13.23307700
hotspot;PARALLEL_BACK_STARPU;16384;1024;5;26;0;25.09402847
cdf_solver;PARALLEL_BACK_STARPU;131072;2048;100;26;2;46.71947300
cdf_solver;PARALLEL_BACK_STARPU;131072;2048;100;26;0;18.33641600
cdf_solver;PARALLEL_BACK_STARPU;131072;2048;100;20;2;10.06804700
hotspot;PARALLEL_BACK_STARPU;16384;1024;5;22;2;8.00208378
hotspot;PARALLEL_BACK_STARPU;16384;1024;5;28;1;17.51523209
hotspot;PARALLEL_BACK_STARPU;16384;1024;5;28;4;16.34965134
hotspot;PARALLEL_BACK_STARPU;16384;1024;5;26;4;13.70907021
nbody;PARALLEL_BACK_STARPU;98304;2048;5;22;3;13.43879100
cdf_solver;PARALLEL_BACK_STARPU;131072;2048;100;24;4;51.77737800
cdf_solver;PARALLEL_BACK_STARPU;131072;2048;100;24;4;48.18937400
cdf_solver;PARALLEL_BACK_STARPU;131072;2048;100;22;0;18.39399500
hotspot;PARALLEL_BACK_STARPU;16384;1024;5;24;4;8.82788658
nbody;PARALLEL_BACK_STARPU;98304;2048;5;20;3;17.97919800
nbody;PARALLEL_BACK_STARPU;98304;2048;5;18;4;16.08995100
nbody;PARALLEL_BACK_STARPU;98304;2048;5;22;4;16.29769600
nbody;PARALLEL_BACK_STARPU;98304;2048;5;26;2;19.42185400
hotspot;PARALLEL_BACK_STARPU;16384;1024;5;26;3;10.63899136
nbody;PARALLEL_BACK_STARPU;98304;2048;5;20;3;12.42384800
nbody;PARALLEL_BACK_STARPU;98304;2048;5;24;2;17.26183600
cdf_solver;PARALLEL_BACK_STARPU;131072;2048;100;20;0;23.50073200
cdf_solver;PARALLEL_BACK_STARPU;131072;2048;100;28;1;31.81797100
cdf_solver;PARALLEL_BACK_STARPU;131072;2048;100;28;2;46.82051400
nbody;PARALLEL_BACK_STARPU;98304;2048;5;26;1;21.66945500
cdf_solver;PARALLEL_BACK_STARPU;131072;2048;100;24;0;18.38794600
cdf_solver;PARALLEL_BACK_STARPU;131072;2048;100;20;4;6.86510200
cdf_solver;PARALLEL_BACK_STARPU;131072;2048;100;26;4;101.42472400
nbody;PARALLEL_BACK_STARPU;98304;2048;5;0;2;33.27843700
hotspot;PARALLEL_BACK_STARPU;16384;1024;5;28;1;17.18581200
cdf_solver;PARALLEL_BACK_STARPU;131072;2048;100;28;0;18.27852200
hotspot;PARALLEL_BACK_STARPU;16384;1024;5;20;0;32.62014008
nbody;PARALLEL_BACK_STARPU;98304;2048;5;18;2;19.45642300
nbody;PARALLEL_BACK_STARPU;98304;2048;5;20;2;19.36078100
hotspot;PARALLEL_BACK_STARPU;16384;1024;5;22;3;6.57436991
cdf_solver;PARALLEL_BACK_STARPU;131072;2048;100;20;1;12.77774400
cdf_solver;PARALLEL_BACK_STARPU;131072;2048;100;28;1;32.91672200
hotspot;PARALLEL_BACK_STARPU;16384;1024;5;28;3;14.32194424
cdf_solver;PARALLEL_BACK_STARPU;131072;2048;100;18;2;10.46050100
hotspot;PARALLEL_BACK_STARPU;16384;1024;5;28;2;14.51618862
hotspot;PARALLEL_BACK_STARPU;16384;1024;5;24;1;10.82053471
cdf_solver;PARALLEL_BACK_STARPU;131072;2048;100;18;1;12.95750300
nbody;PARALLEL_BACK_STARPU;98304;2048;5;28;3;11.37698500
hotspot;PARALLEL_BACK_STARPU;16384;1024;5;28;0;25.10000038
nbody;PARALLEL_BACK_STARPU;98304;2048;5;20;3;16.19085800
hotspot;PARALLEL_BACK_STARPU;16384;1024;5;22;4;7.02472591
nbody;PARALLEL_BACK_STARPU;98304;2048;5;28;1;21.87216500
nbody;PARALLEL_BACK_STARPU;98304;2048;5;24;3;15.42671000
nbody;PARALLEL_BACK_STARPU;98304;2048;5;0;1;64.61581300
nbody;PARALLEL_BACK_STARPU;98304;2048;5;0;2;32.42295500
hotspot;PARALLEL_BACK_STARPU;16384;1024;5;22;3;6.52376413
nbody;PARALLEL_BACK_STARPU;98304;2048;5;26;0;21.72991000
hotspot;PARALLEL_BACK_STARPU;16384;1024;5;18;1;11.22454643
cdf_solver;PARALLEL_BACK_STARPU;131072;2048;100;24;3;7.74425300
nbody;PARALLEL_BACK_STARPU;98304;2048;5;26;4;19.80062400
hotspot;PARALLEL_BACK_STARPU;16384;1024;5;20;0;32.61794662
cdf_solver;PARALLEL_BACK_STARPU;131072;2048;100;28;1;32.70092100
hotspot;PARALLEL_BACK_STARPU;16384;1024;5;20;2;9.29274082
nbody;PARALLEL_BACK_STARPU;98304;2048;5;0;1;63.69986100
cdf_solver;PARALLEL_BACK_STARPU;131072;2048;100;28;3;87.42916900
cdf_solver;PARALLEL_BACK_STARPU;131072;2048;100;22;1;12.58195900
nbody;PARALLEL_BACK_STARPU;98304;2048;5;0;1;64.14792100
cdf_solver;PARALLEL_BACK_STARPU;131072;2048;100;28;4;114.40888600
cdf_solver;PARALLEL_BACK_STARPU;131072;2048;100;26;0;18.33458000
cdf_solver;PARALLEL_BACK_STARPU;131072;2048;100;26;0;18.32279200
cdf_solver;PARALLEL_BACK_STARPU;131072;2048;100;28;4;110.94512600
hotspot;PARALLEL_BACK_STARPU;16384;1024;5;22;1;11.08415699
cdf_solver;PARALLEL_BACK_STARPU;131072;2048;100;24;4;63.24942700
nbody;PARALLEL_BACK_STARPU;98304;2048;5;20;4;17.51960200
nbody;PARALLEL_BACK_STARPU;98304;2048;5;28;0;21.75088200
cdf_solver;PARALLEL_BACK_STARPU;131072;2048;100;20;0;23.53074200
nbody;PARALLEL_BACK_STARPU;98304;2048;5;18;4;15.45182500
hotspot;PARALLEL_BACK_STARPU;16384;1024;5;24;1;10.92581940
nbody;PARALLEL_BACK_STARPU;98304;2048;5;24;4;18.23913600
hotspot;PARALLEL_BACK_STARPU;16384;1024;5;0;1;14.74879742
nbody;PARALLEL_BACK_STARPU;98304;2048;5;22;3;15.61229400
nbody;PARALLEL_BACK_STARPU;98304;2048;5;20;2;20.90699500
nbody;PARALLEL_BACK_STARPU;98304;2048;5;22;0;32.51175500
cdf_solver;PARALLEL_BACK_STARPU;131072;2048;100;20;0;23.48610100
nbody;PARALLEL_BACK_STARPU;98304;2048;5;0;2;31.24082900
hotspot;PARALLEL_BACK_STARPU;16384;1024;5;0;4;7.44438505
cdf_solver;PARALLEL_BACK_STARPU;131072;2048;100;24;3;7.87934800
nbody;PARALLEL_BACK_STARPU;98304;2048;5;20;2;20.69030100
hotspot;PARALLEL_BACK_STARPU;16384;1024;5;20;3;6.77873993
hotspot;PARALLEL_BACK_STARPU;16384;1024;5;22;3;6.95031881
hotspot;PARALLEL_BACK_STARPU;16384;1024;5;26;0;25.08940315
cdf_solver;PARALLEL_BACK_STARPU;131072;2048;100;24;3;7.84044600
hotspot;PARALLEL_BACK_STARPU;16384;1024;5;20;3;6.73393297
cdf_solver;PARALLEL_BACK_STARPU;131072;2048;100;22;1;12.61860500
hotspot;PARALLEL_BACK_STARPU;16384;1024;5;24;2;7.84535980
cdf_solver;PARALLEL_BACK_STARPU;131072;2048;100;28;3;74.33951900
hotspot;PARALLEL_BACK_STARPU;16384;1024;5;0;1;14.71920586
nbody;PARALLEL_BACK_STARPU;98304;2048;5;0;3;20.86712600
cdf_solver;PARALLEL_BACK_STARPU;131072;2048;100;24;1;12.33708800
cdf_solver;PARALLEL_BACK_STARPU;131072;2048;100;28;4;118.63646300
hotspot;PARALLEL_BACK_STARPU;16384;1024;5;28;1;17.71643639
nbody;PARALLEL_BACK_STARPU;98304;2048;5;28;2;22.35973300
cdf_solver;PARALLEL_BACK_STARPU;131072;2048;100;26;4;92.06994400
nbody;PARALLEL_BACK_STARPU;98304;2048;5;18;4;13.74092700
cdf_solver;PARALLEL_BACK_STARPU;131072;2048;100;20;0;23.45549600
cdf_solver;PARALLEL_BACK_STARPU;131072;2048;100;28;1;32.84062200
hotspot;PARALLEL_BACK_STARPU;16384;1024;5;28;1;17.47666931
cdf_solver;PARALLEL_BACK_STARPU;131072;2048;100;20;2;10.12423100
nbody;PARALLEL_BACK_STARPU;98304;2048;5;24;1;22.62153100
nbody;PARALLEL_BACK_STARPU;98304;2048;5;18;0;32.46203900
nbody;PARALLEL_BACK_STARPU;98304;2048;5;22;4;13.06542900
hotspot;PARALLEL_BACK_STARPU;16384;1024;5;18;0;37.34311295
hotspot;PARALLEL_BACK_STARPU;16384;1024;5;18;0;37.35253143
cdf_solver;PARALLEL_BACK_STARPU;131072;2048;100;0;4;6.84282200
cdf_solver;PARALLEL_BACK_STARPU;131072;2048;100;18;2;10.12726400
nbody;PARALLEL_BACK_STARPU;98304;2048;5;24;3;13.12303800
nbody;PARALLEL_BACK_STARPU;98304;2048;5;26;4;17.55233400
nbody;PARALLEL_BACK_STARPU;98304;2048;5;26;0;21.73638400
cdf_solver;PARALLEL_BACK_STARPU;131072;2048;100;26;4;89.32358200
nbody;PARALLEL_BACK_STARPU;98304;2048;5;22;0;32.47144300
hotspot;PARALLEL_BACK_STARPU;16384;1024;5;18;1;11.36701679
cdf_solver;PARALLEL_BACK_STARPU;131072;2048;100;22;3;7.92783700
cdf_solver;PARALLEL_BACK_STARPU;131072;2048;100;0;3;8.01595400
nbody;PARALLEL_BACK_STARPU;98304;2048;5;28;0;21.73466600
nbody;PARALLEL_BACK_STARPU;98304;2048;5;20;2;18.46255700
cdf_solver;PARALLEL_BACK_STARPU;131072;2048;100;18;1;12.95642000
hotspot;PARALLEL_BACK_STARPU;16384;1024;5;28;4;13.96661186
hotspot;PARALLEL_BACK_STARPU;16384;1024;5;24;3;6.50672293
nbody;PARALLEL_BACK_STARPU;98304;2048;5;26;3;18.42263300
cdf_solver;PARALLEL_BACK_STARPU;131072;2048;100;24;2;10.29701300
cdf_solver;PARALLEL_BACK_STARPU;131072;2048;100;0;1;18.67507100
cdf_solver;PARALLEL_BACK_STARPU;131072;2048;100;26;0;18.34193800
nbody;PARALLEL_BACK_STARPU;98304;2048;5;18;1;21.64672000
nbody;PARALLEL_BACK_STARPU;98304;2048;5;28;3;18.05232400
cdf_solver;PARALLEL_BACK_STARPU;131072;2048;100;28;0;18.31416300
hotspot;PARALLEL_BACK_STARPU;16384;1024;5;28;4;13.21702099
hotspot;PARALLEL_BACK_STARPU;16384;1024;5;28;0;25.10184860
hotspot;PARALLEL_BACK_STARPU;16384;1024;5;22;2;7.88297701
nbody;PARALLEL_BACK_STARPU;98304;2048;5;22;3;15.77487500
cdf_solver;PARALLEL_BACK_STARPU;131072;2048;100;26;2;41.97431500
cdf_solver;PARALLEL_BACK_STARPU;131072;2048;100;22;4;6.84796500
nbody;PARALLEL_BACK_STARPU;98304;2048;5;24;0;21.73160200
cdf_solver;PARALLEL_BACK_STARPU;131072;2048;100;20;1;12.78622900
nbody;PARALLEL_BACK_STARPU;98304;2048;5;22;4;17.53949600
nbody;PARALLEL_BACK_STARPU;98304;2048;5;22;2;19.34752500
nbody;PARALLEL_BACK_STARPU;98304;2048;5;0;3;22.01791900
nbody;PARALLEL_BACK_STARPU;98304;2048;5;20;1;22.74411000
nbody;PARALLEL_BACK_STARPU;98304;2048;5;26;2;18.57923200
hotspot;PARALLEL_BACK_STARPU;16384;1024;5;28;0;25.11045647
hotspot;PARALLEL_BACK_STARPU;16384;1024;5;22;0;30.03302002
nbody;PARALLEL_BACK_STARPU;98304;2048;5;18;1;21.64471700
nbody;PARALLEL_BACK_STARPU;98304;2048;5;26;3;15.27939900
hotspot;PARALLEL_BACK_STARPU;16384;1024;5;18;2;8.26465225
nbody;PARALLEL_BACK_STARPU;98304;2048;5;24;2;19.12716100
nbody;PARALLEL_BACK_STARPU;98304;2048;5;24;2;18.48379900
cdf_solver;PARALLEL_BACK_STARPU;131072;2048;100;26;0;18.32988200
hotspot;PARALLEL_BACK_STARPU;16384;1024;5;18;1;11.30628681
hotspot;PARALLEL_BACK_STARPU;16384;1024;5;22;3;6.54978895
hotspot;PARALLEL_BACK_STARPU;16384;1024;5;26;2;10.25440407
hotspot;PARALLEL_BACK_STARPU;16384;1024;5;0;3;7.39734411
nbody;PARALLEL_BACK_STARPU;98304;2048;5;20;3;17.83910200
hotspot;PARALLEL_BACK_STARPU;16384;1024;5;26;4;14.64603329
nbody;PARALLEL_BACK_STARPU;98304;2048;5;24;4;13.49473600
nbody;PARALLEL_BACK_STARPU;98304;2048;5;20;0;32.50581200
