hotspot;PARALLEL_BACK_STARPU;16384;1024;5;24;0;28.48335075
hotspot;PARALLEL_BACK_STARPU;16384;1024;5;22;2;7.87752914
nbody;PARALLEL_BACK_STARPU;98304;2048;5;24;4;11.16404000
hotspot;PARALLEL_BACK_STARPU;16384;1024;5;26;2;10.05831623
nbody;PARALLEL_BACK_STARPU;98304;2048;5;0;1;59.09463600
nbody;PARALLEL_BACK_STARPU;98304;2048;5;28;1;21.77604900
cdf_solver;PARALLEL_BACK_STARPU;131072;2048;100;18;4;6.62775000
nbody;PARALLEL_BACK_STARPU;98304;2048;5;20;2;17.53556500
nbody;PARALLEL_BACK_STARPU;98304;2048;5;24;3;10.90019100
cdf_solver;PARALLEL_BACK_STARPU;131072;2048;100;24;0;18.29428100
nbody;PARALLEL_BACK_STARPU;98304;2048;5;20;4;11.43753500
nbody;PARALLEL_BACK_STARPU;98304;2048;5;22;2;16.34572300
hotspot;PARALLEL_BACK_STARPU;16384;1024;5;28;4;16.18899727
nbody;PARALLEL_BACK_STARPU;98304;2048;5;28;3;11.34819800
hotspot;PARALLEL_BACK_STARPU;16384;1024;5;18;4;6.91923380
nbody;PARALLEL_BACK_STARPU;98304;2048;5;0;3;20.13283900
nbody;PARALLEL_BACK_STARPU;98304;2048;5;26;3;12.27967100
hotspot;PARALLEL_BACK_STARPU;16384;1024;5;20;0;32.62561417
nbody;PARALLEL_BACK_STARPU;98304;2048;5;24;4;11.42411300
hotspot;PARALLEL_BACK_STARPU;16384;1024;5;20;0;32.61898422
hotspot;PARALLEL_BACK_STARPU;16384;1024;5;18;2;8.06573772
nbody;PARALLEL_BACK_STARPU;98304;2048;5;20;0;32.49524600
nbody;PARALLEL_BACK_STARPU;98304;2048;5;28;3;11.28812600
cdf_solver;PARALLEL_BACK_STARPU;131072;2048;100;28;4;125.74434600
nbody;PARALLEL_BACK_STARPU;98304;2048;5;28;2;22.01240000
hotspot;PARALLEL_BACK_STARPU;16384;1024;5;20;1;11.06461239
cdf_solver;PARALLEL_BACK_STARPU;131072;2048;100;18;3;7.51618900
hotspot;PARALLEL_BACK_STARPU;16384;1024;5;20;0;32.62763214
nbody;PARALLEL_BACK_STARPU;98304;2048;5;0;2;30.99238900
hotspot;PARALLEL_BACK_STARPU;16384;1024;5;26;4;15.83086777
cdf_solver;PARALLEL_BACK_STARPU;131072;2048;100;22;4;6.84567800
hotspot;PARALLEL_BACK_STARPU;16384;1024;5;0;4;6.86603308
nbody;PARALLEL_BACK_STARPU;98304;2048;5;26;1;21.74073500
hotspot;PARALLEL_BACK_STARPU;16384;1024;5;20;2;8.22359562
nbody;PARALLEL_BACK_STARPU;98304;2048;5;24;3;10.95955500
hotspot;PARALLEL_BACK_STARPU;16384;1024;5;0;3;7.47710323
hotspot;PARALLEL_BACK_STARPU;16384;1024;5;20;1;11.25430584
hotspot;PARALLEL_BACK_STARPU;16384;1024;5;18;4;6.88179111
nbody;PARALLEL_BACK_STARPU;98304;2048;5;20;4;10.91779800
nbody;PARALLEL_BACK_STARPU;98304;2048;5;26;0;21.72622900
cdf_solver;PARALLEL_BACK_STARPU;131072;2048;100;28;2;49.27150500
hotspot;PARALLEL_BACK_STARPU;16384;1024;5;18;4;6.94199514
hotspot;PARALLEL_BACK_STARPU;16384;1024;5;24;2;7.96828318
cdf_solver;PARALLEL_BACK_STARPU;131072;2048;100;26;3;182.06192700
nbody;PARALLEL_BACK_STARPU;98304;2048;5;28;4;22.74415500
hotspot;PARALLEL_BACK_STARPU;16384;1024;5;18;3;6.83279610
nbody;PARALLEL_BACK_STARPU;98304;2048;5;18;0;32.44682300
cdf_solver;PARALLEL_BACK_STARPU;131072;2048;100;22;4;6.89554100
hotspot;PARALLEL_BACK_STARPU;16384;1024;5;22;0;30.03713608
hotspot;PARALLEL_BACK_STARPU;16384;1024;5;28;3;17.64861107
hotspot;PARALLEL_BACK_STARPU;16384;1024;5;28;1;17.12440872
cdf_solver;PARALLEL_BACK_STARPU;131072;2048;100;26;2;46.03174400
cdf_solver;PARALLEL_BACK_STARPU;131072;2048;100;20;2;8.69880100
cdf_solver;PARALLEL_BACK_STARPU;131072;2048;100;28;3;93.72517900
hotspot;PARALLEL_BACK_STARPU;16384;1024;5;26;4;13.38234520
nbody;PARALLEL_BACK_STARPU;98304;2048;5;24;3;11.57142900
nbody;PARALLEL_BACK_STARPU;98304;2048;5;28;1;21.94020100
cdf_solver;PARALLEL_BACK_STARPU;131072;2048;100;18;4;6.66707800
hotspot;PARALLEL_BACK_STARPU;16384;1024;5;0;2;9.07076454
nbody;PARALLEL_BACK_STARPU;98304;2048;5;26;4;11.89166100
hotspot;PARALLEL_BACK_STARPU;16384;1024;5;20;1;11.16989899
cdf_solver;PARALLEL_BACK_STARPU;131072;2048;100;0;1;19.17752700
hotspot;PARALLEL_BACK_STARPU;16384;1024;5;20;2;7.99273777
cdf_solver;PARALLEL_BACK_STARPU;131072;2048;100;28;4;115.19929800
nbody;PARALLEL_BACK_STARPU;98304;2048;5;18;4;11.97836600
hotspot;PARALLEL_BACK_STARPU;16384;1024;5;28;2;15.98744583
hotspot;PARALLEL_BACK_STARPU;16384;1024;5;26;2;10.37973595
nbody;PARALLEL_BACK_STARPU;98304;2048;5;18;4;11.09852900
nbody;PARALLEL_BACK_STARPU;98304;2048;5;20;3;13.34539400
nbody;PARALLEL_BACK_STARPU;98304;2048;5;24;3;12.02012400
cdf_solver;PARALLEL_BACK_STARPU;131072;2048;100;22;2;9.05019100
nbody;PARALLEL_BACK_STARPU;98304;2048;5;20;0;32.48223100
cdf_solver;PARALLEL_BACK_STARPU;131072;2048;100;18;4;6.73937600
cdf_solver;PARALLEL_BACK_STARPU;131072;2048;100;0;2;10.76510400
cdf_solver;PARALLEL_BACK_STARPU;131072;2048;100;28;4;118.42458100
nbody;PARALLEL_BACK_STARPU;98304;2048;5;26;2;15.08816800
nbody;PARALLEL_BACK_STARPU;98304;2048;5;22;3;11.83252800
cdf_solver;PARALLEL_BACK_STARPU;131072;2048;100;18;2;8.81952600
hotspot;PARALLEL_BACK_STARPU;16384;1024;5;18;3;6.77696991
nbody;PARALLEL_BACK_STARPU;98304;2048;5;0;4;16.50643800
cdf_solver;PARALLEL_BACK_STARPU;131072;2048;100;22;4;7.02775800
cdf_solver;PARALLEL_BACK_STARPU;131072;2048;100;22;1;11.61396100
nbody;PARALLEL_BACK_STARPU;98304;2048;5;18;0;32.45396400
cdf_solver;PARALLEL_BACK_STARPU;131072;2048;100;0;4;6.77105700
cdf_solver;PARALLEL_BACK_STARPU;131072;2048;100;0;3;7.97539600
hotspot;PARALLEL_BACK_STARPU;16384;1024;5;20;2;8.10004044
hotspot;PARALLEL_BACK_STARPU;16384;1024;5;18;2;8.08780289
hotspot;PARALLEL_BACK_STARPU;16384;1024;5;28;3;16.02463150
cdf_solver;PARALLEL_BACK_STARPU;131072;2048;100;24;0;18.29489700
hotspot;PARALLEL_BACK_STARPU;16384;1024;5;24;3;6.53757811
nbody;PARALLEL_BACK_STARPU;98304;2048;5;28;2;22.14830500
hotspot;PARALLEL_BACK_STARPU;16384;1024;5;28;3;15.84144783
cdf_solver;PARALLEL_BACK_STARPU;131072;2048;100;22;3;7.85741100
hotspot;PARALLEL_BACK_STARPU;16384;1024;5;24;4;9.40769386
nbody;PARALLEL_BACK_STARPU;98304;2048;5;24;2;16.57444100
cdf_solver;PARALLEL_BACK_STARPU;131072;2048;100;28;3;99.61554300
hotspot;PARALLEL_BACK_STARPU;16384;1024;5;22;4;6.91324520
cdf_solver;PARALLEL_BACK_STARPU;131072;2048;100;18;3;7.52641800
cdf_solver;PARALLEL_BACK_STARPU;131072;2048;100;20;4;6.84926600
hotspot;PARALLEL_BACK_STARPU;16384;1024;5;22;1;10.82493687
nbody;PARALLEL_BACK_STARPU;98304;2048;5;20;1;22.60037200
cdf_solver;PARALLEL_BACK_STARPU;131072;2048;100;18;2;8.58407100
cdf_solver;PARALLEL_BACK_STARPU;131072;2048;100;20;2;8.67994700
cdf_solver;PARALLEL_BACK_STARPU;131072;2048;100;28;2;52.86487200
hotspot;PARALLEL_BACK_STARPU;16384;1024;5;28;4;15.46654606
nbody;PARALLEL_BACK_STARPU;98304;2048;5;28;2;22.12831800
hotspot;PARALLEL_BACK_STARPU;16384;1024;5;24;0;27.88054466
nbody;PARALLEL_BACK_STARPU;98304;2048;5;22;0;32.45650500
cdf_solver;PARALLEL_BACK_STARPU;131072;2048;100;20;0;23.44156000
hotspot;PARALLEL_BACK_STARPU;16384;1024;5;28;1;17.16270256
cdf_solver;PARALLEL_BACK_STARPU;131072;2048;100;20;4;6.86866900
hotspot;PARALLEL_BACK_STARPU;16384;1024;5;28;4;15.65673637
cdf_solver;PARALLEL_BACK_STARPU;131072;2048;100;18;2;8.59983900
cdf_solver;PARALLEL_BACK_STARPU;131072;2048;100;20;0;23.43868900
hotspot;PARALLEL_BACK_STARPU;16384;1024;5;20;2;8.00508213
cdf_solver;PARALLEL_BACK_STARPU;131072;2048;100;26;3;221.29740300
nbody;PARALLEL_BACK_STARPU;98304;2048;5;26;2;15.89149300
cdf_solver;PARALLEL_BACK_STARPU;131072;2048;100;18;0;23.70563800
nbody;PARALLEL_BACK_STARPU;98304;2048;5;26;2;14.73039100
nbody;PARALLEL_BACK_STARPU;98304;2048;5;26;2;15.49083700
hotspot;PARALLEL_BACK_STARPU;16384;1024;5;26;3;17.35646820
nbody;PARALLEL_BACK_STARPU;98304;2048;5;26;2;15.81852200
hotspot;PARALLEL_BACK_STARPU;16384;1024;5;24;0;27.88226891
nbody;PARALLEL_BACK_STARPU;98304;2048;5;22;3;11.27875100
nbody;PARALLEL_BACK_STARPU;98304;2048;5;18;0;32.44505900
cdf_solver;PARALLEL_BACK_STARPU;131072;2048;100;20;4;6.86981700
nbody;PARALLEL_BACK_STARPU;98304;2048;5;20;2;18.47824400
hotspot;PARALLEL_BACK_STARPU;16384;1024;5;24;3;6.56605911
hotspot;PARALLEL_BACK_STARPU;16384;1024;5;18;3;6.66220713
cdf_solver;PARALLEL_BACK_STARPU;131072;2048;100;26;1;10.86671600
nbody;PARALLEL_BACK_STARPU;98304;2048;5;20;2;19.10139600
cdf_solver;PARALLEL_BACK_STARPU;131072;2048;100;28;2;50.27272200
cdf_solver;PARALLEL_BACK_STARPU;131072;2048;100;22;2;8.74497600
cdf_solver;PARALLEL_BACK_STARPU;131072;2048;100;28;4;118.41723600
nbody;PARALLEL_BACK_STARPU;98304;2048;5;20;4;11.94654600
nbody;PARALLEL_BACK_STARPU;98304;2048;5;18;3;13.59498100
hotspot;PARALLEL_BACK_STARPU;16384;1024;5;28;2;14.33450603
nbody;PARALLEL_BACK_STARPU;98304;2048;5;18;2;20.65292400
hotspot;PARALLEL_BACK_STARPU;16384;1024;5;20;2;8.23320961
hotspot;PARALLEL_BACK_STARPU;16384;1024;5;0;3;7.58010721
cdf_solver;PARALLEL_BACK_STARPU;131072;2048;100;22;0;18.30272500
nbody;PARALLEL_BACK_STARPU;98304;2048;5;0;4;16.13346200
hotspot;PARALLEL_BACK_STARPU;16384;1024;5;22;3;6.69027901
nbody;PARALLEL_BACK_STARPU;98304;2048;5;28;3;12.64403200
hotspot;PARALLEL_BACK_STARPU;16384;1024;5;20;4;7.26240778
cdf_solver;PARALLEL_BACK_STARPU;131072;2048;100;24;2;8.78510000
hotspot;PARALLEL_BACK_STARPU;16384;1024;5;26;2;8.72401714
hotspot;PARALLEL_BACK_STARPU;16384;1024;5;26;1;10.53439617
hotspot;PARALLEL_BACK_STARPU;16384;1024;5;26;3;18.28436089
hotspot;PARALLEL_BACK_STARPU;16384;1024;5;0;2;8.70550346
hotspot;PARALLEL_BACK_STARPU;16384;1024;5;18;1;11.13178253
nbody;PARALLEL_BACK_STARPU;98304;2048;5;28;4;23.04061500
nbody;PARALLEL_BACK_STARPU;98304;2048;5;22;2;17.76429200
cdf_solver;PARALLEL_BACK_STARPU;131072;2048;100;20;0;23.41862100
hotspot;PARALLEL_BACK_STARPU;16384;1024;5;18;3;6.80050993
cdf_solver;PARALLEL_BACK_STARPU;131072;2048;100;24;3;7.87485300
cdf_solver;PARALLEL_BACK_STARPU;131072;2048;100;22;2;8.78646100
cdf_solver;PARALLEL_BACK_STARPU;131072;2048;100;0;4;6.89768700
cdf_solver;PARALLEL_BACK_STARPU;131072;2048;100;24;2;9.18349400
cdf_solver;PARALLEL_BACK_STARPU;131072;2048;100;0;4;6.78768400
hotspot;PARALLEL_BACK_STARPU;16384;1024;5;0;1;14.91572094
cdf_solver;PARALLEL_BACK_STARPU;131072;2048;100;20;3;7.72002200
hotspot;PARALLEL_BACK_STARPU;16384;1024;5;24;2;7.89631605
cdf_solver;PARALLEL_BACK_STARPU;131072;2048;100;22;2;8.83474100
nbody;PARALLEL_BACK_STARPU;98304;2048;5;0;1;66.17423700
hotspot;PARALLEL_BACK_STARPU;16384;1024;5;22;4;6.60767889
hotspot;PARALLEL_BACK_STARPU;16384;1024;5;28;0;25.11206627
cdf_solver;PARALLEL_BACK_STARPU;131072;2048;100;22;4;6.83676100
nbody;PARALLEL_BACK_STARPU;98304;2048;5;0;3;20.15051200
nbody;PARALLEL_BACK_STARPU;98304;2048;5;22;4;11.96559800
nbody;PARALLEL_BACK_STARPU;98304;2048;5;22;0;32.49959000
nbody;PARALLEL_BACK_STARPU;98304;2048;5;18;2;19.38593700
hotspot;PARALLEL_BACK_STARPU;16384;1024;5;22;2;8.08490467
cdf_solver;PARALLEL_BACK_STARPU;131072;2048;100;24;2;8.88984500
hotspot;PARALLEL_BACK_STARPU;16384;1024;5;0;4;6.84829521
hotspot;PARALLEL_BACK_STARPU;16384;1024;5;22;0;30.04112244
cdf_solver;PARALLEL_BACK_STARPU;131072;2048;100;22;1;11.70300900
cdf_solver;PARALLEL_BACK_STARPU;131072;2048;100;18;1;12.52252200
nbody;PARALLEL_BACK_STARPU;98304;2048;5;24;1;21.65947500
nbody;PARALLEL_BACK_STARPU;98304;2048;5;28;2;21.90443400
hotspot;PARALLEL_BACK_STARPU;16384;1024;5;24;2;7.94042206
hotspot;PARALLEL_BACK_STARPU;16384;1024;5;18;4;6.98223591
cdf_solver;PARALLEL_BACK_STARPU;131072;2048;100;18;1;12.52408800
nbody;PARALLEL_BACK_STARPU;98304;2048;5;20;0;32.50197500
cdf_solver;PARALLEL_BACK_STARPU;131072;2048;100;22;0;18.28927200
cdf_solver;PARALLEL_BACK_STARPU;131072;2048;100;22;1;11.61751200
hotspot;PARALLEL_BACK_STARPU;16384;1024;5;18;1;11.17981625
hotspot;PARALLEL_BACK_STARPU;16384;1024;5;22;3;6.55212879
nbody;PARALLEL_BACK_STARPU;98304;2048;5;18;4;11.10108400
hotspot;PARALLEL_BACK_STARPU;16384;1024;5;28;4;14.00165176
cdf_solver;PARALLEL_BACK_STARPU;131072;2048;100;20;1;12.08247100
hotspot;PARALLEL_BACK_STARPU;16384;1024;5;28;2;15.48674297
nbody;PARALLEL_BACK_STARPU;98304;2048;5;24;1;22.39930000
nbody;PARALLEL_BACK_STARPU;98304;2048;5;22;4;10.95548900
cdf_solver;PARALLEL_BACK_STARPU;131072;2048;100;28;4;116.08307800
nbody;PARALLEL_BACK_STARPU;98304;2048;5;20;0;32.49309400
cdf_solver;PARALLEL_BACK_STARPU;131072;2048;100;22;3;7.81525400
cdf_solver;PARALLEL_BACK_STARPU;131072;2048;100;20;1;12.04780200
cdf_solver;PARALLEL_BACK_STARPU;131072;2048;100;0;1;18.73745900
nbody;PARALLEL_BACK_STARPU;98304;2048;5;0;3;21.42379600
hotspot;PARALLEL_BACK_STARPU;16384;1024;5;18;2;8.50717735
cdf_solver;PARALLEL_BACK_STARPU;131072;2048;100;0;2;11.15027700
nbody;PARALLEL_BACK_STARPU;98304;2048;5;20;0;32.48817100
hotspot;PARALLEL_BACK_STARPU;16384;1024;5;18;0;37.37250137
nbody;PARALLEL_BACK_STARPU;98304;2048;5;18;4;10.87652600
hotspot;PARALLEL_BACK_STARPU;16384;1024;5;20;4;7.08008814
cdf_solver;PARALLEL_BACK_STARPU;131072;2048;100;26;3;190.41221400
cdf_solver;PARALLEL_BACK_STARPU;131072;2048;100;24;1;11.25016400
cdf_solver;PARALLEL_BACK_STARPU;131072;2048;100;26;2;45.55791400
nbody;PARALLEL_BACK_STARPU;98304;2048;5;0;2;33.37162300
nbody;PARALLEL_BACK_STARPU;98304;2048;5;28;1;23.27617400
cdf_solver;PARALLEL_BACK_STARPU;131072;2048;100;20;1;12.07782600
nbody;PARALLEL_BACK_STARPU;98304;2048;5;26;4;11.47277400
nbody;PARALLEL_BACK_STARPU;98304;2048;5;22;0;32.46488700
hotspot;PARALLEL_BACK_STARPU;16384;1024;5;18;1;11.30235958
hotspot;PARALLEL_BACK_STARPU;16384;1024;5;20;4;6.88390684
hotspot;PARALLEL_BACK_STARPU;16384;1024;5;26;3;22.42900467
nbody;PARALLEL_BACK_STARPU;98304;2048;5;0;1;64.60233900
cdf_solver;PARALLEL_BACK_STARPU;131072;2048;100;22;1;11.58080700
hotspot;PARALLEL_BACK_STARPU;16384;1024;5;26;2;9.19243622
nbody;PARALLEL_BACK_STARPU;98304;2048;5;22;0;32.53163500
cdf_solver;PARALLEL_BACK_STARPU;131072;2048;100;28;0;18.23714100
nbody;PARALLEL_BACK_STARPU;98304;2048;5;0;2;31.27948400
cdf_solver;PARALLEL_BACK_STARPU;131072;2048;100;22;0;18.28702400
nbody;PARALLEL_BACK_STARPU;98304;2048;5;26;4;11.01500000
nbody;PARALLEL_BACK_STARPU;98304;2048;5;24;0;21.73893500
hotspot;PARALLEL_BACK_STARPU;16384;1024;5;24;1;10.82647610
cdf_solver;PARALLEL_BACK_STARPU;131072;2048;100;18;3;7.44527700
hotspot;PARALLEL_BACK_STARPU;16384;1024;5;20;2;8.17555332
cdf_solver;PARALLEL_BACK_STARPU;131072;2048;100;24;3;8.08684000
cdf_solver;PARALLEL_BACK_STARPU;131072;2048;100;24;0;18.26704200
cdf_solver;PARALLEL_BACK_STARPU;131072;2048;100;22;3;7.73169400
hotspot;PARALLEL_BACK_STARPU;16384;1024;5;24;3;6.91756201
cdf_solver;PARALLEL_BACK_STARPU;131072;2048;100;26;1;10.83206800
cdf_solver;PARALLEL_BACK_STARPU;131072;2048;100;22;3;7.85792700
hotspot;PARALLEL_BACK_STARPU;16384;1024;5;22;2;7.98463297
hotspot;PARALLEL_BACK_STARPU;16384;1024;5;22;2;7.70244122
hotspot;PARALLEL_BACK_STARPU;16384;1024;5;0;4;6.97154284
nbody;PARALLEL_BACK_STARPU;98304;2048;5;26;4;11.57706900
cdf_solver;PARALLEL_BACK_STARPU;131072;2048;100;0;4;6.79079000
cdf_solver;PARALLEL_BACK_STARPU;131072;2048;100;20;2;8.87512800
cdf_solver;PARALLEL_BACK_STARPU;131072;2048;100;18;0;23.71166300
nbody;PARALLEL_BACK_STARPU;98304;2048;5;0;2;32.47576500
cdf_solver;PARALLEL_BACK_STARPU;131072;2048;100;24;3;7.90688800
cdf_solver;PARALLEL_BACK_STARPU;131072;2048;100;26;0;18.21585500
hotspot;PARALLEL_BACK_STARPU;16384;1024;5;26;2;8.67300606
cdf_solver;PARALLEL_BACK_STARPU;131072;2048;100;26;4;81.65932700
nbody;PARALLEL_BACK_STARPU;98304;2048;5;20;0;32.47053000
hotspot;PARALLEL_BACK_STARPU;16384;1024;5;20;2;8.36715984
nbody;PARALLEL_BACK_STARPU;98304;2048;5;26;3;11.95017900
cdf_solver;PARALLEL_BACK_STARPU;131072;2048;100;0;3;7.96664600
hotspot;PARALLEL_BACK_STARPU;16384;1024;5;18;0;37.34190750
nbody;PARALLEL_BACK_STARPU;98304;2048;5;26;3;10.92823200
cdf_solver;PARALLEL_BACK_STARPU;131072;2048;100;0;3;7.99491400
nbody;PARALLEL_BACK_STARPU;98304;2048;5;26;3;11.79918600
nbody;PARALLEL_BACK_STARPU;98304;2048;5;26;1;21.71659100
nbody;PARALLEL_BACK_STARPU;98304;2048;5;20;0;32.48655200
hotspot;PARALLEL_BACK_STARPU;16384;1024;5;22;3;6.71019316
hotspot;PARALLEL_BACK_STARPU;16384;1024;5;24;3;6.49750996
hotspot;PARALLEL_BACK_STARPU;16384;1024;5;0;4;6.77978992
cdf_solver;PARALLEL_BACK_STARPU;131072;2048;100;18;1;12.51582000
nbody;PARALLEL_BACK_STARPU;98304;2048;5;20;4;10.94170400
cdf_solver;PARALLEL_BACK_STARPU;131072;2048;100;24;2;8.80479400
nbody;PARALLEL_BACK_STARPU;98304;2048;5;22;1;22.12141200
nbody;PARALLEL_BACK_STARPU;98304;2048;5;0;2;33.16549600
nbody;PARALLEL_BACK_STARPU;98304;2048;5;24;4;11.53942700
hotspot;PARALLEL_BACK_STARPU;16384;1024;5;22;4;6.70959520
nbody;PARALLEL_BACK_STARPU;98304;2048;5;20;3;12.86382900
nbody;PARALLEL_BACK_STARPU;98304;2048;5;18;3;13.57459200
cdf_solver;PARALLEL_BACK_STARPU;131072;2048;100;0;1;19.31392000
cdf_solver;PARALLEL_BACK_STARPU;131072;2048;100;20;1;12.05726000
hotspot;PARALLEL_BACK_STARPU;16384;1024;5;22;4;6.90242910
cdf_solver;PARALLEL_BACK_STARPU;131072;2048;100;20;3;7.64210500
cdf_solver;PARALLEL_BACK_STARPU;131072;2048;100;26;0;18.23976700
cdf_solver;PARALLEL_BACK_STARPU;131072;2048;100;18;2;8.57575500
nbody;PARALLEL_BACK_STARPU;98304;2048;5;26;4;11.52458000
nbody;PARALLEL_BACK_STARPU;98304;2048;5;0;3;22.09529000
hotspot;PARALLEL_BACK_STARPU;16384;1024;5;20;2;8.29161167
nbody;PARALLEL_BACK_STARPU;98304;2048;5;18;4;11.30815500
nbody;PARALLEL_BACK_STARPU;98304;2048;5;20;2;19.23082600
cdf_solver;PARALLEL_BACK_STARPU;131072;2048;100;24;1;11.29278000
cdf_solver;PARALLEL_BACK_STARPU;131072;2048;100;28;2;50.90621300
nbody;PARALLEL_BACK_STARPU;98304;2048;5;20;3;12.46545100
hotspot;PARALLEL_BACK_STARPU;16384;1024;5;26;3;18.57711220
nbody;PARALLEL_BACK_STARPU;98304;2048;5;24;4;12.21027400
hotspot;PARALLEL_BACK_STARPU;16384;1024;5;0;2;8.69829273
nbody;PARALLEL_BACK_STARPU;98304;2048;5;0;3;22.01371000
cdf_solver;PARALLEL_BACK_STARPU;131072;2048;100;20;1;12.06635500
hotspot;PARALLEL_BACK_STARPU;16384;1024;5;20;1;11.26709843
cdf_solver;PARALLEL_BACK_STARPU;131072;2048;100;18;2;8.58724500
hotspot;PARALLEL_BACK_STARPU;16384;1024;5;0;3;7.38070297
hotspot;PARALLEL_BACK_STARPU;16384;1024;5;20;0;32.63137436
hotspot;PARALLEL_BACK_STARPU;16384;1024;5;26;3;17.61243248
hotspot;PARALLEL_BACK_STARPU;16384;1024;5;24;2;7.78697586
cdf_solver;PARALLEL_BACK_STARPU;131072;2048;100;24;3;7.77212700
hotspot;PARALLEL_BACK_STARPU;16384;1024;5;24;0;27.88606453
hotspot;PARALLEL_BACK_STARPU;16384;1024;5;28;0;25.11510468
nbody;PARALLEL_BACK_STARPU;98304;2048;5;22;2;16.38801400
cdf_solver;PARALLEL_BACK_STARPU;131072;2048;100;26;3;182.56944900
nbody;PARALLEL_BACK_STARPU;98304;2048;5;22;0;32.48573800
nbody;PARALLEL_BACK_STARPU;98304;2048;5;0;3;20.72273800
hotspot;PARALLEL_BACK_STARPU;16384;1024;5;28;3;16.54951859
cdf_solver;PARALLEL_BACK_STARPU;131072;2048;100;18;2;8.65270600
hotspot;PARALLEL_BACK_STARPU;16384;1024;5;20;3;6.59056997
cdf_solver;PARALLEL_BACK_STARPU;131072;2048;100;0;4;6.75024800
nbody;PARALLEL_BACK_STARPU;98304;2048;5;28;3;12.04490800
nbody;PARALLEL_BACK_STARPU;98304;2048;5;28;0;21.73195100
hotspot;PARALLEL_BACK_STARPU;16384;1024;5;24;3;6.56818485
cdf_solver;PARALLEL_BACK_STARPU;131072;2048;100;26;3;111.06938600
nbody;PARALLEL_BACK_STARPU;98304;2048;5;20;4;11.94381600
cdf_solver;PARALLEL_BACK_STARPU;131072;2048;100;0;1;18.76040800
cdf_solver;PARALLEL_BACK_STARPU;131072;2048;100;26;4;86.71870600
cdf_solver;PARALLEL_BACK_STARPU;131072;2048;100;0;2;11.04533500
nbody;PARALLEL_BACK_STARPU;98304;2048;5;24;0;21.74774800
hotspot;PARALLEL_BACK_STARPU;16384;1024;5;0;1;14.72328091
cdf_solver;PARALLEL_BACK_STARPU;131072;2048;100;24;4;51.60317400
cdf_solver;PARALLEL_BACK_STARPU;131072;2048;100;28;0;18.29743100
cdf_solver;PARALLEL_BACK_STARPU;131072;2048;100;24;2;8.84096700
nbody;PARALLEL_BACK_STARPU;98304;2048;5;26;0;21.73206900
nbody;PARALLEL_BACK_STARPU;98304;2048;5;24;4;11.70929500
nbody;PARALLEL_BACK_STARPU;98304;2048;5;28;3;12.33028600
cdf_solver;PARALLEL_BACK_STARPU;131072;2048;100;20;3;7.87675100
cdf_solver;PARALLEL_BACK_STARPU;131072;2048;100;28;4;119.08550400
nbody;PARALLEL_BACK_STARPU;98304;2048;5;18;0;32.44508900
nbody;PARALLEL_BACK_STARPU;98304;2048;5;18;1;21.64023400
hotspot;PARALLEL_BACK_STARPU;16384;1024;5;24;0;27.88990402
cdf_solver;PARALLEL_BACK_STARPU;131072;2048;100;0;1;18.76748200
hotspot;PARALLEL_BACK_STARPU;16384;1024;5;26;1;10.49383736
hotspot;PARALLEL_BACK_STARPU;16384;1024;5;24;0;27.89826012
cdf_solver;PARALLEL_BACK_STARPU;131072;2048;100;20;3;7.71120100
nbody;PARALLEL_BACK_STARPU;98304;2048;5;28;4;22.01275200
hotspot;PARALLEL_BACK_STARPU;16384;1024;5;26;2;8.69236469
nbody;PARALLEL_BACK_STARPU;98304;2048;5;22;3;11.53360200
cdf_solver;PARALLEL_BACK_STARPU;131072;2048;100;18;4;6.77515700
nbody;PARALLEL_BACK_STARPU;98304;2048;5;0;4;16.51249400
cdf_solver;PARALLEL_BACK_STARPU;131072;2048;100;20;0;23.46096000
nbody;PARALLEL_BACK_STARPU;98304;2048;5;24;1;21.68334000
cdf_solver;PARALLEL_BACK_STARPU;131072;2048;100;18;0;23.65577800
hotspot;PARALLEL_BACK_STARPU;16384;1024;5;26;2;9.36550140
hotspot;PARALLEL_BACK_STARPU;16384;1024;5;0;2;8.88318443
nbody;PARALLEL_BACK_STARPU;98304;2048;5;28;0;21.72254500
nbody;PARALLEL_BACK_STARPU;98304;2048;5;18;3;12.82924400
nbody;PARALLEL_BACK_STARPU;98304;2048;5;0;4;16.36793200
nbody;PARALLEL_BACK_STARPU;98304;2048;5;24;4;12.33281800
nbody;PARALLEL_BACK_STARPU;98304;2048;5;20;0;32.48079300
cdf_solver;PARALLEL_BACK_STARPU;131072;2048;100;20;1;12.05721700
nbody;PARALLEL_BACK_STARPU;98304;2048;5;20;3;12.11400200
hotspot;PARALLEL_BACK_STARPU;16384;1024;5;22;2;8.19818878
nbody;PARALLEL_BACK_STARPU;98304;2048;5;18;2;20.55075800
cdf_solver;PARALLEL_BACK_STARPU;131072;2048;100;22;4;6.86707200
nbody;PARALLEL_BACK_STARPU;98304;2048;5;26;0;21.73559000
hotspot;PARALLEL_BACK_STARPU;16384;1024;5;26;3;17.13090706
cdf_solver;PARALLEL_BACK_STARPU;131072;2048;100;24;3;7.77701700
nbody;PARALLEL_BACK_STARPU;98304;2048;5;18;3;13.71626300
nbody;PARALLEL_BACK_STARPU;98304;2048;5;24;1;23.07516900
cdf_solver;PARALLEL_BACK_STARPU;131072;2048;100;0;2;10.73438900
nbody;PARALLEL_BACK_STARPU;98304;2048;5;0;3;22.03295000
nbody;PARALLEL_BACK_STARPU;98304;2048;5;0;1;66.76042900
nbody;PARALLEL_BACK_STARPU;98304;2048;5;22;4;10.88525800
nbody;PARALLEL_BACK_STARPU;98304;2048;5;24;1;23.40716600
nbody;PARALLEL_BACK_STARPU;98304;2048;5;20;4;11.07568100
nbody;PARALLEL_BACK_STARPU;98304;2048;5;26;3;11.36448600
cdf_solver;PARALLEL_BACK_STARPU;131072;2048;100;28;4;107.83706000
hotspot;PARALLEL_BACK_STARPU;16384;1024;5;26;1;10.49893188
nbody;PARALLEL_BACK_STARPU;98304;2048;5;18;3;13.07985800
cdf_solver;PARALLEL_BACK_STARPU;131072;2048;100;26;2;34.44228000
cdf_solver;PARALLEL_BACK_STARPU;131072;2048;100;0;3;8.06026300
nbody;PARALLEL_BACK_STARPU;98304;2048;5;26;0;21.72614800
nbody;PARALLEL_BACK_STARPU;98304;2048;5;18;1;21.65481500
nbody;PARALLEL_BACK_STARPU;98304;2048;5;18;4;11.12928600
cdf_solver;PARALLEL_BACK_STARPU;131072;2048;100;0;2;10.89239900
cdf_solver;PARALLEL_BACK_STARPU;131072;2048;100;18;3;7.62892700
hotspot;PARALLEL_BACK_STARPU;16384;1024;5;20;1;11.15685844
nbody;PARALLEL_BACK_STARPU;98304;2048;5;0;4;16.39209400
hotspot;PARALLEL_BACK_STARPU;16384;1024;5;20;1;11.17941189
cdf_solver;PARALLEL_BACK_STARPU;131072;2048;100;26;0;18.20596600
hotspot;PARALLEL_BACK_STARPU;16384;1024;5;0;2;8.69316959
cdf_solver;PARALLEL_BACK_STARPU;131072;2048;100;18;0;23.65252900
cdf_solver;PARALLEL_BACK_STARPU;131072;2048;100;18;2;8.58649900
cdf_solver;PARALLEL_BACK_STARPU;131072;2048;100;24;4;56.54195600
hotspot;PARALLEL_BACK_STARPU;16384;1024;5;26;3;14.05516720
cdf_solver;PARALLEL_BACK_STARPU;131072;2048;100;20;0;23.47240800
hotspot;PARALLEL_BACK_STARPU;16384;1024;5;22;0;30.04083443
nbody;PARALLEL_BACK_STARPU;98304;2048;5;28;3;11.61275700
nbody;PARALLEL_BACK_STARPU;98304;2048;5;28;0;21.74137600
cdf_solver;PARALLEL_BACK_STARPU;131072;2048;100;22;2;8.74030300
cdf_solver;PARALLEL_BACK_STARPU;131072;2048;100;0;4;6.75454700
cdf_solver;PARALLEL_BACK_STARPU;131072;2048;100;24;1;11.35410800
nbody;PARALLEL_BACK_STARPU;98304;2048;5;20;4;11.64867400
cdf_solver;PARALLEL_BACK_STARPU;131072;2048;100;24;1;11.19456400
hotspot;PARALLEL_BACK_STARPU;16384;1024;5;28;3;15.29672909
hotspot;PARALLEL_BACK_STARPU;16384;1024;5;18;2;8.14028454
hotspot;PARALLEL_BACK_STARPU;16384;1024;5;20;3;6.62444210
hotspot;PARALLEL_BACK_STARPU;16384;1024;5;28;1;17.56496048
nbody;PARALLEL_BACK_STARPU;98304;2048;5;18;0;32.44561300
hotspot;PARALLEL_BACK_STARPU;16384;1024;5;18;4;6.96027184
hotspot;PARALLEL_BACK_STARPU;16384;1024;5;24;4;9.70838547
cdf_solver;PARALLEL_BACK_STARPU;131072;2048;100;22;4;6.90423100
nbody;PARALLEL_BACK_STARPU;98304;2048;5;18;0;32.44583200
cdf_solver;PARALLEL_BACK_STARPU;131072;2048;100;24;4;58.91026200
cdf_solver;PARALLEL_BACK_STARPU;131072;2048;100;24;1;11.21454500
cdf_solver;PARALLEL_BACK_STARPU;131072;2048;100;18;0;23.66059800
cdf_solver;PARALLEL_BACK_STARPU;131072;2048;100;28;3;87.88871700
hotspot;PARALLEL_BACK_STARPU;16384;1024;5;24;4;8.38548660
nbody;PARALLEL_BACK_STARPU;98304;2048;5;22;3;12.06893100
nbody;PARALLEL_BACK_STARPU;98304;2048;5;26;2;15.55162700
cdf_solver;PARALLEL_BACK_STARPU;131072;2048;100;24;1;11.22453500
cdf_solver;PARALLEL_BACK_STARPU;131072;2048;100;20;4;6.88757200
hotspot;PARALLEL_BACK_STARPU;16384;1024;5;22;1;11.02601433
nbody;PARALLEL_BACK_STARPU;98304;2048;5;24;4;11.74820300
hotspot;PARALLEL_BACK_STARPU;16384;1024;5;26;3;18.55739594
nbody;PARALLEL_BACK_STARPU;98304;2048;5;26;3;13.45170700
hotspot;PARALLEL_BACK_STARPU;16384;1024;5;24;1;10.87668800
cdf_solver;PARALLEL_BACK_STARPU;131072;2048;100;28;3;98.96266000
cdf_solver;PARALLEL_BACK_STARPU;131072;2048;100;28;1;33.13677900
cdf_solver;PARALLEL_BACK_STARPU;131072;2048;100;26;0;18.22011600
nbody;PARALLEL_BACK_STARPU;98304;2048;5;24;3;11.14743100
hotspot;PARALLEL_BACK_STARPU;16384;1024;5;22;4;6.85792494
nbody;PARALLEL_BACK_STARPU;98304;2048;5;28;4;22.27681900
cdf_solver;PARALLEL_BACK_STARPU;131072;2048;100;0;3;8.27996800
nbody;PARALLEL_BACK_STARPU;98304;2048;5;0;1;66.01597900
cdf_solver;PARALLEL_BACK_STARPU;131072;2048;100;24;2;8.72251600
nbody;PARALLEL_BACK_STARPU;98304;2048;5;18;2;20.05807900
cdf_solver;PARALLEL_BACK_STARPU;131072;2048;100;18;3;7.52488000
cdf_solver;PARALLEL_BACK_STARPU;131072;2048;100;24;1;11.19445900
nbody;PARALLEL_BACK_STARPU;98304;2048;5;20;2;19.58877900
cdf_solver;PARALLEL_BACK_STARPU;131072;2048;100;18;3;7.63920200
nbody;PARALLEL_BACK_STARPU;98304;2048;5;20;1;23.18094600
hotspot;PARALLEL_BACK_STARPU;16384;1024;5;18;2;7.93197823
nbody;PARALLEL_BACK_STARPU;98304;2048;5;0;2;33.13856700
hotspot;PARALLEL_BACK_STARPU;16384;1024;5;18;1;11.35985374
hotspot;PARALLEL_BACK_STARPU;16384;1024;5;18;0;37.33896637
nbody;PARALLEL_BACK_STARPU;98304;2048;5;28;4;22.47238800
cdf_solver;PARALLEL_BACK_STARPU;131072;2048;100;0;2;10.74354900
hotspot;PARALLEL_BACK_STARPU;16384;1024;5;28;4;15.13888645
cdf_solver;PARALLEL_BACK_STARPU;131072;2048;100;24;4;51.78718600
hotspot;PARALLEL_BACK_STARPU;16384;1024;5;22;2;8.08125687
nbody;PARALLEL_BACK_STARPU;98304;2048;5;26;1;21.64919400
nbody;PARALLEL_BACK_STARPU;98304;2048;5;28;2;22.61962700
cdf_solver;PARALLEL_BACK_STARPU;131072;2048;100;22;3;7.87999200
cdf_solver;PARALLEL_BACK_STARPU;131072;2048;100;28;2;57.71235800
hotspot;PARALLEL_BACK_STARPU;16384;1024;5;28;2;17.22146797
cdf_solver;PARALLEL_BACK_STARPU;131072;2048;100;28;1;34.40473600
cdf_solver;PARALLEL_BACK_STARPU;131072;2048;100;24;0;18.28936500
cdf_solver;PARALLEL_BACK_STARPU;131072;2048;100;22;2;8.73991800
hotspot;PARALLEL_BACK_STARPU;16384;1024;5;24;3;6.40700579
cdf_solver;PARALLEL_BACK_STARPU;131072;2048;100;0;3;7.88488100
cdf_solver;PARALLEL_BACK_STARPU;131072;2048;100;26;4;85.28664000
cdf_solver;PARALLEL_BACK_STARPU;131072;2048;100;18;4;6.70980900
cdf_solver;PARALLEL_BACK_STARPU;131072;2048;100;18;1;12.51074900
cdf_solver;PARALLEL_BACK_STARPU;131072;2048;100;22;3;7.78971900
nbody;PARALLEL_BACK_STARPU;98304;2048;5;28;4;22.23270700
hotspot;PARALLEL_BACK_STARPU;16384;1024;5;24;1;10.77917957
nbody;PARALLEL_BACK_STARPU;98304;2048;5;24;1;23.50749500
nbody;PARALLEL_BACK_STARPU;98304;2048;5;22;3;11.44354400
cdf_solver;PARALLEL_BACK_STARPU;131072;2048;100;24;2;8.89670200
hotspot;PARALLEL_BACK_STARPU;16384;1024;5;26;4;12.83849907
nbody;PARALLEL_BACK_STARPU;98304;2048;5;0;2;33.35995100
nbody;PARALLEL_BACK_STARPU;98304;2048;5;22;2;17.77024400
nbody;PARALLEL_BACK_STARPU;98304;2048;5;28;1;23.48038700
cdf_solver;PARALLEL_BACK_STARPU;131072;2048;100;28;2;50.14477500
hotspot;PARALLEL_BACK_STARPU;16384;1024;5;28;0;25.11924744
hotspot;PARALLEL_BACK_STARPU;16384;1024;5;28;1;17.41760826
cdf_solver;PARALLEL_BACK_STARPU;131072;2048;100;24;4;56.89234700
nbody;PARALLEL_BACK_STARPU;98304;2048;5;26;3;11.15621200
nbody;PARALLEL_BACK_STARPU;98304;2048;5;0;1;65.50841700
nbody;PARALLEL_BACK_STARPU;98304;2048;5;28;2;22.13630900
cdf_solver;PARALLEL_BACK_STARPU;131072;2048;100;28;3;92.56152900
nbody;PARALLEL_BACK_STARPU;98304;2048;5;18;1;21.64623400
nbody;PARALLEL_BACK_STARPU;98304;2048;5;26;0;21.72178500
cdf_solver;PARALLEL_BACK_STARPU;131072;2048;100;24;0;18.34309400
nbody;PARALLEL_BACK_STARPU;98304;2048;5;26;4;11.12864300
cdf_solver;PARALLEL_BACK_STARPU;131072;2048;100;20;2;8.62341000
cdf_solver;PARALLEL_BACK_STARPU;131072;2048;100;26;1;10.82819900
nbody;PARALLEL_BACK_STARPU;98304;2048;5;0;1;66.21306600
cdf_solver;PARALLEL_BACK_STARPU;131072;2048;100;20;1;12.12661100
hotspot;PARALLEL_BACK_STARPU;16384;1024;5;24;1;10.81803989
hotspot;PARALLEL_BACK_STARPU;16384;1024;5;18;4;6.83527899
nbody;PARALLEL_BACK_STARPU;98304;2048;5;24;1;22.25383800
nbody;PARALLEL_BACK_STARPU;98304;2048;5;22;3;12.09061400
cdf_solver;PARALLEL_BACK_STARPU;131072;2048;100;0;3;8.00084600
nbody;PARALLEL_BACK_STARPU;98304;2048;5;24;3;11.28090200
nbody;PARALLEL_BACK_STARPU;98304;2048;5;26;1;23.47171200
nbody;PARALLEL_BACK_STARPU;98304;2048;5;22;2;17.36912100
nbody;PARALLEL_BACK_STARPU;98304;2048;5;28;0;21.73178100
nbody;PARALLEL_BACK_STARPU;98304;2048;5;26;3;11.28842300
nbody;PARALLEL_BACK_STARPU;98304;2048;5;22;2;18.00884400
hotspot;PARALLEL_BACK_STARPU;16384;1024;5;24;3;6.58160210
nbody;PARALLEL_BACK_STARPU;98304;2048;5;22;2;17.73122200
hotspot;PARALLEL_BACK_STARPU;16384;1024;5;26;3;21.09334373
cdf_solver;PARALLEL_BACK_STARPU;131072;2048;100;18;2;8.90108900
cdf_solver;PARALLEL_BACK_STARPU;131072;2048;100;28;3;89.16870400
hotspot;PARALLEL_BACK_STARPU;16384;1024;5;26;0;25.08916473
nbody;PARALLEL_BACK_STARPU;98304;2048;5;26;3;11.06707400
cdf_solver;PARALLEL_BACK_STARPU;131072;2048;100;22;0;18.31266000
cdf_solver;PARALLEL_BACK_STARPU;131072;2048;100;28;3;92.85691900
nbody;PARALLEL_BACK_STARPU;98304;2048;5;28;1;21.80812400
cdf_solver;PARALLEL_BACK_STARPU;131072;2048;100;22;0;18.27488800
hotspot;PARALLEL_BACK_STARPU;16384;1024;5;20;4;6.89643383
nbody;PARALLEL_BACK_STARPU;98304;2048;5;26;2;14.37689200
hotspot;PARALLEL_BACK_STARPU;16384;1024;5;28;0;25.11507607
cdf_solver;PARALLEL_BACK_STARPU;131072;2048;100;0;1;18.76205600
hotspot;PARALLEL_BACK_STARPU;16384;1024;5;28;2;15.85409355
cdf_solver;PARALLEL_BACK_STARPU;131072;2048;100;20;4;6.83926700
hotspot;PARALLEL_BACK_STARPU;16384;1024;5;22;2;8.05533123
hotspot;PARALLEL_BACK_STARPU;16384;1024;5;18;2;8.28380394
hotspot;PARALLEL_BACK_STARPU;16384;1024;5;28;2;15.50492382
hotspot;PARALLEL_BACK_STARPU;16384;1024;5;18;4;6.91020393
hotspot;PARALLEL_BACK_STARPU;16384;1024;5;20;2;8.13032818
hotspot;PARALLEL_BACK_STARPU;16384;1024;5;0;4;7.10500383
hotspot;PARALLEL_BACK_STARPU;16384;1024;5;22;0;30.03433609
cdf_solver;PARALLEL_BACK_STARPU;131072;2048;100;24;4;51.48695700
hotspot;PARALLEL_BACK_STARPU;16384;1024;5;22;1;10.94338703
cdf_solver;PARALLEL_BACK_STARPU;131072;2048;100;22;0;18.27429800
nbody;PARALLEL_BACK_STARPU;98304;2048;5;0;1;63.05839500
hotspot;PARALLEL_BACK_STARPU;16384;1024;5;0;4;7.23704195
nbody;PARALLEL_BACK_STARPU;98304;2048;5;18;3;12.72767000
hotspot;PARALLEL_BACK_STARPU;16384;1024;5;0;4;6.78336620
hotspot;PARALLEL_BACK_STARPU;16384;1024;5;20;2;7.93218088
nbody;PARALLEL_BACK_STARPU;98304;2048;5;18;2;20.07916800
nbody;PARALLEL_BACK_STARPU;98304;2048;5;28;2;22.72327100
nbody;PARALLEL_BACK_STARPU;98304;2048;5;22;0;32.45283100
nbody;PARALLEL_BACK_STARPU;98304;2048;5;28;1;21.79218600
cdf_solver;PARALLEL_BACK_STARPU;131072;2048;100;18;1;12.52061900
hotspot;PARALLEL_BACK_STARPU;16384;1024;5;22;4;6.91660595
cdf_solver;PARALLEL_BACK_STARPU;131072;2048;100;22;4;6.88825600
cdf_solver;PARALLEL_BACK_STARPU;131072;2048;100;24;4;59.94083200
cdf_solver;PARALLEL_BACK_STARPU;131072;2048;100;24;3;7.76804700
cdf_solver;PARALLEL_BACK_STARPU;131072;2048;100;20;4;6.77590900
cdf_solver;PARALLEL_BACK_STARPU;131072;2048;100;28;3;83.71267800
nbody;PARALLEL_BACK_STARPU;98304;2048;5;0;1;64.65258300
hotspot;PARALLEL_BACK_STARPU;16384;1024;5;26;0;25.09968567
nbody;PARALLEL_BACK_STARPU;98304;2048;5;26;1;21.67689800
cdf_solver;PARALLEL_BACK_STARPU;131072;2048;100;26;0;18.24514200
nbody;PARALLEL_BACK_STARPU;98304;2048;5;20;2;17.92212300
cdf_solver;PARALLEL_BACK_STARPU;131072;2048;100;18;3;7.52371900
hotspot;PARALLEL_BACK_STARPU;16384;1024;5;18;3;6.69680691
cdf_solver;PARALLEL_BACK_STARPU;131072;2048;100;26;3;238.90435400
nbody;PARALLEL_BACK_STARPU;98304;2048;5;20;3;13.11100800
cdf_solver;PARALLEL_BACK_STARPU;131072;2048;100;18;0;23.66909700
hotspot;PARALLEL_BACK_STARPU;16384;1024;5;18;0;37.33778381
hotspot;PARALLEL_BACK_STARPU;16384;1024;5;28;1;17.30084229
nbody;PARALLEL_BACK_STARPU;98304;2048;5;18;4;10.89802600
nbody;PARALLEL_BACK_STARPU;98304;2048;5;26;0;21.72390200
cdf_solver;PARALLEL_BACK_STARPU;131072;2048;100;28;1;32.64477600
nbody;PARALLEL_BACK_STARPU;98304;2048;5;22;3;11.30198000
hotspot;PARALLEL_BACK_STARPU;16384;1024;5;0;4;6.80525684
cdf_solver;PARALLEL_BACK_STARPU;131072;2048;100;18;3;7.65895000
hotspot;PARALLEL_BACK_STARPU;16384;1024;5;0;3;7.25243378
cdf_solver;PARALLEL_BACK_STARPU;131072;2048;100;0;3;7.99452500
cdf_solver;PARALLEL_BACK_STARPU;131072;2048;100;28;1;35.77282100
nbody;PARALLEL_BACK_STARPU;98304;2048;5;0;1;64.77403000
cdf_solver;PARALLEL_BACK_STARPU;131072;2048;100;0;2;10.63673800
hotspot;PARALLEL_BACK_STARPU;16384;1024;5;20;3;6.71219683
nbody;PARALLEL_BACK_STARPU;98304;2048;5;26;2;13.98107900
cdf_solver;PARALLEL_BACK_STARPU;131072;2048;100;22;0;18.33991200
nbody;PARALLEL_BACK_STARPU;98304;2048;5;18;4;10.88506500
nbody;PARALLEL_BACK_STARPU;98304;2048;5;20;0;32.49273500
cdf_solver;PARALLEL_BACK_STARPU;131072;2048;100;0;4;6.72966300
hotspot;PARALLEL_BACK_STARPU;16384;1024;5;24;2;7.64890194
hotspot;PARALLEL_BACK_STARPU;16384;1024;5;22;3;6.69946098
cdf_solver;PARALLEL_BACK_STARPU;131072;2048;100;28;4;115.88053900
cdf_solver;PARALLEL_BACK_STARPU;131072;2048;100;22;4;6.88705500
hotspot;PARALLEL_BACK_STARPU;16384;1024;5;20;3;6.75724792
cdf_solver;PARALLEL_BACK_STARPU;131072;2048;100;20;4;6.84326600
cdf_solver;PARALLEL_BACK_STARPU;131072;2048;100;26;3;244.64033400
nbody;PARALLEL_BACK_STARPU;98304;2048;5;20;3;12.91052200
nbody;PARALLEL_BACK_STARPU;98304;2048;5;28;0;21.72810100
hotspot;PARALLEL_BACK_STARPU;16384;1024;5;20;0;32.61830521
hotspot;PARALLEL_BACK_STARPU;16384;1024;5;26;4;13.56970024
hotspot;PARALLEL_BACK_STARPU;16384;1024;5;24;4;8.90536022
cdf_solver;PARALLEL_BACK_STARPU;131072;2048;100;20;0;23.44683200
hotspot;PARALLEL_BACK_STARPU;16384;1024;5;18;0;37.36380386
hotspot;PARALLEL_BACK_STARPU;16384;1024;5;24;4;9.45313644
hotspot;PARALLEL_BACK_STARPU;16384;1024;5;22;4;6.91492414
nbody;PARALLEL_BACK_STARPU;98304;2048;5;18;2;18.89018800
hotspot;PARALLEL_BACK_STARPU;16384;1024;5;24;0;27.88743973
nbody;PARALLEL_BACK_STARPU;98304;2048;5;0;2;31.04214200
nbody;PARALLEL_BACK_STARPU;98304;2048;5;22;4;11.08074300
nbody;PARALLEL_BACK_STARPU;98304;2048;5;28;4;22.35530300
hotspot;PARALLEL_BACK_STARPU;16384;1024;5;24;4;8.39690304
cdf_solver;PARALLEL_BACK_STARPU;131072;2048;100;26;2;49.20627400
nbody;PARALLEL_BACK_STARPU;98304;2048;5;22;4;11.11037300
hotspot;PARALLEL_BACK_STARPU;16384;1024;5;0;2;8.90902615
nbody;PARALLEL_BACK_STARPU;98304;2048;5;20;3;12.44362500
cdf_solver;PARALLEL_BACK_STARPU;131072;2048;100;28;2;51.69678000
cdf_solver;PARALLEL_BACK_STARPU;131072;2048;100;26;4;83.85220800
cdf_solver;PARALLEL_BACK_STARPU;131072;2048;100;28;2;51.97301500
nbody;PARALLEL_BACK_STARPU;98304;2048;5;18;3;13.52142600
cdf_solver;PARALLEL_BACK_STARPU;131072;2048;100;18;4;6.76261800
nbody;PARALLEL_BACK_STARPU;98304;2048;5;22;1;22.60558900
nbody;PARALLEL_BACK_STARPU;98304;2048;5;22;1;23.27151100
hotspot;PARALLEL_BACK_STARPU;16384;1024;5;20;3;6.67209578
hotspot;PARALLEL_BACK_STARPU;16384;1024;5;0;1;14.73491192
nbody;PARALLEL_BACK_STARPU;98304;2048;5;20;1;23.04465600
nbody;PARALLEL_BACK_STARPU;98304;2048;5;24;4;11.17548800
nbody;PARALLEL_BACK_STARPU;98304;2048;5;26;0;21.73768300
hotspot;PARALLEL_BACK_STARPU;16384;1024;5;26;0;25.08684349
cdf_solver;PARALLEL_BACK_STARPU;131072;2048;100;24;4;53.82044400
hotspot;PARALLEL_BACK_STARPU;16384;1024;5;28;4;15.15814018
nbody;PARALLEL_BACK_STARPU;98304;2048;5;18;1;21.63210200
cdf_solver;PARALLEL_BACK_STARPU;131072;2048;100;28;0;18.22670800
nbody;PARALLEL_BACK_STARPU;98304;2048;5;28;3;11.58836600
cdf_solver;PARALLEL_BACK_STARPU;131072;2048;100;18;0;23.67995400
hotspot;PARALLEL_BACK_STARPU;16384;1024;5;18;2;8.23219681
hotspot;PARALLEL_BACK_STARPU;16384;1024;5;24;0;27.88549995
nbody;PARALLEL_BACK_STARPU;98304;2048;5;24;2;15.38871700
nbody;PARALLEL_BACK_STARPU;98304;2048;5;24;0;21.72730400
cdf_solver;PARALLEL_BACK_STARPU;131072;2048;100;22;2;8.86456100
hotspot;PARALLEL_BACK_STARPU;16384;1024;5;22;3;6.68501520
nbody;PARALLEL_BACK_STARPU;98304;2048;5;18;1;21.64603900
nbody;PARALLEL_BACK_STARPU;98304;2048;5;26;4;11.42005000
nbody;PARALLEL_BACK_STARPU;98304;2048;5;0;3;21.99166700
hotspot;PARALLEL_BACK_STARPU;16384;1024;5;26;0;25.08943558
hotspot;PARALLEL_BACK_STARPU;16384;1024;5;26;1;10.50446129
cdf_solver;PARALLEL_BACK_STARPU;131072;2048;100;20;4;6.86995100
cdf_solver;PARALLEL_BACK_STARPU;131072;2048;100;26;4;92.13642300
hotspot;PARALLEL_BACK_STARPU;16384;1024;5;0;4;6.87392187
hotspot;PARALLEL_BACK_STARPU;16384;1024;5;0;2;9.09845734
cdf_solver;PARALLEL_BACK_STARPU;131072;2048;100;20;2;8.85990600
cdf_solver;PARALLEL_BACK_STARPU;131072;2048;100;24;3;7.88882400
cdf_solver;PARALLEL_BACK_STARPU;131072;2048;100;24;3;8.03878400
cdf_solver;PARALLEL_BACK_STARPU;131072;2048;100;20;0;23.42219400
hotspot;PARALLEL_BACK_STARPU;16384;1024;5;0;3;7.12480593
nbody;PARALLEL_BACK_STARPU;98304;2048;5;18;0;32.46279000
hotspot;PARALLEL_BACK_STARPU;16384;1024;5;24;1;10.77884960
hotspot;PARALLEL_BACK_STARPU;16384;1024;5;22;3;6.46340513
cdf_solver;PARALLEL_BACK_STARPU;131072;2048;100;26;4;86.10047500
nbody;PARALLEL_BACK_STARPU;98304;2048;5;20;4;11.94072500
nbody;PARALLEL_BACK_STARPU;98304;2048;5;18;0;32.45742400
cdf_solver;PARALLEL_BACK_STARPU;131072;2048;100;22;2;8.65531500
hotspot;PARALLEL_BACK_STARPU;16384;1024;5;20;3;6.86975908
nbody;PARALLEL_BACK_STARPU;98304;2048;5;18;1;21.64302700
cdf_solver;PARALLEL_BACK_STARPU;131072;2048;100;26;2;42.54252600
nbody;PARALLEL_BACK_STARPU;98304;2048;5;0;4;16.33709800
cdf_solver;PARALLEL_BACK_STARPU;131072;2048;100;18;2;8.87806700
nbody;PARALLEL_BACK_STARPU;98304;2048;5;28;3;12.14939600
cdf_solver;PARALLEL_BACK_STARPU;131072;2048;100;28;0;18.21212700
nbody;PARALLEL_BACK_STARPU;98304;2048;5;20;3;12.29412700
hotspot;PARALLEL_BACK_STARPU;16384;1024;5;20;4;7.26790285
cdf_solver;PARALLEL_BACK_STARPU;131072;2048;100;26;3;255.51637600
nbody;PARALLEL_BACK_STARPU;98304;2048;5;0;3;21.96600700
cdf_solver;PARALLEL_BACK_STARPU;131072;2048;100;28;0;18.26700600
hotspot;PARALLEL_BACK_STARPU;16384;1024;5;22;1;10.98917103
cdf_solver;PARALLEL_BACK_STARPU;131072;2048;100;28;1;35.03207100
nbody;PARALLEL_BACK_STARPU;98304;2048;5;18;0;32.44288100
nbody;PARALLEL_BACK_STARPU;98304;2048;5;28;1;21.95617700
nbody;PARALLEL_BACK_STARPU;98304;2048;5;18;3;13.10243300
hotspot;PARALLEL_BACK_STARPU;16384;1024;5;20;1;11.04723835
hotspot;PARALLEL_BACK_STARPU;16384;1024;5;26;3;18.48043251
hotspot;PARALLEL_BACK_STARPU;16384;1024;5;26;1;10.52744293
nbody;PARALLEL_BACK_STARPU;98304;2048;5;22;1;23.01644900
hotspot;PARALLEL_BACK_STARPU;16384;1024;5;24;1;10.74545670
hotspot;PARALLEL_BACK_STARPU;16384;1024;5;26;4;14.46455383
hotspot;PARALLEL_BACK_STARPU;16384;1024;5;0;1;14.73119354
cdf_solver;PARALLEL_BACK_STARPU;131072;2048;100;24;0;18.28691400
nbody;PARALLEL_BACK_STARPU;98304;2048;5;26;1;21.71389700
nbody;PARALLEL_BACK_STARPU;98304;2048;5;22;3;11.61638800
nbody;PARALLEL_BACK_STARPU;98304;2048;5;22;1;23.39024500
hotspot;PARALLEL_BACK_STARPU;16384;1024;5;28;3;15.49245739
cdf_solver;PARALLEL_BACK_STARPU;131072;2048;100;26;4;92.98736600
cdf_solver;PARALLEL_BACK_STARPU;131072;2048;100;22;3;7.82134500
hotspot;PARALLEL_BACK_STARPU;16384;1024;5;26;0;25.10175133
cdf_solver;PARALLEL_BACK_STARPU;131072;2048;100;22;4;6.87916800
nbody;PARALLEL_BACK_STARPU;98304;2048;5;20;0;32.47511400
hotspot;PARALLEL_BACK_STARPU;16384;1024;5;18;1;10.99217415
nbody;PARALLEL_BACK_STARPU;98304;2048;5;22;2;16.49171200
hotspot;PARALLEL_BACK_STARPU;16384;1024;5;24;1;10.87233353
hotspot;PARALLEL_BACK_STARPU;16384;1024;5;18;0;37.34244919
nbody;PARALLEL_BACK_STARPU;98304;2048;5;20;3;12.11029200
hotspot;PARALLEL_BACK_STARPU;16384;1024;5;26;0;25.09228516
cdf_solver;PARALLEL_BACK_STARPU;131072;2048;100;18;0;23.64870800
hotspot;PARALLEL_BACK_STARPU;16384;1024;5;26;2;8.46410656
cdf_solver;PARALLEL_BACK_STARPU;131072;2048;100;24;3;7.83378400
nbody;PARALLEL_BACK_STARPU;98304;2048;5;0;4;15.28990700
nbody;PARALLEL_BACK_STARPU;98304;2048;5;20;2;19.31188000
cdf_solver;PARALLEL_BACK_STARPU;131072;2048;100;0;2;11.13514200
nbody;PARALLEL_BACK_STARPU;98304;2048;5;18;2;20.56735100
hotspot;PARALLEL_BACK_STARPU;16384;1024;5;28;4;14.63460064
nbody;PARALLEL_BACK_STARPU;98304;2048;5;28;1;21.98866400
cdf_solver;PARALLEL_BACK_STARPU;131072;2048;100;26;3;174.83981800
nbody;PARALLEL_BACK_STARPU;98304;2048;5;24;2;16.33252700
cdf_solver;PARALLEL_BACK_STARPU;131072;2048;100;0;2;11.15770700
nbody;PARALLEL_BACK_STARPU;98304;2048;5;24;0;21.73183600
hotspot;PARALLEL_BACK_STARPU;16384;1024;5;22;1;11.03703308
cdf_solver;PARALLEL_BACK_STARPU;131072;2048;100;28;1;32.80950400
nbody;PARALLEL_BACK_STARPU;98304;2048;5;24;0;21.72486300
hotspot;PARALLEL_BACK_STARPU;16384;1024;5;20;0;32.61315536
nbody;PARALLEL_BACK_STARPU;98304;2048;5;20;3;12.14168400
nbody;PARALLEL_BACK_STARPU;98304;2048;5;24;3;10.93458800
nbody;PARALLEL_BACK_STARPU;98304;2048;5;26;1;21.66755600
nbody;PARALLEL_BACK_STARPU;98304;2048;5;28;2;22.15629200
hotspot;PARALLEL_BACK_STARPU;16384;1024;5;0;2;8.87219810
nbody;PARALLEL_BACK_STARPU;98304;2048;5;26;2;15.58152100
cdf_solver;PARALLEL_BACK_STARPU;131072;2048;100;28;1;34.74188900
cdf_solver;PARALLEL_BACK_STARPU;131072;2048;100;20;2;8.56064400
cdf_solver;PARALLEL_BACK_STARPU;131072;2048;100;26;3;156.37222000
nbody;PARALLEL_BACK_STARPU;98304;2048;5;24;1;21.66474800
hotspot;PARALLEL_BACK_STARPU;16384;1024;5;24;3;6.49524117
hotspot;PARALLEL_BACK_STARPU;16384;1024;5;28;1;17.05105972
hotspot;PARALLEL_BACK_STARPU;16384;1024;5;22;0;30.03397942
cdf_solver;PARALLEL_BACK_STARPU;131072;2048;100;26;2;35.24614900
hotspot;PARALLEL_BACK_STARPU;16384;1024;5;28;3;16.15563774
cdf_solver;PARALLEL_BACK_STARPU;131072;2048;100;26;4;87.42223900
nbody;PARALLEL_BACK_STARPU;98304;2048;5;28;3;12.15880100
cdf_solver;PARALLEL_BACK_STARPU;131072;2048;100;20;0;23.46107700
cdf_solver;PARALLEL_BACK_STARPU;131072;2048;100;20;2;8.61142700
cdf_solver;PARALLEL_BACK_STARPU;131072;2048;100;26;1;10.83240600
nbody;PARALLEL_BACK_STARPU;98304;2048;5;18;1;21.88389500
hotspot;PARALLEL_BACK_STARPU;16384;1024;5;24;4;9.38514423
cdf_solver;PARALLEL_BACK_STARPU;131072;2048;100;26;0;18.24279400
hotspot;PARALLEL_BACK_STARPU;16384;1024;5;26;0;25.09344482
cdf_solver;PARALLEL_BACK_STARPU;131072;2048;100;26;2;36.21228000
cdf_solver;PARALLEL_BACK_STARPU;131072;2048;100;0;4;6.82959400
hotspot;PARALLEL_BACK_STARPU;16384;1024;5;22;4;7.05936909
hotspot;PARALLEL_BACK_STARPU;16384;1024;5;26;2;9.50444698
cdf_solver;PARALLEL_BACK_STARPU;131072;2048;100;28;0;18.22567800
cdf_solver;PARALLEL_BACK_STARPU;131072;2048;100;28;0;18.26486900
nbody;PARALLEL_BACK_STARPU;98304;2048;5;28;1;21.75214300
nbody;PARALLEL_BACK_STARPU;98304;2048;5;24;0;21.72573000
hotspot;PARALLEL_BACK_STARPU;16384;1024;5;0;4;6.90024900
cdf_solver;PARALLEL_BACK_STARPU;131072;2048;100;20;0;23.45646400
nbody;PARALLEL_BACK_STARPU;98304;2048;5;0;4;15.26482700
hotspot;PARALLEL_BACK_STARPU;16384;1024;5;22;1;11.29019165
hotspot;PARALLEL_BACK_STARPU;16384;1024;5;28;0;25.11923981
cdf_solver;PARALLEL_BACK_STARPU;131072;2048;100;24;0;18.25326900
hotspot;PARALLEL_BACK_STARPU;16384;1024;5;26;1;10.54193974
nbody;PARALLEL_BACK_STARPU;98304;2048;5;22;4;10.93226500
cdf_solver;PARALLEL_BACK_STARPU;131072;2048;100;28;3;98.86827300
cdf_solver;PARALLEL_BACK_STARPU;131072;2048;100;18;1;12.51369900
hotspot;PARALLEL_BACK_STARPU;16384;1024;5;0;1;14.72438622
nbody;PARALLEL_BACK_STARPU;98304;2048;5;24;0;21.72460200
cdf_solver;PARALLEL_BACK_STARPU;131072;2048;100;28;2;52.72279000
hotspot;PARALLEL_BACK_STARPU;16384;1024;5;28;4;15.80557060
hotspot;PARALLEL_BACK_STARPU;16384;1024;5;28;0;25.12877274
hotspot;PARALLEL_BACK_STARPU;16384;1024;5;18;4;7.05687904
cdf_solver;PARALLEL_BACK_STARPU;131072;2048;100;22;1;11.66441300
hotspot;PARALLEL_BACK_STARPU;16384;1024;5;0;3;7.28048277
nbody;PARALLEL_BACK_STARPU;98304;2048;5;28;4;22.15680000
hotspot;PARALLEL_BACK_STARPU;16384;1024;5;22;0;30.04697609
hotspot;PARALLEL_BACK_STARPU;16384;1024;5;20;3;6.61407804
nbody;PARALLEL_BACK_STARPU;98304;2048;5;0;3;20.45562800
nbody;PARALLEL_BACK_STARPU;98304;2048;5;28;4;22.42824900
nbody;PARALLEL_BACK_STARPU;98304;2048;5;22;0;32.50677600
hotspot;PARALLEL_BACK_STARPU;16384;1024;5;18;0;37.35351944
hotspot;PARALLEL_BACK_STARPU;16384;1024;5;28;1;16.88155556
cdf_solver;PARALLEL_BACK_STARPU;131072;2048;100;24;2;8.90090900
hotspot;PARALLEL_BACK_STARPU;16384;1024;5;28;3;14.24143314
hotspot;PARALLEL_BACK_STARPU;16384;1024;5;18;3;6.74181700
nbody;PARALLEL_BACK_STARPU;98304;2048;5;24;4;11.03965400
hotspot;PARALLEL_BACK_STARPU;16384;1024;5;20;3;6.39809704
hotspot;PARALLEL_BACK_STARPU;16384;1024;5;26;4;15.26989079
cdf_solver;PARALLEL_BACK_STARPU;131072;2048;100;18;4;6.72983800
cdf_solver;PARALLEL_BACK_STARPU;131072;2048;100;26;2;48.69422700
cdf_solver;PARALLEL_BACK_STARPU;131072;2048;100;22;0;18.28595100
hotspot;PARALLEL_BACK_STARPU;16384;1024;5;24;3;6.73776913
hotspot;PARALLEL_BACK_STARPU;16384;1024;5;22;0;30.04094315
hotspot;PARALLEL_BACK_STARPU;16384;1024;5;28;1;17.57756424
nbody;PARALLEL_BACK_STARPU;98304;2048;5;24;2;15.44142300
hotspot;PARALLEL_BACK_STARPU;16384;1024;5;20;4;6.92513514
nbody;PARALLEL_BACK_STARPU;98304;2048;5;22;0;32.50755500
nbody;PARALLEL_BACK_STARPU;98304;2048;5;20;2;17.65279000
hotspot;PARALLEL_BACK_STARPU;16384;1024;5;0;3;7.29318619
hotspot;PARALLEL_BACK_STARPU;16384;1024;5;28;1;17.04656792
hotspot;PARALLEL_BACK_STARPU;16384;1024;5;26;1;10.50068474
nbody;PARALLEL_BACK_STARPU;98304;2048;5;0;4;15.12280100
nbody;PARALLEL_BACK_STARPU;98304;2048;5;18;4;10.99891500
nbody;PARALLEL_BACK_STARPU;98304;2048;5;28;0;21.73243000
nbody;PARALLEL_BACK_STARPU;98304;2048;5;26;0;21.72734600
hotspot;PARALLEL_BACK_STARPU;16384;1024;5;20;0;32.60469437
hotspot;PARALLEL_BACK_STARPU;16384;1024;5;18;0;37.34042740
nbody;PARALLEL_BACK_STARPU;98304;2048;5;24;2;15.43699100
nbody;PARALLEL_BACK_STARPU;98304;2048;5;20;1;21.64341600
hotspot;PARALLEL_BACK_STARPU;16384;1024;5;20;4;6.94676018
hotspot;PARALLEL_BACK_STARPU;16384;1024;5;24;4;8.31556225
hotspot;PARALLEL_BACK_STARPU;16384;1024;5;26;1;10.50347614
hotspot;PARALLEL_BACK_STARPU;16384;1024;5;22;3;6.64538383
nbody;PARALLEL_BACK_STARPU;98304;2048;5;20;1;21.64441300
hotspot;PARALLEL_BACK_STARPU;16384;1024;5;20;4;6.85151386
nbody;PARALLEL_BACK_STARPU;98304;2048;5;22;1;21.62742600
hotspot;PARALLEL_BACK_STARPU;16384;1024;5;26;4;15.53806591
hotspot;PARALLEL_BACK_STARPU;16384;1024;5;28;2;15.22893524
cdf_solver;PARALLEL_BACK_STARPU;131072;2048;100;0;4;6.82401900
nbody;PARALLEL_BACK_STARPU;98304;2048;5;0;2;33.10196400
nbody;PARALLEL_BACK_STARPU;98304;2048;5;18;2;20.58415400
hotspot;PARALLEL_BACK_STARPU;16384;1024;5;20;4;6.60763121
cdf_solver;PARALLEL_BACK_STARPU;131072;2048;100;20;3;7.68712500
cdf_solver;PARALLEL_BACK_STARPU;131072;2048;100;18;4;6.70404700
cdf_solver;PARALLEL_BACK_STARPU;131072;2048;100;18;0;23.64591100
hotspot;PARALLEL_BACK_STARPU;16384;1024;5;20;1;11.14025593
hotspot;PARALLEL_BACK_STARPU;16384;1024;5;22;0;30.03989220
hotspot;PARALLEL_BACK_STARPU;16384;1024;5;18;3;6.71343184
hotspot;PARALLEL_BACK_STARPU;16384;1024;5;20;0;32.61014938
cdf_solver;PARALLEL_BACK_STARPU;131072;2048;100;22;3;7.79197800
hotspot;PARALLEL_BACK_STARPU;16384;1024;5;18;1;11.14601231
cdf_solver;PARALLEL_BACK_STARPU;131072;2048;100;22;2;8.66943900
cdf_solver;PARALLEL_BACK_STARPU;131072;2048;100;22;4;6.87058800
nbody;PARALLEL_BACK_STARPU;98304;2048;5;22;1;21.64399700
nbody;PARALLEL_BACK_STARPU;98304;2048;5;26;1;22.70949300
nbody;PARALLEL_BACK_STARPU;98304;2048;5;18;0;32.44270800
nbody;PARALLEL_BACK_STARPU;98304;2048;5;0;2;30.94197500
nbody;PARALLEL_BACK_STARPU;98304;2048;5;20;1;22.74249800
cdf_solver;PARALLEL_BACK_STARPU;131072;2048;100;26;4;92.45983900
nbody;PARALLEL_BACK_STARPU;98304;2048;5;24;3;11.18049800
hotspot;PARALLEL_BACK_STARPU;16384;1024;5;0;3;7.12128496
cdf_solver;PARALLEL_BACK_STARPU;131072;2048;100;18;1;12.50422700
nbody;PARALLEL_BACK_STARPU;98304;2048;5;22;4;11.38310400
hotspot;PARALLEL_BACK_STARPU;16384;1024;5;28;0;25.12471199
hotspot;PARALLEL_BACK_STARPU;16384;1024;5;18;2;7.96745777
hotspot;PARALLEL_BACK_STARPU;16384;1024;5;28;2;15.86236763
cdf_solver;PARALLEL_BACK_STARPU;131072;2048;100;20;4;6.81385000
nbody;PARALLEL_BACK_STARPU;98304;2048;5;24;2;16.54851900
cdf_solver;PARALLEL_BACK_STARPU;131072;2048;100;28;1;33.31609800
nbody;PARALLEL_BACK_STARPU;98304;2048;5;20;1;22.85867900
nbody;PARALLEL_BACK_STARPU;98304;2048;5;26;0;21.71931200
nbody;PARALLEL_BACK_STARPU;98304;2048;5;22;0;32.46357300
hotspot;PARALLEL_BACK_STARPU;16384;1024;5;24;2;7.97054291
cdf_solver;PARALLEL_BACK_STARPU;131072;2048;100;22;0;18.33716500
hotspot;PARALLEL_BACK_STARPU;16384;1024;5;22;2;7.94930983
hotspot;PARALLEL_BACK_STARPU;16384;1024;5;24;1;10.75120354
cdf_solver;PARALLEL_BACK_STARPU;131072;2048;100;20;3;7.66230800
cdf_solver;PARALLEL_BACK_STARPU;131072;2048;100;26;2;38.83968600
hotspot;PARALLEL_BACK_STARPU;16384;1024;5;22;0;30.04290771
cdf_solver;PARALLEL_BACK_STARPU;131072;2048;100;22;2;8.70253800
hotspot;PARALLEL_BACK_STARPU;16384;1024;5;26;2;8.70523167
cdf_solver;PARALLEL_BACK_STARPU;131072;2048;100;20;1;12.07968600
nbody;PARALLEL_BACK_STARPU;98304;2048;5;20;4;11.34652700
hotspot;PARALLEL_BACK_STARPU;16384;1024;5;26;1;10.53505325
cdf_solver;PARALLEL_BACK_STARPU;131072;2048;100;24;1;11.19557900
hotspot;PARALLEL_BACK_STARPU;16384;1024;5;24;4;8.22393036
cdf_solver;PARALLEL_BACK_STARPU;131072;2048;100;24;0;18.30584700
nbody;PARALLEL_BACK_STARPU;98304;2048;5;20;2;18.26088500
cdf_solver;PARALLEL_BACK_STARPU;131072;2048;100;24;4;54.16573300
cdf_solver;PARALLEL_BACK_STARPU;131072;2048;100;18;2;8.59041400
hotspot;PARALLEL_BACK_STARPU;16384;1024;5;26;0;25.08943176
hotspot;PARALLEL_BACK_STARPU;16384;1024;5;24;2;7.90413618
cdf_solver;PARALLEL_BACK_STARPU;131072;2048;100;0;2;10.79012000
cdf_solver;PARALLEL_BACK_STARPU;131072;2048;100;22;1;11.62144300
nbody;PARALLEL_BACK_STARPU;98304;2048;5;22;0;32.46348000
hotspot;PARALLEL_BACK_STARPU;16384;1024;5;18;4;6.97009611
hotspot;PARALLEL_BACK_STARPU;16384;1024;5;18;2;8.05583477
nbody;PARALLEL_BACK_STARPU;98304;2048;5;26;4;11.02461700
cdf_solver;PARALLEL_BACK_STARPU;131072;2048;100;0;3;7.88064400
cdf_solver;PARALLEL_BACK_STARPU;131072;2048;100;26;1;10.86451200
nbody;PARALLEL_BACK_STARPU;98304;2048;5;22;1;22.04306100
nbody;PARALLEL_BACK_STARPU;98304;2048;5;26;4;11.60300500
hotspot;PARALLEL_BACK_STARPU;16384;1024;5;18;3;7.06565905
hotspot;PARALLEL_BACK_STARPU;16384;1024;5;20;3;6.97124100
nbody;PARALLEL_BACK_STARPU;98304;2048;5;24;4;12.44050300
cdf_solver;PARALLEL_BACK_STARPU;131072;2048;100;22;1;11.61707800
cdf_solver;PARALLEL_BACK_STARPU;131072;2048;100;22;1;11.64569200
cdf_solver;PARALLEL_BACK_STARPU;131072;2048;100;26;0;18.27109700
hotspot;PARALLEL_BACK_STARPU;16384;1024;5;28;4;16.09316826
nbody;PARALLEL_BACK_STARPU;98304;2048;5;24;1;21.70169900
hotspot;PARALLEL_BACK_STARPU;16384;1024;5;20;4;6.65646791
hotspot;PARALLEL_BACK_STARPU;16384;1024;5;0;1;14.72946835
cdf_solver;PARALLEL_BACK_STARPU;131072;2048;100;26;1;10.83728700
hotspot;PARALLEL_BACK_STARPU;16384;1024;5;18;1;11.35965347
cdf_solver;PARALLEL_BACK_STARPU;131072;2048;100;0;4;6.73228700
nbody;PARALLEL_BACK_STARPU;98304;2048;5;20;1;23.00060100
hotspot;PARALLEL_BACK_STARPU;16384;1024;5;28;2;15.57687378
cdf_solver;PARALLEL_BACK_STARPU;131072;2048;100;20;1;12.06531300
nbody;PARALLEL_BACK_STARPU;98304;2048;5;28;2;22.26012100
nbody;PARALLEL_BACK_STARPU;98304;2048;5;18;3;13.51400300
hotspot;PARALLEL_BACK_STARPU;16384;1024;5;22;1;10.92754745
hotspot;PARALLEL_BACK_STARPU;16384;1024;5;0;3;7.23426723
hotspot;PARALLEL_BACK_STARPU;16384;1024;5;22;3;6.44821119
hotspot;PARALLEL_BACK_STARPU;16384;1024;5;22;1;10.95841694
nbody;PARALLEL_BACK_STARPU;98304;2048;5;24;2;16.49997100
cdf_solver;PARALLEL_BACK_STARPU;131072;2048;100;18;4;6.75521000
cdf_solver;PARALLEL_BACK_STARPU;131072;2048;100;20;0;23.47075400
hotspot;PARALLEL_BACK_STARPU;16384;1024;5;20;3;6.69385099
hotspot;PARALLEL_BACK_STARPU;16384;1024;5;22;4;6.77728987
cdf_solver;PARALLEL_BACK_STARPU;131072;2048;100;18;3;7.50703300
hotspot;PARALLEL_BACK_STARPU;16384;1024;5;18;1;11.32879925
cdf_solver;PARALLEL_BACK_STARPU;131072;2048;100;28;0;18.24432300
cdf_solver;PARALLEL_BACK_STARPU;131072;2048;100;26;0;18.22632800
cdf_solver;PARALLEL_BACK_STARPU;131072;2048;100;26;1;10.82464900
hotspot;PARALLEL_BACK_STARPU;16384;1024;5;24;2;7.71110678
hotspot;PARALLEL_BACK_STARPU;16384;1024;5;22;0;30.04057884
nbody;PARALLEL_BACK_STARPU;98304;2048;5;28;3;11.55641200
nbody;PARALLEL_BACK_STARPU;98304;2048;5;22;4;10.95154900
hotspot;PARALLEL_BACK_STARPU;16384;1024;5;26;4;13.45383930
nbody;PARALLEL_BACK_STARPU;98304;2048;5;22;3;11.94547600
cdf_solver;PARALLEL_BACK_STARPU;131072;2048;100;18;1;12.52512400
cdf_solver;PARALLEL_BACK_STARPU;131072;2048;100;18;4;6.67356300
cdf_solver;PARALLEL_BACK_STARPU;131072;2048;100;26;1;10.86650600
nbody;PARALLEL_BACK_STARPU;98304;2048;5;28;4;22.37786700
cdf_solver;PARALLEL_BACK_STARPU;131072;2048;100;28;0;18.22652900
nbody;PARALLEL_BACK_STARPU;98304;2048;5;26;1;21.67415700
hotspot;PARALLEL_BACK_STARPU;16384;1024;5;28;0;25.11661911
nbody;PARALLEL_BACK_STARPU;98304;2048;5;18;1;21.64432600
cdf_solver;PARALLEL_BACK_STARPU;131072;2048;100;0;1;18.80797200
hotspot;PARALLEL_BACK_STARPU;16384;1024;5;26;1;10.50703239
nbody;PARALLEL_BACK_STARPU;98304;2048;5;18;3;13.48553800
hotspot;PARALLEL_BACK_STARPU;16384;1024;5;18;3;6.56074095
nbody;PARALLEL_BACK_STARPU;98304;2048;5;22;1;22.02829700
cdf_solver;PARALLEL_BACK_STARPU;131072;2048;100;18;3;7.56332900
cdf_solver;PARALLEL_BACK_STARPU;131072;2048;100;0;3;8.00252800
nbody;PARALLEL_BACK_STARPU;98304;2048;5;24;1;23.11412600
cdf_solver;PARALLEL_BACK_STARPU;131072;2048;100;26;0;18.21572600
cdf_solver;PARALLEL_BACK_STARPU;131072;2048;100;24;2;8.85397700
hotspot;PARALLEL_BACK_STARPU;16384;1024;5;18;4;6.86809015
cdf_solver;PARALLEL_BACK_STARPU;131072;2048;100;20;2;8.69081300
nbody;PARALLEL_BACK_STARPU;98304;2048;5;18;1;22.16537000
nbody;PARALLEL_BACK_STARPU;98304;2048;5;24;3;11.01597100
cdf_solver;PARALLEL_BACK_STARPU;131072;2048;100;20;3;7.84262300
nbody;PARALLEL_BACK_STARPU;98304;2048;5;26;0;21.72995800
nbody;PARALLEL_BACK_STARPU;98304;2048;5;22;4;11.14918800
hotspot;PARALLEL_BACK_STARPU;16384;1024;5;0;1;14.84362602
hotspot;PARALLEL_BACK_STARPU;16384;1024;5;20;0;32.63577652
cdf_solver;PARALLEL_BACK_STARPU;131072;2048;100;22;3;7.80764100
nbody;PARALLEL_BACK_STARPU;98304;2048;5;18;4;10.99020300
hotspot;PARALLEL_BACK_STARPU;16384;1024;5;28;1;17.03805161
cdf_solver;PARALLEL_BACK_STARPU;131072;2048;100;22;0;18.31620000
hotspot;PARALLEL_BACK_STARPU;16384;1024;5;18;1;11.40608978
cdf_solver;PARALLEL_BACK_STARPU;131072;2048;100;0;1;18.78097900
hotspot;PARALLEL_BACK_STARPU;16384;1024;5;18;0;37.35794830
cdf_solver;PARALLEL_BACK_STARPU;131072;2048;100;28;0;18.22565800
cdf_solver;PARALLEL_BACK_STARPU;131072;2048;100;28;2;52.27679000
hotspot;PARALLEL_BACK_STARPU;16384;1024;5;26;4;14.03263855
hotspot;PARALLEL_BACK_STARPU;16384;1024;5;18;3;6.89442492
cdf_solver;PARALLEL_BACK_STARPU;131072;2048;100;26;0;18.19882700
hotspot;PARALLEL_BACK_STARPU;16384;1024;5;20;1;11.08250237
nbody;PARALLEL_BACK_STARPU;98304;2048;5;20;1;21.63649400
cdf_solver;PARALLEL_BACK_STARPU;131072;2048;100;28;1;34.23678100
nbody;PARALLEL_BACK_STARPU;98304;2048;5;24;2;15.42646000
hotspot;PARALLEL_BACK_STARPU;16384;1024;5;26;0;25.10487175
cdf_solver;PARALLEL_BACK_STARPU;131072;2048;100;22;1;11.64476700
cdf_solver;PARALLEL_BACK_STARPU;131072;2048;100;22;3;7.71804500
hotspot;PARALLEL_BACK_STARPU;16384;1024;5;22;2;8.18468666
nbody;PARALLEL_BACK_STARPU;98304;2048;5;26;4;11.40370100
nbody;PARALLEL_BACK_STARPU;98304;2048;5;28;0;21.73754800
nbody;PARALLEL_BACK_STARPU;98304;2048;5;24;0;21.73355100
nbody;PARALLEL_BACK_STARPU;98304;2048;5;26;2;14.44160300
nbody;PARALLEL_BACK_STARPU;98304;2048;5;24;2;16.44780900
hotspot;PARALLEL_BACK_STARPU;16384;1024;5;24;2;7.84418106
nbody;PARALLEL_BACK_STARPU;98304;2048;5;28;1;22.60819400
cdf_solver;PARALLEL_BACK_STARPU;131072;2048;100;24;3;7.82882600
hotspot;PARALLEL_BACK_STARPU;16384;1024;5;24;4;8.77753639
nbody;PARALLEL_BACK_STARPU;98304;2048;5;20;4;10.97693400
hotspot;PARALLEL_BACK_STARPU;16384;1024;5;22;1;10.89164257
hotspot;PARALLEL_BACK_STARPU;16384;1024;5;0;1;15.11350060
cdf_solver;PARALLEL_BACK_STARPU;131072;2048;100;0;1;18.99842000
nbody;PARALLEL_BACK_STARPU;98304;2048;5;24;0;21.72416600
hotspot;PARALLEL_BACK_STARPU;16384;1024;5;24;0;27.89666367
nbody;PARALLEL_BACK_STARPU;98304;2048;5;28;0;21.71575300
hotspot;PARALLEL_BACK_STARPU;16384;1024;5;0;1;14.70450878
cdf_solver;PARALLEL_BACK_STARPU;131072;2048;100;20;2;8.59935600
hotspot;PARALLEL_BACK_STARPU;16384;1024;5;24;1;10.83499908
cdf_solver;PARALLEL_BACK_STARPU;131072;2048;100;28;4;120.23615400
nbody;PARALLEL_BACK_STARPU;98304;2048;5;0;4;16.34042600
nbody;PARALLEL_BACK_STARPU;98304;2048;5;22;1;22.08179800
hotspot;PARALLEL_BACK_STARPU;16384;1024;5;22;2;7.84465313
cdf_solver;PARALLEL_BACK_STARPU;131072;2048;100;24;0;18.26917400
cdf_solver;PARALLEL_BACK_STARPU;131072;2048;100;0;1;18.74629000
nbody;PARALLEL_BACK_STARPU;98304;2048;5;22;2;17.26496500
nbody;PARALLEL_BACK_STARPU;98304;2048;5;28;2;22.08412700
cdf_solver;PARALLEL_BACK_STARPU;131072;2048;100;28;1;35.24476700
cdf_solver;PARALLEL_BACK_STARPU;131072;2048;100;18;1;12.51765400
cdf_solver;PARALLEL_BACK_STARPU;131072;2048;100;18;0;23.68138000
cdf_solver;PARALLEL_BACK_STARPU;131072;2048;100;18;1;12.51754800
hotspot;PARALLEL_BACK_STARPU;16384;1024;5;28;0;25.10821533
hotspot;PARALLEL_BACK_STARPU;16384;1024;5;22;3;6.64034414
cdf_solver;PARALLEL_BACK_STARPU;131072;2048;100;24;2;8.70700200
hotspot;PARALLEL_BACK_STARPU;16384;1024;5;18;1;11.32326984
hotspot;PARALLEL_BACK_STARPU;16384;1024;5;28;0;25.11265755
nbody;PARALLEL_BACK_STARPU;98304;2048;5;28;0;21.71689400
hotspot;PARALLEL_BACK_STARPU;16384;1024;5;26;4;17.96377182
hotspot;PARALLEL_BACK_STARPU;16384;1024;5;24;0;27.89460754
cdf_solver;PARALLEL_BACK_STARPU;131072;2048;100;20;3;7.79442000
cdf_solver;PARALLEL_BACK_STARPU;131072;2048;100;20;2;8.53454400
cdf_solver;PARALLEL_BACK_STARPU;131072;2048;100;20;1;12.04833800
nbody;PARALLEL_BACK_STARPU;98304;2048;5;22;4;10.92904500
hotspot;PARALLEL_BACK_STARPU;16384;1024;5;20;1;11.01425838
hotspot;PARALLEL_BACK_STARPU;16384;1024;5;22;4;6.94077921
cdf_solver;PARALLEL_BACK_STARPU;131072;2048;100;20;3;7.76430400
cdf_solver;PARALLEL_BACK_STARPU;131072;2048;100;28;4;118.42564000
cdf_solver;PARALLEL_BACK_STARPU;131072;2048;100;26;4;90.00556700
hotspot;PARALLEL_BACK_STARPU;16384;1024;5;24;3;6.56680393
nbody;PARALLEL_BACK_STARPU;98304;2048;5;22;3;11.88983200
cdf_solver;PARALLEL_BACK_STARPU;131072;2048;100;24;4;54.52422100
hotspot;PARALLEL_BACK_STARPU;16384;1024;5;28;4;15.58493996
hotspot;PARALLEL_BACK_STARPU;16384;1024;5;28;3;15.86887074
hotspot;PARALLEL_BACK_STARPU;16384;1024;5;18;0;37.35884094
nbody;PARALLEL_BACK_STARPU;98304;2048;5;22;2;16.80361900
nbody;PARALLEL_BACK_STARPU;98304;2048;5;28;0;21.74721100
hotspot;PARALLEL_BACK_STARPU;16384;1024;5;22;1;10.90595818
nbody;PARALLEL_BACK_STARPU;98304;2048;5;24;2;15.40807200
cdf_solver;PARALLEL_BACK_STARPU;131072;2048;100;20;4;6.82016600
cdf_solver;PARALLEL_BACK_STARPU;131072;2048;100;24;1;11.25657000
hotspot;PARALLEL_BACK_STARPU;16384;1024;5;0;1;14.88604164
cdf_solver;PARALLEL_BACK_STARPU;131072;2048;100;24;0;18.26755900
cdf_solver;PARALLEL_BACK_STARPU;131072;2048;100;26;1;10.93937600
hotspot;PARALLEL_BACK_STARPU;16384;1024;5;26;0;25.09172440
nbody;PARALLEL_BACK_STARPU;98304;2048;5;18;2;19.36755600
hotspot;PARALLEL_BACK_STARPU;16384;1024;5;22;3;6.61443901
nbody;PARALLEL_BACK_STARPU;98304;2048;5;24;3;11.06732700
hotspot;PARALLEL_BACK_STARPU;16384;1024;5;28;3;15.90188122
nbody;PARALLEL_BACK_STARPU;98304;2048;5;24;0;21.72457800
hotspot;PARALLEL_BACK_STARPU;16384;1024;5;28;2;15.81686401
hotspot;PARALLEL_BACK_STARPU;16384;1024;5;24;2;8.11939526
nbody;PARALLEL_BACK_STARPU;98304;2048;5;20;2;19.14432800
nbody;PARALLEL_BACK_STARPU;98304;2048;5;26;3;11.38428100
cdf_solver;PARALLEL_BACK_STARPU;131072;2048;100;26;1;10.83857100
cdf_solver;PARALLEL_BACK_STARPU;131072;2048;100;26;2;48.46233500
nbody;PARALLEL_BACK_STARPU;98304;2048;5;20;1;21.64603500
hotspot;PARALLEL_BACK_STARPU;16384;1024;5;20;0;32.61815643
hotspot;PARALLEL_BACK_STARPU;16384;1024;5;0;3;7.41603613
cdf_solver;PARALLEL_BACK_STARPU;131072;2048;100;22;1;11.66456600
hotspot;PARALLEL_BACK_STARPU;16384;1024;5;24;1;10.71731091
hotspot;PARALLEL_BACK_STARPU;16384;1024;5;18;2;8.10525227
nbody;PARALLEL_BACK_STARPU;98304;2048;5;26;1;21.83101000
nbody;PARALLEL_BACK_STARPU;98304;2048;5;18;1;22.79976700
hotspot;PARALLEL_BACK_STARPU;16384;1024;5;0;2;8.65721130
nbody;PARALLEL_BACK_STARPU;98304;2048;5;18;2;20.09538000
cdf_solver;PARALLEL_BACK_STARPU;131072;2048;100;24;1;11.21532000
cdf_solver;PARALLEL_BACK_STARPU;131072;2048;100;20;3;7.66663700
hotspot;PARALLEL_BACK_STARPU;16384;1024;5;0;2;8.94660759
cdf_solver;PARALLEL_BACK_STARPU;131072;2048;100;28;3;89.22559800
