BENCH;backend;size;block_size;iterations;thread;gpus;time
nbody;PARALLEL_BACK_STARPU;131072;2048;5;23;4;17.46758600
nbody;PARALLEL_BACK_STARPU;81920;2048;5;23;4;9.05306400
hotspot;PARALLEL_BACK_STARPU;18432;1024;5;27;1;13.11443138
hotspot;PARALLEL_BACK_STARPU;14336;1024;5;23;4;5.25278521
nbody;PARALLEL_BACK_STARPU;98304;2048;5;26;2;13.51029500
nbody;PARALLEL_BACK_STARPU;65536;2048;5;22;3;7.23638100
nbody;PARALLEL_BACK_STARPU;114688;2048;5;24;3;15.89244300
nbody;PARALLEL_BACK_STARPU;98304;2048;5;22;4;10.86391200
nbody;PARALLEL_BACK_STARPU;114688;2048;5;23;2;24.67140100
hotspot;PARALLEL_BACK_STARPU;14336;1024;5;23;3;5.38256598
nbody;PARALLEL_BACK_STARPU;131072;2048;5;23;3;23.11830000
hotspot;PARALLEL_BACK_STARPU;14336;1024;5;24;2;6.25871706
nbody;PARALLEL_BACK_STARPU;65536;2048;5;25;3;7.47398600
nbody;PARALLEL_BACK_STARPU;98304;2048;5;23;2;16.29260300
hotspot;PARALLEL_BACK_STARPU;18432;1024;5;22;3;8.34645844
hotspot;PARALLEL_BACK_STARPU;16384;1024;5;26;1;10.50935936
hotspot;PARALLEL_BACK_STARPU;12288;1024;5;23;1;5.83799601
nbody;PARALLEL_BACK_STARPU;81920;2048;5;26;1;14.61972900
nbody;PARALLEL_BACK_STARPU;131072;2048;5;22;1;33.38295700
nbody;PARALLEL_BACK_STARPU;114688;2048;5;22;4;12.77187300
hotspot;PARALLEL_BACK_STARPU;12288;1024;5;22;1;5.90763712
nbody;PARALLEL_BACK_STARPU;114688;2048;5;24;1;25.32054000
hotspot;PARALLEL_BACK_STARPU;12288;1024;5;25;2;4.56302500
hotspot;PARALLEL_BACK_STARPU;16384;1024;5;26;2;9.76792717
hotspot;PARALLEL_BACK_STARPU;20480;1024;5;23;3;10.07545280
hotspot;PARALLEL_BACK_STARPU;20480;1024;5;24;4;11.38991070
nbody;PARALLEL_BACK_STARPU;98304;2048;5;25;1;21.66097000
nbody;PARALLEL_BACK_STARPU;98304;2048;5;22;2;16.39365100
nbody;PARALLEL_BACK_STARPU;114688;2048;5;22;1;25.73328200
nbody;PARALLEL_BACK_STARPU;98304;2048;5;26;2;14.76148900
hotspot;PARALLEL_BACK_STARPU;12288;1024;5;24;3;3.98920298
nbody;PARALLEL_BACK_STARPU;131072;2048;5;24;1;29.47383800
nbody;PARALLEL_BACK_STARPU;65536;2048;5;24;4;6.82185500
hotspot;PARALLEL_BACK_STARPU;14336;1024;5;23;1;8.41575241
nbody;PARALLEL_BACK_STARPU;114688;2048;5;24;1;26.55292200
hotspot;PARALLEL_BACK_STARPU;16384;1024;5;27;1;10.82681465
nbody;PARALLEL_BACK_STARPU;81920;2048;5;25;2;9.09315600
nbody;PARALLEL_BACK_STARPU;98304;2048;5;22;3;11.41628000
nbody;PARALLEL_BACK_STARPU;114688;2048;5;22;3;17.29691700
hotspot;PARALLEL_BACK_STARPU;18432;1024;5;24;4;9.51023293
hotspot;PARALLEL_BACK_STARPU;12288;1024;5;25;1;5.79436398
nbody;PARALLEL_BACK_STARPU;65536;2048;5;25;3;7.77691900
nbody;PARALLEL_BACK_STARPU;65536;2048;5;24;4;6.78737800
nbody;PARALLEL_BACK_STARPU;114688;2048;5;24;1;26.22436100
nbody;PARALLEL_BACK_STARPU;65536;2048;5;23;1;7.53886900
hotspot;PARALLEL_BACK_STARPU;18432;1024;5;24;4;11.03441525
nbody;PARALLEL_BACK_STARPU;131072;2048;5;23;1;31.28946500
hotspot;PARALLEL_BACK_STARPU;14336;1024;5;22;2;6.13549089
hotspot;PARALLEL_BACK_STARPU;18432;1024;5;23;4;8.38979912
hotspot;PARALLEL_BACK_STARPU;18432;1024;5;24;3;8.53899956
nbody;PARALLEL_BACK_STARPU;65536;2048;5;22;4;6.85345800
nbody;PARALLEL_BACK_STARPU;131072;2048;5;23;3;24.10398500
nbody;PARALLEL_BACK_STARPU;65536;2048;5;24;2;7.27495400
hotspot;PARALLEL_BACK_STARPU;18432;1024;5;26;2;11.09578323
hotspot;PARALLEL_BACK_STARPU;18432;1024;5;22;4;8.79826355
hotspot;PARALLEL_BACK_STARPU;14336;1024;5;23;2;6.30400801
nbody;PARALLEL_BACK_STARPU;65536;2048;5;24;3;7.30556300
nbody;PARALLEL_BACK_STARPU;65536;2048;5;24;3;7.29815600
nbody;PARALLEL_BACK_STARPU;114688;2048;5;24;2;26.00108700
nbody;PARALLEL_BACK_STARPU;98304;2048;5;25;2;15.69969000
hotspot;PARALLEL_BACK_STARPU;14336;1024;5;24;1;8.45408344
hotspot;PARALLEL_BACK_STARPU;20480;1024;5;24;1;16.01960945
hotspot;PARALLEL_BACK_STARPU;16384;1024;5;22;1;11.05980301
nbody;PARALLEL_BACK_STARPU;98304;2048;5;23;1;22.65266000
hotspot;PARALLEL_BACK_STARPU;14336;1024;5;24;1;8.39274311
hotspot;PARALLEL_BACK_STARPU;16384;1024;5;23;1;10.84486294
hotspot;PARALLEL_BACK_STARPU;20480;1024;5;23;4;10.80766582
hotspot;PARALLEL_BACK_STARPU;12288;1024;5;22;3;3.97289395
hotspot;PARALLEL_BACK_STARPU;20480;1024;5;24;2;11.52154064
hotspot;PARALLEL_BACK_STARPU;18432;1024;5;26;1;12.96474457
hotspot;PARALLEL_BACK_STARPU;12288;1024;5;22;3;4.19073486
hotspot;PARALLEL_BACK_STARPU;16384;1024;5;25;2;7.83637619
nbody;PARALLEL_BACK_STARPU;131072;2048;5;25;3;23.49067800
nbody;PARALLEL_BACK_STARPU;81920;2048;5;22;1;18.95368900
nbody;PARALLEL_BACK_STARPU;65536;2048;5;22;4;6.89262500
nbody;PARALLEL_BACK_STARPU;81920;2048;5;22;2;9.74304400
nbody;PARALLEL_BACK_STARPU;114688;2048;5;22;3;18.18782900
nbody;PARALLEL_BACK_STARPU;114688;2048;5;24;4;14.30467200
nbody;PARALLEL_BACK_STARPU;114688;2048;5;22;2;27.69952600
nbody;PARALLEL_BACK_STARPU;114688;2048;5;26;2;24.84442300
hotspot;PARALLEL_BACK_STARPU;14336;1024;5;23;3;5.24049711
hotspot;PARALLEL_BACK_STARPU;18432;1024;5;27;1;13.42558861
nbody;PARALLEL_BACK_STARPU;65536;2048;5;22;2;7.24624800
nbody;PARALLEL_BACK_STARPU;98304;2048;5;27;1;23.19192900
nbody;PARALLEL_BACK_STARPU;131072;2048;5;25;2;30.73316800
hotspot;PARALLEL_BACK_STARPU;14336;1024;5;25;3;7.95256090
nbody;PARALLEL_BACK_STARPU;98304;2048;5;24;2;16.73219400
hotspot;PARALLEL_BACK_STARPU;16384;1024;5;23;4;6.07593012
hotspot;PARALLEL_BACK_STARPU;20480;1024;5;26;2;12.93960381
nbody;PARALLEL_BACK_STARPU;114688;2048;5;27;1;25.96375400
nbody;PARALLEL_BACK_STARPU;98304;2048;5;26;1;22.73440100
nbody;PARALLEL_BACK_STARPU;98304;2048;5;22;1;22.86644500
nbody;PARALLEL_BACK_STARPU;81920;2048;5;23;2;9.51006800
nbody;PARALLEL_BACK_STARPU;65536;2048;5;24;1;7.25103700
nbody;PARALLEL_BACK_STARPU;81920;2048;5;22;2;9.70945600
nbody;PARALLEL_BACK_STARPU;98304;2048;5;26;1;22.94847500
nbody;PARALLEL_BACK_STARPU;131072;2048;5;24;2;31.09671000
hotspot;PARALLEL_BACK_STARPU;14336;1024;5;26;2;8.43042755
nbody;PARALLEL_BACK_STARPU;98304;2048;5;23;4;11.11642200
hotspot;PARALLEL_BACK_STARPU;16384;1024;5;26;1;10.50835133
hotspot;PARALLEL_BACK_STARPU;14336;1024;5;26;1;8.40343380
nbody;PARALLEL_BACK_STARPU;131072;2048;5;24;2;31.28661600
nbody;PARALLEL_BACK_STARPU;131072;2048;5;22;3;25.85572700
nbody;PARALLEL_BACK_STARPU;81920;2048;5;22;3;9.77385500
hotspot;PARALLEL_BACK_STARPU;14336;1024;5;26;2;9.08688164
hotspot;PARALLEL_BACK_STARPU;14336;1024;5;25;2;6.22465992
nbody;PARALLEL_BACK_STARPU;81920;2048;5;23;2;9.42773200
nbody;PARALLEL_BACK_STARPU;98304;2048;5;22;2;17.94736600
nbody;PARALLEL_BACK_STARPU;131072;2048;5;27;1;31.06320900
hotspot;PARALLEL_BACK_STARPU;20480;1024;5;25;3;11.91525936
hotspot;PARALLEL_BACK_STARPU;14336;1024;5;22;3;5.13938618
nbody;PARALLEL_BACK_STARPU;65536;2048;5;26;2;7.49829800
hotspot;PARALLEL_BACK_STARPU;14336;1024;5;24;3;5.43140221
hotspot;PARALLEL_BACK_STARPU;14336;1024;5;22;4;5.17019701
hotspot;PARALLEL_BACK_STARPU;20480;1024;5;26;2;12.41388893
nbody;PARALLEL_BACK_STARPU;65536;2048;5;24;2;7.27904700
hotspot;PARALLEL_BACK_STARPU;12288;1024;5;25;3;5.80575800
nbody;PARALLEL_BACK_STARPU;131072;2048;5;24;3;24.05003200
hotspot;PARALLEL_BACK_STARPU;12288;1024;5;26;1;5.79193878
hotspot;PARALLEL_BACK_STARPU;20480;1024;5;24;2;11.42277431
hotspot;PARALLEL_BACK_STARPU;14336;1024;5;22;1;8.56162262
hotspot;PARALLEL_BACK_STARPU;18432;1024;5;24;1;13.53462219
nbody;PARALLEL_BACK_STARPU;131072;2048;5;24;1;30.57262600
hotspot;PARALLEL_BACK_STARPU;14336;1024;5;24;2;6.34019804
nbody;PARALLEL_BACK_STARPU;98304;2048;5;24;1;22.13594000
hotspot;PARALLEL_BACK_STARPU;12288;1024;5;24;1;5.84922314
hotspot;PARALLEL_BACK_STARPU;12288;1024;5;22;4;4.04136515
nbody;PARALLEL_BACK_STARPU;65536;2048;5;23;2;7.35852000
nbody;PARALLEL_BACK_STARPU;131072;2048;5;27;1;30.95338000
nbody;PARALLEL_BACK_STARPU;65536;2048;5;22;1;8.37432000
hotspot;PARALLEL_BACK_STARPU;20480;1024;5;23;1;16.17043114
nbody;PARALLEL_BACK_STARPU;98304;2048;5;25;2;16.09835100
hotspot;PARALLEL_BACK_STARPU;12288;1024;5;23;4;4.02604580
hotspot;PARALLEL_BACK_STARPU;16384;1024;5;25;3;9.61021996
hotspot;PARALLEL_BACK_STARPU;20480;1024;5;24;2;11.70177364
nbody;PARALLEL_BACK_STARPU;131072;2048;5;24;3;23.71729500
hotspot;PARALLEL_BACK_STARPU;20480;1024;5;22;3;10.19166470
nbody;PARALLEL_BACK_STARPU;65536;2048;5;25;1;7.24555400
nbody;PARALLEL_BACK_STARPU;131072;2048;5;22;4;18.82433700
hotspot;PARALLEL_BACK_STARPU;16384;1024;5;24;3;6.69723511
nbody;PARALLEL_BACK_STARPU;98304;2048;5;24;1;22.17530400
hotspot;PARALLEL_BACK_STARPU;20480;1024;5;25;1;15.99412346
hotspot;PARALLEL_BACK_STARPU;12288;1024;5;24;3;3.97725201
hotspot;PARALLEL_BACK_STARPU;16384;1024;5;23;1;10.92992783
hotspot;PARALLEL_BACK_STARPU;14336;1024;5;24;1;8.45915127
hotspot;PARALLEL_BACK_STARPU;14336;1024;5;23;1;8.43028164
nbody;PARALLEL_BACK_STARPU;98304;2048;5;25;1;22.84351500
nbody;PARALLEL_BACK_STARPU;114688;2048;5;22;3;17.12365000
nbody;PARALLEL_BACK_STARPU;114688;2048;5;23;3;17.44541000
hotspot;PARALLEL_BACK_STARPU;14336;1024;5;24;3;5.17520523
nbody;PARALLEL_BACK_STARPU;114688;2048;5;24;2;26.26387400
hotspot;PARALLEL_BACK_STARPU;20480;1024;5;27;1;16.14713478
nbody;PARALLEL_BACK_STARPU;98304;2048;5;24;1;23.48645800
nbody;PARALLEL_BACK_STARPU;81920;2048;5;23;3;9.05323400
nbody;PARALLEL_BACK_STARPU;131072;2048;5;23;2;31.44659200
nbody;PARALLEL_BACK_STARPU;114688;2048;5;23;2;27.07502700
nbody;PARALLEL_BACK_STARPU;65536;2048;5;24;3;7.53174700
nbody;PARALLEL_BACK_STARPU;131072;2048;5;27;1;31.39392800
nbody;PARALLEL_BACK_STARPU;65536;2048;5;24;4;6.83238700
hotspot;PARALLEL_BACK_STARPU;12288;1024;5;22;4;3.81235409
hotspot;PARALLEL_BACK_STARPU;20480;1024;5;22;3;10.47946262
nbody;PARALLEL_BACK_STARPU;98304;2048;5;24;2;16.18489300
hotspot;PARALLEL_BACK_STARPU;14336;1024;5;23;3;5.28206205
nbody;PARALLEL_BACK_STARPU;114688;2048;5;25;2;25.03712200
nbody;PARALLEL_BACK_STARPU;131072;2048;5;25;1;31.02289800
hotspot;PARALLEL_BACK_STARPU;12288;1024;5;25;3;5.55611420
nbody;PARALLEL_BACK_STARPU;81920;2048;5;22;4;9.06794700
nbody;PARALLEL_BACK_STARPU;65536;2048;5;23;3;7.30128800
hotspot;PARALLEL_BACK_STARPU;18432;1024;5;23;1;13.53578186
nbody;PARALLEL_BACK_STARPU;131072;2048;5;23;4;18.05174700
hotspot;PARALLEL_BACK_STARPU;12288;1024;5;22;2;4.35720491
nbody;PARALLEL_BACK_STARPU;81920;2048;5;24;1;16.91941000
hotspot;PARALLEL_BACK_STARPU;18432;1024;5;22;1;13.49864388
hotspot;PARALLEL_BACK_STARPU;20480;1024;5;24;3;10.23977089
nbody;PARALLEL_BACK_STARPU;131072;2048;5;25;1;30.13938000
hotspot;PARALLEL_BACK_STARPU;12288;1024;5;25;2;4.41062021
hotspot;PARALLEL_BACK_STARPU;12288;1024;5;23;4;3.79299903
hotspot;PARALLEL_BACK_STARPU;16384;1024;5;23;1;10.82375717
hotspot;PARALLEL_BACK_STARPU;18432;1024;5;23;4;8.60937786
hotspot;PARALLEL_BACK_STARPU;20480;1024;5;24;2;11.15705585
hotspot;PARALLEL_BACK_STARPU;16384;1024;5;27;1;10.69677258
nbody;PARALLEL_BACK_STARPU;65536;2048;5;23;1;7.53738000
nbody;PARALLEL_BACK_STARPU;131072;2048;5;24;4;18.20472700
nbody;PARALLEL_BACK_STARPU;65536;2048;5;22;2;7.35377900
hotspot;PARALLEL_BACK_STARPU;18432;1024;5;25;3;10.65596104
hotspot;PARALLEL_BACK_STARPU;16384;1024;5;27;1;10.77869129
hotspot;PARALLEL_BACK_STARPU;18432;1024;5;23;1;13.20920277
hotspot;PARALLEL_BACK_STARPU;16384;1024;5;24;3;6.51532078
hotspot;PARALLEL_BACK_STARPU;14336;1024;5;23;4;4.98930788
hotspot;PARALLEL_BACK_STARPU;12288;1024;5;22;2;4.52119493
nbody;PARALLEL_BACK_STARPU;98304;2048;5;23;1;21.66655000
nbody;PARALLEL_BACK_STARPU;114688;2048;5;25;1;26.67553800
nbody;PARALLEL_BACK_STARPU;65536;2048;5;24;1;7.24031600
hotspot;PARALLEL_BACK_STARPU;16384;1024;5;24;2;7.85934401
hotspot;PARALLEL_BACK_STARPU;18432;1024;5;23;3;8.64102554
hotspot;PARALLEL_BACK_STARPU;16384;1024;5;24;3;6.66202402
nbody;PARALLEL_BACK_STARPU;131072;2048;5;24;4;18.38041500
hotspot;PARALLEL_BACK_STARPU;20480;1024;5;23;1;16.25272560
nbody;PARALLEL_BACK_STARPU;98304;2048;5;24;1;22.68032000
hotspot;PARALLEL_BACK_STARPU;12288;1024;5;25;3;5.85853291
hotspot;PARALLEL_BACK_STARPU;16384;1024;5;22;1;10.76657677
hotspot;PARALLEL_BACK_STARPU;20480;1024;5;22;4;10.27971458
hotspot;PARALLEL_BACK_STARPU;16384;1024;5;23;2;8.00720596
hotspot;PARALLEL_BACK_STARPU;18432;1024;5;25;2;9.46343899
nbody;PARALLEL_BACK_STARPU;81920;2048;5;23;1;17.74880900
hotspot;PARALLEL_BACK_STARPU;14336;1024;5;23;4;4.96285105
nbody;PARALLEL_BACK_STARPU;81920;2048;5;24;4;9.51722700
hotspot;PARALLEL_BACK_STARPU;18432;1024;5;26;1;12.92322254
hotspot;PARALLEL_BACK_STARPU;20480;1024;5;26;1;15.86442184
nbody;PARALLEL_BACK_STARPU;114688;2048;5;23;3;17.08303000
nbody;PARALLEL_BACK_STARPU;131072;2048;5;23;3;25.10775700
nbody;PARALLEL_BACK_STARPU;65536;2048;5;24;2;7.29244900
hotspot;PARALLEL_BACK_STARPU;14336;1024;5;22;2;6.49661922
nbody;PARALLEL_BACK_STARPU;131072;2048;5;25;3;24.49254500
hotspot;PARALLEL_BACK_STARPU;12288;1024;5;24;4;5.96390390
hotspot;PARALLEL_BACK_STARPU;18432;1024;5;23;2;9.73595142
nbody;PARALLEL_BACK_STARPU;98304;2048;5;24;2;16.30790500
nbody;PARALLEL_BACK_STARPU;98304;2048;5;24;3;11.14149600
hotspot;PARALLEL_BACK_STARPU;16384;1024;5;25;2;7.58688211
nbody;PARALLEL_BACK_STARPU;114688;2048;5;26;1;26.43099700
hotspot;PARALLEL_BACK_STARPU;12288;1024;5;24;1;5.84109688
nbody;PARALLEL_BACK_STARPU;114688;2048;5;25;1;26.71024700
hotspot;PARALLEL_BACK_STARPU;20480;1024;5;25;3;12.77432919
hotspot;PARALLEL_BACK_STARPU;20480;1024;5;22;2;12.07929230
hotspot;PARALLEL_BACK_STARPU;20480;1024;5;25;1;16.15051270
hotspot;PARALLEL_BACK_STARPU;16384;1024;5;24;4;7.85348177
nbody;PARALLEL_BACK_STARPU;98304;2048;5;22;3;11.34382900
hotspot;PARALLEL_BACK_STARPU;16384;1024;5;25;2;7.77482891
hotspot;PARALLEL_BACK_STARPU;20480;1024;5;22;1;16.66674423
hotspot;PARALLEL_BACK_STARPU;14336;1024;5;25;3;7.67624998
nbody;PARALLEL_BACK_STARPU;131072;2048;5;25;1;30.34480100
nbody;PARALLEL_BACK_STARPU;114688;2048;5;22;3;17.38963400
hotspot;PARALLEL_BACK_STARPU;16384;1024;5;22;2;7.83257198
hotspot;PARALLEL_BACK_STARPU;16384;1024;5;25;3;7.75895309
hotspot;PARALLEL_BACK_STARPU;16384;1024;5;25;2;8.34986877
hotspot;PARALLEL_BACK_STARPU;14336;1024;5;23;2;6.26688623
nbody;PARALLEL_BACK_STARPU;131072;2048;5;23;1;31.50959700
hotspot;PARALLEL_BACK_STARPU;16384;1024;5;24;2;7.90568781
hotspot;PARALLEL_BACK_STARPU;20480;1024;5;25;1;15.81055641
nbody;PARALLEL_BACK_STARPU;114688;2048;5;25;1;27.00955200
hotspot;PARALLEL_BACK_STARPU;20480;1024;5;26;1;15.81147575
hotspot;PARALLEL_BACK_STARPU;16384;1024;5;23;4;6.40435791
hotspot;PARALLEL_BACK_STARPU;14336;1024;5;26;2;7.31575918
hotspot;PARALLEL_BACK_STARPU;20480;1024;5;22;3;9.99208546
nbody;PARALLEL_BACK_STARPU;65536;2048;5;23;2;7.30134700
hotspot;PARALLEL_BACK_STARPU;14336;1024;5;23;1;8.73974323
hotspot;PARALLEL_BACK_STARPU;16384;1024;5;23;3;6.74635506
hotspot;PARALLEL_BACK_STARPU;20480;1024;5;23;2;12.03443432
nbody;PARALLEL_BACK_STARPU;131072;2048;5;27;1;29.63314600
hotspot;PARALLEL_BACK_STARPU;18432;1024;5;23;3;8.17793274
nbody;PARALLEL_BACK_STARPU;65536;2048;5;23;2;7.30012900
nbody;PARALLEL_BACK_STARPU;98304;2048;5;25;2;15.09978600
hotspot;PARALLEL_BACK_STARPU;18432;1024;5;24;2;9.64689827
nbody;PARALLEL_BACK_STARPU;114688;2048;5;24;4;13.30758900
hotspot;PARALLEL_BACK_STARPU;20480;1024;5;23;1;16.20709610
nbody;PARALLEL_BACK_STARPU;65536;2048;5;26;1;7.25074900
nbody;PARALLEL_BACK_STARPU;98304;2048;5;22;1;22.57230100
nbody;PARALLEL_BACK_STARPU;131072;2048;5;22;1;35.88271000
hotspot;PARALLEL_BACK_STARPU;12288;1024;5;23;1;5.78303480
hotspot;PARALLEL_BACK_STARPU;14336;1024;5;24;4;6.12234306
nbody;PARALLEL_BACK_STARPU;114688;2048;5;23;4;12.73904200
nbody;PARALLEL_BACK_STARPU;98304;2048;5;23;2;17.39321800
hotspot;PARALLEL_BACK_STARPU;18432;1024;5;25;3;9.57721615
nbody;PARALLEL_BACK_STARPU;131072;2048;5;24;1;30.10904000
hotspot;PARALLEL_BACK_STARPU;14336;1024;5;22;3;5.50157881
hotspot;PARALLEL_BACK_STARPU;18432;1024;5;26;2;11.65527058
hotspot;PARALLEL_BACK_STARPU;16384;1024;5;25;2;8.25302410
nbody;PARALLEL_BACK_STARPU;114688;2048;5;22;4;12.85999800
nbody;PARALLEL_BACK_STARPU;131072;2048;5;23;2;31.72673400
nbody;PARALLEL_BACK_STARPU;114688;2048;5;22;2;27.56750900
hotspot;PARALLEL_BACK_STARPU;16384;1024;5;24;4;9.42518330
nbody;PARALLEL_BACK_STARPU;81920;2048;5;24;4;9.27281500
hotspot;PARALLEL_BACK_STARPU;16384;1024;5;23;3;6.71634912
hotspot;PARALLEL_BACK_STARPU;18432;1024;5;25;3;9.59056473
hotspot;PARALLEL_BACK_STARPU;18432;1024;5;23;1;13.29429913
hotspot;PARALLEL_BACK_STARPU;16384;1024;5;27;1;10.71236515
hotspot;PARALLEL_BACK_STARPU;16384;1024;5;25;1;10.60173893
nbody;PARALLEL_BACK_STARPU;65536;2048;5;23;4;6.88216200
nbody;PARALLEL_BACK_STARPU;81920;2048;5;25;2;9.08248000
nbody;PARALLEL_BACK_STARPU;131072;2048;5;23;1;32.63708900
hotspot;PARALLEL_BACK_STARPU;20480;1024;5;24;1;16.13992310
hotspot;PARALLEL_BACK_STARPU;20480;1024;5;25;2;11.27052116
nbody;PARALLEL_BACK_STARPU;98304;2048;5;25;3;11.12343000
nbody;PARALLEL_BACK_STARPU;65536;2048;5;23;2;7.27291700
hotspot;PARALLEL_BACK_STARPU;12288;1024;5;22;1;6.04694700
hotspot;PARALLEL_BACK_STARPU;16384;1024;5;22;4;6.02231693
nbody;PARALLEL_BACK_STARPU;98304;2048;5;23;3;10.97215100
nbody;PARALLEL_BACK_STARPU;98304;2048;5;22;3;11.38462600
hotspot;PARALLEL_BACK_STARPU;12288;1024;5;22;3;4.10380983
nbody;PARALLEL_BACK_STARPU;131072;2048;5;24;4;18.65321800
nbody;PARALLEL_BACK_STARPU;65536;2048;5;26;1;7.25343000
hotspot;PARALLEL_BACK_STARPU;16384;1024;5;24;4;7.63365889
hotspot;PARALLEL_BACK_STARPU;20480;1024;5;26;2;12.61046505
hotspot;PARALLEL_BACK_STARPU;14336;1024;5;24;3;5.25135708
hotspot;PARALLEL_BACK_STARPU;18432;1024;5;25;1;13.08829117
hotspot;PARALLEL_BACK_STARPU;20480;1024;5;25;1;16.00801277
nbody;PARALLEL_BACK_STARPU;65536;2048;5;22;2;7.35273000
nbody;PARALLEL_BACK_STARPU;114688;2048;5;22;4;12.79380400
hotspot;PARALLEL_BACK_STARPU;14336;1024;5;24;2;6.24980783
nbody;PARALLEL_BACK_STARPU;65536;2048;5;26;2;7.56435600
nbody;PARALLEL_BACK_STARPU;98304;2048;5;24;3;11.11439400
hotspot;PARALLEL_BACK_STARPU;12288;1024;5;24;4;6.33652687
hotspot;PARALLEL_BACK_STARPU;14336;1024;5;22;1;8.57893276
hotspot;PARALLEL_BACK_STARPU;12288;1024;5;27;1;5.97687006
hotspot;PARALLEL_BACK_STARPU;12288;1024;5;23;3;4.34015608
nbody;PARALLEL_BACK_STARPU;131072;2048;5;23;4;18.23881200
hotspot;PARALLEL_BACK_STARPU;14336;1024;5;23;3;5.11746979
nbody;PARALLEL_BACK_STARPU;81920;2048;5;26;1;14.65248500
nbody;PARALLEL_BACK_STARPU;65536;2048;5;23;4;6.94579300
hotspot;PARALLEL_BACK_STARPU;16384;1024;5;24;1;10.75013065
hotspot;PARALLEL_BACK_STARPU;14336;1024;5;23;2;6.17676115
nbody;PARALLEL_BACK_STARPU;131072;2048;5;26;1;30.89623400
hotspot;PARALLEL_BACK_STARPU;14336;1024;5;26;1;8.40059090
nbody;PARALLEL_BACK_STARPU;114688;2048;5;23;3;17.06607200
nbody;PARALLEL_BACK_STARPU;114688;2048;5;24;2;25.90954100
hotspot;PARALLEL_BACK_STARPU;12288;1024;5;26;2;7.24187708
hotspot;PARALLEL_BACK_STARPU;12288;1024;5;22;3;3.99448204
hotspot;PARALLEL_BACK_STARPU;16384;1024;5;22;4;6.62263203
nbody;PARALLEL_BACK_STARPU;114688;2048;5;25;3;16.05224800
nbody;PARALLEL_BACK_STARPU;131072;2048;5;22;1;36.83257700
nbody;PARALLEL_BACK_STARPU;114688;2048;5;25;2;25.19146400
hotspot;PARALLEL_BACK_STARPU;14336;1024;5;27;1;8.76023388
hotspot;PARALLEL_BACK_STARPU;14336;1024;5;24;4;7.28176212
nbody;PARALLEL_BACK_STARPU;131072;2048;5;24;1;30.59864600
nbody;PARALLEL_BACK_STARPU;114688;2048;5;26;1;26.99063100
hotspot;PARALLEL_BACK_STARPU;16384;1024;5;24;3;6.64214897
nbody;PARALLEL_BACK_STARPU;114688;2048;5;23;2;25.80414900
nbody;PARALLEL_BACK_STARPU;98304;2048;5;27;1;23.42637700
hotspot;PARALLEL_BACK_STARPU;14336;1024;5;24;4;6.11697388
nbody;PARALLEL_BACK_STARPU;131072;2048;5;26;1;30.30060400
nbody;PARALLEL_BACK_STARPU;131072;2048;5;22;4;18.06829200
hotspot;PARALLEL_BACK_STARPU;16384;1024;5;22;3;6.69188213
nbody;PARALLEL_BACK_STARPU;65536;2048;5;23;4;6.86844600
nbody;PARALLEL_BACK_STARPU;114688;2048;5;24;2;25.95540600
nbody;PARALLEL_BACK_STARPU;65536;2048;5;27;1;7.24514000
nbody;PARALLEL_BACK_STARPU;65536;2048;5;22;3;7.35453700
hotspot;PARALLEL_BACK_STARPU;12288;1024;5;24;2;4.82170677
hotspot;PARALLEL_BACK_STARPU;16384;1024;5;23;1;10.87500858
nbody;PARALLEL_BACK_STARPU;114688;2048;5;26;2;24.46757400
hotspot;PARALLEL_BACK_STARPU;12288;1024;5;23;3;4.08403111
hotspot;PARALLEL_BACK_STARPU;18432;1024;5;24;1;13.26115322
hotspot;PARALLEL_BACK_STARPU;14336;1024;5;22;1;8.52110386
hotspot;PARALLEL_BACK_STARPU;12288;1024;5;24;2;4.56788301
nbody;PARALLEL_BACK_STARPU;81920;2048;5;23;2;9.53971800
hotspot;PARALLEL_BACK_STARPU;16384;1024;5;23;2;7.94280195
hotspot;PARALLEL_BACK_STARPU;20480;1024;5;25;2;11.26173878
nbody;PARALLEL_BACK_STARPU;131072;2048;5;26;1;30.26551100
nbody;PARALLEL_BACK_STARPU;98304;2048;5;25;2;15.85165400
nbody;PARALLEL_BACK_STARPU;98304;2048;5;22;4;11.45550400
hotspot;PARALLEL_BACK_STARPU;16384;1024;5;24;2;7.81013393
hotspot;PARALLEL_BACK_STARPU;12288;1024;5;23;4;4.00176907
nbody;PARALLEL_BACK_STARPU;131072;2048;5;24;2;31.58132600
nbody;PARALLEL_BACK_STARPU;65536;2048;5;23;3;7.40522100
hotspot;PARALLEL_BACK_STARPU;16384;1024;5;24;1;10.79685402
nbody;PARALLEL_BACK_STARPU;114688;2048;5;23;2;27.15866200
hotspot;PARALLEL_BACK_STARPU;18432;1024;5;22;1;13.50588512
nbody;PARALLEL_BACK_STARPU;98304;2048;5;26;2;15.26141000
hotspot;PARALLEL_BACK_STARPU;18432;1024;5;24;1;13.29733276
nbody;PARALLEL_BACK_STARPU;81920;2048;5;24;4;9.67101100
hotspot;PARALLEL_BACK_STARPU;14336;1024;5;23;2;6.40497303
hotspot;PARALLEL_BACK_STARPU;12288;1024;5;22;2;5.00356722
hotspot;PARALLEL_BACK_STARPU;14336;1024;5;22;4;5.26106405
nbody;PARALLEL_BACK_STARPU;131072;2048;5;23;2;31.31532400
nbody;PARALLEL_BACK_STARPU;98304;2048;5;25;1;23.11210400
nbody;PARALLEL_BACK_STARPU;114688;2048;5;25;3;15.91655300
nbody;PARALLEL_BACK_STARPU;65536;2048;5;24;2;7.32002700
hotspot;PARALLEL_BACK_STARPU;20480;1024;5;27;1;16.23644066
nbody;PARALLEL_BACK_STARPU;81920;2048;5;23;1;19.24341500
hotspot;PARALLEL_BACK_STARPU;16384;1024;5;26;1;10.49636459
hotspot;PARALLEL_BACK_STARPU;12288;1024;5;24;1;6.09258080
hotspot;PARALLEL_BACK_STARPU;12288;1024;5;23;1;5.86001492
nbody;PARALLEL_BACK_STARPU;65536;2048;5;22;1;8.55322000
hotspot;PARALLEL_BACK_STARPU;18432;1024;5;24;3;8.48398781
nbody;PARALLEL_BACK_STARPU;131072;2048;5;26;1;30.14337500
nbody;PARALLEL_BACK_STARPU;114688;2048;5;27;1;26.60425500
hotspot;PARALLEL_BACK_STARPU;14336;1024;5;22;2;6.17748690
hotspot;PARALLEL_BACK_STARPU;18432;1024;5;23;1;13.50158978
hotspot;PARALLEL_BACK_STARPU;12288;1024;5;22;2;4.65247583
nbody;PARALLEL_BACK_STARPU;98304;2048;5;24;4;11.30336700
hotspot;PARALLEL_BACK_STARPU;20480;1024;5;24;3;10.37584209
hotspot;PARALLEL_BACK_STARPU;18432;1024;5;25;3;10.32355118
nbody;PARALLEL_BACK_STARPU;114688;2048;5;25;3;16.03193600
hotspot;PARALLEL_BACK_STARPU;20480;1024;5;22;1;16.41840935
nbody;PARALLEL_BACK_STARPU;81920;2048;5;22;2;9.78768100
nbody;PARALLEL_BACK_STARPU;131072;2048;5;22;3;25.38229200
hotspot;PARALLEL_BACK_STARPU;16384;1024;5;23;2;7.97895908
nbody;PARALLEL_BACK_STARPU;65536;2048;5;24;3;7.35921200
nbody;PARALLEL_BACK_STARPU;65536;2048;5;23;3;7.40008700
nbody;PARALLEL_BACK_STARPU;131072;2048;5;26;1;31.33554600
hotspot;PARALLEL_BACK_STARPU;20480;1024;5;24;4;12.86021614
hotspot;PARALLEL_BACK_STARPU;12288;1024;5;25;1;5.78133678
nbody;PARALLEL_BACK_STARPU;81920;2048;5;25;2;9.07463900
nbody;PARALLEL_BACK_STARPU;81920;2048;5;22;3;9.05736900
hotspot;PARALLEL_BACK_STARPU;20480;1024;5;22;2;11.52269173
nbody;PARALLEL_BACK_STARPU;65536;2048;5;24;4;6.91320700
nbody;PARALLEL_BACK_STARPU;114688;2048;5;22;4;13.10734700
nbody;PARALLEL_BACK_STARPU;81920;2048;5;27;1;14.49218600
hotspot;PARALLEL_BACK_STARPU;12288;1024;5;25;2;4.51603794
hotspot;PARALLEL_BACK_STARPU;18432;1024;5;22;3;8.54930019
nbody;PARALLEL_BACK_STARPU;131072;2048;5;22;2;31.27512500
hotspot;PARALLEL_BACK_STARPU;20480;1024;5;25;3;12.01084805
nbody;PARALLEL_BACK_STARPU;114688;2048;5;24;2;26.00937900
hotspot;PARALLEL_BACK_STARPU;18432;1024;5;23;2;9.71214771
hotspot;PARALLEL_BACK_STARPU;14336;1024;5;27;1;8.82534790
hotspot;PARALLEL_BACK_STARPU;18432;1024;5;22;2;9.72901440
nbody;PARALLEL_BACK_STARPU;98304;2048;5;25;3;11.16234900
nbody;PARALLEL_BACK_STARPU;81920;2048;5;24;3;9.20216700
hotspot;PARALLEL_BACK_STARPU;16384;1024;5;22;3;6.65480900
nbody;PARALLEL_BACK_STARPU;114688;2048;5;22;3;18.38176300
hotspot;PARALLEL_BACK_STARPU;18432;1024;5;23;1;13.44381809
nbody;PARALLEL_BACK_STARPU;81920;2048;5;23;3;9.18923700
nbody;PARALLEL_BACK_STARPU;81920;2048;5;22;1;18.96419000
hotspot;PARALLEL_BACK_STARPU;16384;1024;5;22;4;6.42002296
hotspot;PARALLEL_BACK_STARPU;12288;1024;5;26;1;5.79099178
nbody;PARALLEL_BACK_STARPU;98304;2048;5;25;3;11.05850300
hotspot;PARALLEL_BACK_STARPU;16384;1024;5;25;1;10.66152477
hotspot;PARALLEL_BACK_STARPU;14336;1024;5;25;2;6.39226198
nbody;PARALLEL_BACK_STARPU;98304;2048;5;23;3;10.90775000
hotspot;PARALLEL_BACK_STARPU;16384;1024;5;22;1;10.95563889
hotspot;PARALLEL_BACK_STARPU;18432;1024;5;24;1;13.39309692
hotspot;PARALLEL_BACK_STARPU;16384;1024;5;23;3;6.62185717
nbody;PARALLEL_BACK_STARPU;131072;2048;5;25;2;30.51700200
hotspot;PARALLEL_BACK_STARPU;18432;1024;5;25;2;9.57186508
nbody;PARALLEL_BACK_STARPU;81920;2048;5;22;2;9.95531200
hotspot;PARALLEL_BACK_STARPU;14336;1024;5;25;1;8.44518471
hotspot;PARALLEL_BACK_STARPU;20480;1024;5;26;1;15.83032894
hotspot;PARALLEL_BACK_STARPU;14336;1024;5;26;1;8.36224270
nbody;PARALLEL_BACK_STARPU;131072;2048;5;22;2;31.02680800
nbody;PARALLEL_BACK_STARPU;131072;2048;5;26;2;32.02754100
nbody;PARALLEL_BACK_STARPU;114688;2048;5;24;4;13.10944200
hotspot;PARALLEL_BACK_STARPU;14336;1024;5;24;4;6.02033615
hotspot;PARALLEL_BACK_STARPU;14336;1024;5;22;4;5.09527111
hotspot;PARALLEL_BACK_STARPU;12288;1024;5;24;4;6.08595181
nbody;PARALLEL_BACK_STARPU;65536;2048;5;23;1;7.53463000
nbody;PARALLEL_BACK_STARPU;98304;2048;5;24;2;16.04500400
nbody;PARALLEL_BACK_STARPU;131072;2048;5;23;1;33.16437400
nbody;PARALLEL_BACK_STARPU;81920;2048;5;23;3;9.06292400
hotspot;PARALLEL_BACK_STARPU;18432;1024;5;23;2;9.98522854
hotspot;PARALLEL_BACK_STARPU;12288;1024;5;26;2;6.58072710
hotspot;PARALLEL_BACK_STARPU;20480;1024;5;24;3;10.17970085
nbody;PARALLEL_BACK_STARPU;131072;2048;5;24;4;18.10514000
hotspot;PARALLEL_BACK_STARPU;16384;1024;5;25;3;8.75353813
nbody;PARALLEL_BACK_STARPU;131072;2048;5;27;1;30.55714900
nbody;PARALLEL_BACK_STARPU;81920;2048;5;22;3;9.05049900
hotspot;PARALLEL_BACK_STARPU;16384;1024;5;25;1;10.60716248
hotspot;PARALLEL_BACK_STARPU;16384;1024;5;26;2;8.75183105
nbody;PARALLEL_BACK_STARPU;65536;2048;5;25;1;7.24932600
nbody;PARALLEL_BACK_STARPU;81920;2048;5;23;2;9.77179400
hotspot;PARALLEL_BACK_STARPU;18432;1024;5;23;4;8.29575253
hotspot;PARALLEL_BACK_STARPU;20480;1024;5;24;4;12.12394238
nbody;PARALLEL_BACK_STARPU;81920;2048;5;23;4;9.11891300
hotspot;PARALLEL_BACK_STARPU;18432;1024;5;26;1;12.94427776
hotspot;PARALLEL_BACK_STARPU;12288;1024;5;25;1;5.88777781
hotspot;PARALLEL_BACK_STARPU;16384;1024;5;22;2;7.84885788
hotspot;PARALLEL_BACK_STARPU;14336;1024;5;23;1;8.46760082
hotspot;PARALLEL_BACK_STARPU;20480;1024;5;22;1;16.27956581
nbody;PARALLEL_BACK_STARPU;81920;2048;5;23;1;19.16196700
nbody;PARALLEL_BACK_STARPU;65536;2048;5;22;3;7.25463000
nbody;PARALLEL_BACK_STARPU;65536;2048;5;25;1;7.24008400
hotspot;PARALLEL_BACK_STARPU;14336;1024;5;26;2;8.44160366
hotspot;PARALLEL_BACK_STARPU;20480;1024;5;23;4;9.76044464
hotspot;PARALLEL_BACK_STARPU;16384;1024;5;24;2;8.02067375
nbody;PARALLEL_BACK_STARPU;81920;2048;5;25;3;9.07229600
nbody;PARALLEL_BACK_STARPU;131072;2048;5;22;1;36.05151600
hotspot;PARALLEL_BACK_STARPU;20480;1024;5;22;1;16.50490570
hotspot;PARALLEL_BACK_STARPU;12288;1024;5;24;4;6.58317280
hotspot;PARALLEL_BACK_STARPU;16384;1024;5;23;1;10.77412319
hotspot;PARALLEL_BACK_STARPU;20480;1024;5;24;3;10.57194424
nbody;PARALLEL_BACK_STARPU;65536;2048;5;22;1;8.36905000
hotspot;PARALLEL_BACK_STARPU;12288;1024;5;26;1;5.78351021
hotspot;PARALLEL_BACK_STARPU;12288;1024;5;23;1;5.84710979
hotspot;PARALLEL_BACK_STARPU;18432;1024;5;23;2;9.68525982
nbody;PARALLEL_BACK_STARPU;65536;2048;5;25;2;7.26896300
hotspot;PARALLEL_BACK_STARPU;12288;1024;5;26;2;5.98095417
nbody;PARALLEL_BACK_STARPU;98304;2048;5;24;4;11.63646700
hotspot;PARALLEL_BACK_STARPU;16384;1024;5;25;1;10.70718384
hotspot;PARALLEL_BACK_STARPU;18432;1024;5;25;1;13.23229408
hotspot;PARALLEL_BACK_STARPU;18432;1024;5;22;2;10.36085892
hotspot;PARALLEL_BACK_STARPU;18432;1024;5;22;2;9.95147896
nbody;PARALLEL_BACK_STARPU;65536;2048;5;25;2;7.29892400
nbody;PARALLEL_BACK_STARPU;114688;2048;5;22;2;27.40319500
hotspot;PARALLEL_BACK_STARPU;14336;1024;5;27;1;8.58722496
hotspot;PARALLEL_BACK_STARPU;12288;1024;5;23;2;4.63368702
hotspot;PARALLEL_BACK_STARPU;16384;1024;5;24;3;6.82058287
hotspot;PARALLEL_BACK_STARPU;18432;1024;5;23;4;8.18640423
nbody;PARALLEL_BACK_STARPU;65536;2048;5;22;4;7.26023500
nbody;PARALLEL_BACK_STARPU;81920;2048;5;23;1;17.74520500
hotspot;PARALLEL_BACK_STARPU;18432;1024;5;22;1;13.60087013
hotspot;PARALLEL_BACK_STARPU;18432;1024;5;24;2;9.80578899
nbody;PARALLEL_BACK_STARPU;98304;2048;5;22;1;22.62147500
hotspot;PARALLEL_BACK_STARPU;20480;1024;5;22;3;9.92121696
hotspot;PARALLEL_BACK_STARPU;14336;1024;5;25;2;6.22581816
nbody;PARALLEL_BACK_STARPU;114688;2048;5;24;4;12.86178300
hotspot;PARALLEL_BACK_STARPU;14336;1024;5;22;3;5.24675989
hotspot;PARALLEL_BACK_STARPU;18432;1024;5;22;2;9.51154709
nbody;PARALLEL_BACK_STARPU;131072;2048;5;22;3;25.77046400
nbody;PARALLEL_BACK_STARPU;65536;2048;5;23;3;7.71430000
hotspot;PARALLEL_BACK_STARPU;20480;1024;5;27;1;16.12963295
nbody;PARALLEL_BACK_STARPU;65536;2048;5;25;3;7.62266800
hotspot;PARALLEL_BACK_STARPU;18432;1024;5;23;3;8.50061417
nbody;PARALLEL_BACK_STARPU;131072;2048;5;22;2;30.94441900
nbody;PARALLEL_BACK_STARPU;65536;2048;5;27;1;7.25247500
nbody;PARALLEL_BACK_STARPU;65536;2048;5;23;3;7.26879100
nbody;PARALLEL_BACK_STARPU;98304;2048;5;25;1;23.00703900
hotspot;PARALLEL_BACK_STARPU;12288;1024;5;23;4;3.97129798
nbody;PARALLEL_BACK_STARPU;114688;2048;5;22;1;26.37633700
nbody;PARALLEL_BACK_STARPU;81920;2048;5;25;1;16.47683800
hotspot;PARALLEL_BACK_STARPU;12288;1024;5;27;1;5.92978096
hotspot;PARALLEL_BACK_STARPU;20480;1024;5;24;1;16.30628395
nbody;PARALLEL_BACK_STARPU;98304;2048;5;22;1;23.24678400
hotspot;PARALLEL_BACK_STARPU;16384;1024;5;26;2;8.73969841
hotspot;PARALLEL_BACK_STARPU;12288;1024;5;25;1;5.77390099
nbody;PARALLEL_BACK_STARPU;98304;2048;5;26;2;14.71778500
nbody;PARALLEL_BACK_STARPU;114688;2048;5;23;4;12.95802500
nbody;PARALLEL_BACK_STARPU;98304;2048;5;26;1;23.01662600
nbody;PARALLEL_BACK_STARPU;131072;2048;5;24;3;23.97152300
nbody;PARALLEL_BACK_STARPU;81920;2048;5;26;1;15.44683800
hotspot;PARALLEL_BACK_STARPU;20480;1024;5;24;1;16.26040840
nbody;PARALLEL_BACK_STARPU;81920;2048;5;23;4;9.14276800
nbody;PARALLEL_BACK_STARPU;98304;2048;5;22;4;11.09508900
hotspot;PARALLEL_BACK_STARPU;16384;1024;5;22;1;11.24436283
nbody;PARALLEL_BACK_STARPU;114688;2048;5;23;4;12.95617800
hotspot;PARALLEL_BACK_STARPU;14336;1024;5;24;2;6.07740307
hotspot;PARALLEL_BACK_STARPU;12288;1024;5;23;4;3.93330693
nbody;PARALLEL_BACK_STARPU;98304;2048;5;22;2;17.72305500
hotspot;PARALLEL_BACK_STARPU;12288;1024;5;24;4;7.88564014
nbody;PARALLEL_BACK_STARPU;81920;2048;5;25;1;16.17348600
hotspot;PARALLEL_BACK_STARPU;12288;1024;5;25;2;4.56268311
hotspot;PARALLEL_BACK_STARPU;16384;1024;5;23;2;7.87803698
hotspot;PARALLEL_BACK_STARPU;14336;1024;5;22;1;8.57683754
nbody;PARALLEL_BACK_STARPU;65536;2048;5;23;2;7.26673300
nbody;PARALLEL_BACK_STARPU;98304;2048;5;25;2;15.98079100
nbody;PARALLEL_BACK_STARPU;81920;2048;5;26;2;9.18059700
nbody;PARALLEL_BACK_STARPU;81920;2048;5;25;3;9.28030700
nbody;PARALLEL_BACK_STARPU;65536;2048;5;22;4;7.01778900
nbody;PARALLEL_BACK_STARPU;81920;2048;5;24;3;9.75644200
hotspot;PARALLEL_BACK_STARPU;14336;1024;5;22;3;5.31522322
nbody;PARALLEL_BACK_STARPU;98304;2048;5;24;2;16.38353400
nbody;PARALLEL_BACK_STARPU;131072;2048;5;24;2;31.54368300
nbody;PARALLEL_BACK_STARPU;114688;2048;5;23;3;17.65942500
hotspot;PARALLEL_BACK_STARPU;18432;1024;5;25;3;10.36740685
hotspot;PARALLEL_BACK_STARPU;12288;1024;5;23;3;4.00164413
hotspot;PARALLEL_BACK_STARPU;18432;1024;5;25;2;9.50280476
nbody;PARALLEL_BACK_STARPU;114688;2048;5;23;4;13.04294400
hotspot;PARALLEL_BACK_STARPU;16384;1024;5;24;1;10.83631897
nbody;PARALLEL_BACK_STARPU;81920;2048;5;25;2;9.11593900
nbody;PARALLEL_BACK_STARPU;81920;2048;5;25;2;9.17973100
nbody;PARALLEL_BACK_STARPU;81920;2048;5;26;1;15.39954300
nbody;PARALLEL_BACK_STARPU;98304;2048;5;23;4;11.00180500
hotspot;PARALLEL_BACK_STARPU;12288;1024;5;22;4;3.98448706
hotspot;PARALLEL_BACK_STARPU;20480;1024;5;23;3;10.39103317
nbody;PARALLEL_BACK_STARPU;114688;2048;5;25;1;25.82367900
hotspot;PARALLEL_BACK_STARPU;20480;1024;5;25;1;15.88897705
nbody;PARALLEL_BACK_STARPU;131072;2048;5;25;2;30.69578300
hotspot;PARALLEL_BACK_STARPU;14336;1024;5;23;3;5.33704805
hotspot;PARALLEL_BACK_STARPU;18432;1024;5;25;1;13.09684563
hotspot;PARALLEL_BACK_STARPU;16384;1024;5;27;1;10.64607620
nbody;PARALLEL_BACK_STARPU;65536;2048;5;23;4;6.84067300
hotspot;PARALLEL_BACK_STARPU;18432;1024;5;25;1;13.20934010
nbody;PARALLEL_BACK_STARPU;98304;2048;5;24;3;10.94663000
hotspot;PARALLEL_BACK_STARPU;20480;1024;5;22;3;10.64739704
hotspot;PARALLEL_BACK_STARPU;18432;1024;5;24;3;8.38009453
hotspot;PARALLEL_BACK_STARPU;16384;1024;5;22;3;6.60894489
nbody;PARALLEL_BACK_STARPU;131072;2048;5;25;3;23.88569700
hotspot;PARALLEL_BACK_STARPU;20480;1024;5;25;2;11.48617840
nbody;PARALLEL_BACK_STARPU;81920;2048;5;27;1;13.58229800
nbody;PARALLEL_BACK_STARPU;98304;2048;5;22;2;17.76683100
nbody;PARALLEL_BACK_STARPU;114688;2048;5;24;1;26.53526900
nbody;PARALLEL_BACK_STARPU;65536;2048;5;24;1;7.24200200
nbody;PARALLEL_BACK_STARPU;98304;2048;5;23;4;10.95041700
nbody;PARALLEL_BACK_STARPU;81920;2048;5;26;2;9.08008900
hotspot;PARALLEL_BACK_STARPU;18432;1024;5;26;1;13.06386185
hotspot;PARALLEL_BACK_STARPU;12288;1024;5;22;3;4.11795807
nbody;PARALLEL_BACK_STARPU;81920;2048;5;22;4;9.10926200
nbody;PARALLEL_BACK_STARPU;98304;2048;5;23;2;17.37370700
hotspot;PARALLEL_BACK_STARPU;14336;1024;5;26;2;8.58654976
hotspot;PARALLEL_BACK_STARPU;12288;1024;5;25;3;5.92410183
hotspot;PARALLEL_BACK_STARPU;12288;1024;5;25;3;6.07343817
hotspot;PARALLEL_BACK_STARPU;18432;1024;5;22;3;8.34003162
hotspot;PARALLEL_BACK_STARPU;20480;1024;5;23;2;11.58001232
nbody;PARALLEL_BACK_STARPU;81920;2048;5;23;4;9.15052500
nbody;PARALLEL_BACK_STARPU;131072;2048;5;22;2;31.47254600
nbody;PARALLEL_BACK_STARPU;98304;2048;5;26;2;15.25414100
hotspot;PARALLEL_BACK_STARPU;20480;1024;5;23;4;10.22751999
nbody;PARALLEL_BACK_STARPU;114688;2048;5;27;1;25.47586700
nbody;PARALLEL_BACK_STARPU;65536;2048;5;24;3;7.26926800
hotspot;PARALLEL_BACK_STARPU;20480;1024;5;27;1;16.14631081
hotspot;PARALLEL_BACK_STARPU;20480;1024;5;23;1;16.24099541
hotspot;PARALLEL_BACK_STARPU;20480;1024;5;22;2;11.96311665
nbody;PARALLEL_BACK_STARPU;114688;2048;5;26;2;23.68419200
nbody;PARALLEL_BACK_STARPU;65536;2048;5;22;3;7.29727300
hotspot;PARALLEL_BACK_STARPU;20480;1024;5;24;3;9.87785530
nbody;PARALLEL_BACK_STARPU;114688;2048;5;24;4;13.04857600
nbody;PARALLEL_BACK_STARPU;98304;2048;5;24;4;11.45233200
hotspot;PARALLEL_BACK_STARPU;16384;1024;5;22;2;8.14207458
nbody;PARALLEL_BACK_STARPU;81920;2048;5;26;2;9.57954800
hotspot;PARALLEL_BACK_STARPU;18432;1024;5;25;2;9.24615955
hotspot;PARALLEL_BACK_STARPU;14336;1024;5;25;3;9.47550964
nbody;PARALLEL_BACK_STARPU;65536;2048;5;24;2;7.38221300
hotspot;PARALLEL_BACK_STARPU;20480;1024;5;25;3;12.00633812
nbody;PARALLEL_BACK_STARPU;98304;2048;5;23;4;11.04458700
hotspot;PARALLEL_BACK_STARPU;18432;1024;5;24;4;12.37187004
nbody;PARALLEL_BACK_STARPU;98304;2048;5;24;3;10.96703800
hotspot;PARALLEL_BACK_STARPU;12288;1024;5;22;4;4.00597286
hotspot;PARALLEL_BACK_STARPU;18432;1024;5;24;3;8.41208839
nbody;PARALLEL_BACK_STARPU;131072;2048;5;25;1;29.24839200
nbody;PARALLEL_BACK_STARPU;65536;2048;5;26;1;7.25146500
hotspot;PARALLEL_BACK_STARPU;14336;1024;5;24;4;6.29784679
hotspot;PARALLEL_BACK_STARPU;20480;1024;5;26;2;12.06910896
nbody;PARALLEL_BACK_STARPU;98304;2048;5;27;1;21.65014800
hotspot;PARALLEL_BACK_STARPU;18432;1024;5;22;3;8.36999989
hotspot;PARALLEL_BACK_STARPU;14336;1024;5;23;1;8.43485165
nbody;PARALLEL_BACK_STARPU;131072;2048;5;26;2;30.88458700
hotspot;PARALLEL_BACK_STARPU;16384;1024;5;23;2;7.83260107
hotspot;PARALLEL_BACK_STARPU;14336;1024;5;24;1;8.55026531
nbody;PARALLEL_BACK_STARPU;114688;2048;5;22;2;26.80929900
hotspot;PARALLEL_BACK_STARPU;16384;1024;5;23;4;6.62027216
nbody;PARALLEL_BACK_STARPU;114688;2048;5;22;1;25.75711000
nbody;PARALLEL_BACK_STARPU;81920;2048;5;24;2;9.41644900
hotspot;PARALLEL_BACK_STARPU;18432;1024;5;26;1;13.06142807
hotspot;PARALLEL_BACK_STARPU;20480;1024;5;23;3;10.44765854
nbody;PARALLEL_BACK_STARPU;98304;2048;5;24;4;11.35255800
hotspot;PARALLEL_BACK_STARPU;16384;1024;5;23;4;6.44277906
hotspot;PARALLEL_BACK_STARPU;18432;1024;5;23;2;9.52184486
nbody;PARALLEL_BACK_STARPU;131072;2048;5;22;4;18.35565200
nbody;PARALLEL_BACK_STARPU;98304;2048;5;24;4;11.63139700
nbody;PARALLEL_BACK_STARPU;98304;2048;5;23;3;11.90059600
hotspot;PARALLEL_BACK_STARPU;12288;1024;5;24;2;4.40626478
hotspot;PARALLEL_BACK_STARPU;14336;1024;5;25;1;8.45735931
hotspot;PARALLEL_BACK_STARPU;14336;1024;5;23;2;6.13901997
nbody;PARALLEL_BACK_STARPU;98304;2048;5;23;3;10.88475400
nbody;PARALLEL_BACK_STARPU;114688;2048;5;23;2;27.06036300
hotspot;PARALLEL_BACK_STARPU;16384;1024;5;24;1;10.87991524
nbody;PARALLEL_BACK_STARPU;98304;2048;5;23;4;10.90133600
nbody;PARALLEL_BACK_STARPU;131072;2048;5;25;2;31.40871900
hotspot;PARALLEL_BACK_STARPU;18432;1024;5;24;2;9.59689045
hotspot;PARALLEL_BACK_STARPU;20480;1024;5;27;1;16.64126968
nbody;PARALLEL_BACK_STARPU;65536;2048;5;23;1;7.53779700
nbody;PARALLEL_BACK_STARPU;65536;2048;5;27;1;7.24161800
hotspot;PARALLEL_BACK_STARPU;12288;1024;5;22;2;4.64757586
nbody;PARALLEL_BACK_STARPU;65536;2048;5;27;1;7.23931800
hotspot;PARALLEL_BACK_STARPU;20480;1024;5;25;2;11.60298729
nbody;PARALLEL_BACK_STARPU;114688;2048;5;25;3;15.85752000
hotspot;PARALLEL_BACK_STARPU;14336;1024;5;26;1;8.47082710
hotspot;PARALLEL_BACK_STARPU;20480;1024;5;24;2;11.46587086
hotspot;PARALLEL_BACK_STARPU;16384;1024;5;23;3;6.84261084
nbody;PARALLEL_BACK_STARPU;65536;2048;5;26;2;7.44452600
hotspot;PARALLEL_BACK_STARPU;12288;1024;5;23;3;4.05553484
hotspot;PARALLEL_BACK_STARPU;12288;1024;5;24;2;4.76713085
hotspot;PARALLEL_BACK_STARPU;18432;1024;5;27;1;13.22246361
hotspot;PARALLEL_BACK_STARPU;16384;1024;5;26;1;10.47707462
nbody;PARALLEL_BACK_STARPU;131072;2048;5;23;3;24.74517400
hotspot;PARALLEL_BACK_STARPU;16384;1024;5;22;3;6.71892786
hotspot;PARALLEL_BACK_STARPU;18432;1024;5;26;2;11.62778187
nbody;PARALLEL_BACK_STARPU;131072;2048;5;23;4;18.42294600
hotspot;PARALLEL_BACK_STARPU;20480;1024;5;23;3;10.30942822
nbody;PARALLEL_BACK_STARPU;65536;2048;5;26;2;7.56362800
hotspot;PARALLEL_BACK_STARPU;14336;1024;5;24;2;6.34871578
nbody;PARALLEL_BACK_STARPU;131072;2048;5;25;2;31.43274600
nbody;PARALLEL_BACK_STARPU;131072;2048;5;22;3;25.88988700
hotspot;PARALLEL_BACK_STARPU;20480;1024;5;24;4;14.56145096
hotspot;PARALLEL_BACK_STARPU;12288;1024;5;26;2;7.61171913
nbody;PARALLEL_BACK_STARPU;65536;2048;5;23;4;6.96861900
hotspot;PARALLEL_BACK_STARPU;14336;1024;5;25;3;8.50951195
nbody;PARALLEL_BACK_STARPU;81920;2048;5;24;1;16.70574600
hotspot;PARALLEL_BACK_STARPU;12288;1024;5;24;1;5.77277613
hotspot;PARALLEL_BACK_STARPU;16384;1024;5;23;4;6.38606405
nbody;PARALLEL_BACK_STARPU;65536;2048;5;25;2;7.27551500
hotspot;PARALLEL_BACK_STARPU;18432;1024;5;22;1;13.70737076
nbody;PARALLEL_BACK_STARPU;131072;2048;5;22;4;18.08095700
nbody;PARALLEL_BACK_STARPU;114688;2048;5;22;4;14.26975700
nbody;PARALLEL_BACK_STARPU;81920;2048;5;25;3;9.94422600
hotspot;PARALLEL_BACK_STARPU;12288;1024;5;23;2;4.53869009
nbody;PARALLEL_BACK_STARPU;114688;2048;5;23;4;13.27918800
nbody;PARALLEL_BACK_STARPU;65536;2048;5;24;1;7.25464100
hotspot;PARALLEL_BACK_STARPU;16384;1024;5;24;4;7.64027882
hotspot;PARALLEL_BACK_STARPU;14336;1024;5;25;2;6.22857285
hotspot;PARALLEL_BACK_STARPU;18432;1024;5;27;1;13.34863186
hotspot;PARALLEL_BACK_STARPU;12288;1024;5;22;1;5.97489023
nbody;PARALLEL_BACK_STARPU;131072;2048;5;23;3;24.99177000
hotspot;PARALLEL_BACK_STARPU;12288;1024;5;24;1;5.78707981
nbody;PARALLEL_BACK_STARPU;81920;2048;5;24;2;9.07267700
nbody;PARALLEL_BACK_STARPU;65536;2048;5;26;1;7.24425700
hotspot;PARALLEL_BACK_STARPU;12288;1024;5;23;2;4.64654779
hotspot;PARALLEL_BACK_STARPU;12288;1024;5;22;1;5.88390684
nbody;PARALLEL_BACK_STARPU;131072;2048;5;24;3;24.10832300
nbody;PARALLEL_BACK_STARPU;131072;2048;5;24;3;25.64559600
hotspot;PARALLEL_BACK_STARPU;20480;1024;5;23;2;11.35962772
nbody;PARALLEL_BACK_STARPU;98304;2048;5;24;3;11.07584800
nbody;PARALLEL_BACK_STARPU;98304;2048;5;22;1;23.08953900
hotspot;PARALLEL_BACK_STARPU;16384;1024;5;23;3;6.29929018
hotspot;PARALLEL_BACK_STARPU;18432;1024;5;26;2;11.29751492
hotspot;PARALLEL_BACK_STARPU;18432;1024;5;22;2;9.83999252
nbody;PARALLEL_BACK_STARPU;65536;2048;5;26;1;7.23907000
nbody;PARALLEL_BACK_STARPU;114688;2048;5;22;2;27.16262200
nbody;PARALLEL_BACK_STARPU;114688;2048;5;26;2;25.20541500
nbody;PARALLEL_BACK_STARPU;65536;2048;5;22;1;8.40322600
nbody;PARALLEL_BACK_STARPU;81920;2048;5;23;2;9.71894300
nbody;PARALLEL_BACK_STARPU;65536;2048;5;25;3;7.27277600
nbody;PARALLEL_BACK_STARPU;81920;2048;5;24;2;9.23994300
nbody;PARALLEL_BACK_STARPU;98304;2048;5;23;2;17.28938900
nbody;PARALLEL_BACK_STARPU;81920;2048;5;24;1;17.61849800
nbody;PARALLEL_BACK_STARPU;98304;2048;5;23;1;22.85956600
hotspot;PARALLEL_BACK_STARPU;18432;1024;5;22;3;8.38650799
hotspot;PARALLEL_BACK_STARPU;12288;1024;5;27;1;5.92249393
hotspot;PARALLEL_BACK_STARPU;18432;1024;5;22;4;8.53002644
hotspot;PARALLEL_BACK_STARPU;14336;1024;5;25;1;8.42399502
hotspot;PARALLEL_BACK_STARPU;18432;1024;5;23;3;8.45879936
hotspot;PARALLEL_BACK_STARPU;12288;1024;5;22;1;5.94472122
nbody;PARALLEL_BACK_STARPU;81920;2048;5;24;2;9.38454300
hotspot;PARALLEL_BACK_STARPU;18432;1024;5;24;3;8.25010967
hotspot;PARALLEL_BACK_STARPU;14336;1024;5;27;1;8.68600082
hotspot;PARALLEL_BACK_STARPU;20480;1024;5;22;4;10.57180405
nbody;PARALLEL_BACK_STARPU;114688;2048;5;23;1;25.32670200
nbody;PARALLEL_BACK_STARPU;114688;2048;5;25;2;25.04171100
nbody;PARALLEL_BACK_STARPU;114688;2048;5;24;3;16.78929800
hotspot;PARALLEL_BACK_STARPU;18432;1024;5;23;3;8.56466103
hotspot;PARALLEL_BACK_STARPU;16384;1024;5;26;1;10.47679806
hotspot;PARALLEL_BACK_STARPU;12288;1024;5;27;1;5.89953613
nbody;PARALLEL_BACK_STARPU;65536;2048;5;22;4;6.82327100
nbody;PARALLEL_BACK_STARPU;98304;2048;5;22;4;11.02981100
nbody;PARALLEL_BACK_STARPU;98304;2048;5;27;1;23.03443700
nbody;PARALLEL_BACK_STARPU;65536;2048;5;22;1;8.37257800
nbody;PARALLEL_BACK_STARPU;81920;2048;5;24;1;17.75238600
hotspot;PARALLEL_BACK_STARPU;18432;1024;5;26;2;11.19303989
nbody;PARALLEL_BACK_STARPU;98304;2048;5;23;1;22.20456400
nbody;PARALLEL_BACK_STARPU;98304;2048;5;25;3;11.18991300
nbody;PARALLEL_BACK_STARPU;65536;2048;5;27;1;7.23964200
hotspot;PARALLEL_BACK_STARPU;16384;1024;5;25;3;7.71527815
nbody;PARALLEL_BACK_STARPU;81920;2048;5;22;3;9.10306600
nbody;PARALLEL_BACK_STARPU;114688;2048;5;24;3;17.43140000
hotspot;PARALLEL_BACK_STARPU;12288;1024;5;26;2;7.46731997
nbody;PARALLEL_BACK_STARPU;131072;2048;5;25;3;23.92352500
nbody;PARALLEL_BACK_STARPU;81920;2048;5;27;1;14.35582200
hotspot;PARALLEL_BACK_STARPU;18432;1024;5;22;1;13.73552608
nbody;PARALLEL_BACK_STARPU;98304;2048;5;22;3;11.98928400
hotspot;PARALLEL_BACK_STARPU;16384;1024;5;22;2;8.26819229
hotspot;PARALLEL_BACK_STARPU;14336;1024;5;24;1;8.48394203
nbody;PARALLEL_BACK_STARPU;81920;2048;5;25;3;9.13762500
nbody;PARALLEL_BACK_STARPU;81920;2048;5;22;4;9.20113900
hotspot;PARALLEL_BACK_STARPU;18432;1024;5;23;4;8.60299492
hotspot;PARALLEL_BACK_STARPU;20480;1024;5;25;2;11.11689854
nbody;PARALLEL_BACK_STARPU;65536;2048;5;25;3;7.89459500
nbody;PARALLEL_BACK_STARPU;114688;2048;5;27;1;26.14670100
hotspot;PARALLEL_BACK_STARPU;16384;1024;5;24;4;9.48108864
nbody;PARALLEL_BACK_STARPU;98304;2048;5;25;3;11.15769100
nbody;PARALLEL_BACK_STARPU;98304;2048;5;23;1;22.67319300
hotspot;PARALLEL_BACK_STARPU;14336;1024;5;24;3;5.20623493
nbody;PARALLEL_BACK_STARPU;81920;2048;5;24;3;9.14155700
nbody;PARALLEL_BACK_STARPU;114688;2048;5;25;3;17.69129300
hotspot;PARALLEL_BACK_STARPU;20480;1024;5;22;2;12.16579056
hotspot;PARALLEL_BACK_STARPU;20480;1024;5;25;3;12.35942268
nbody;PARALLEL_BACK_STARPU;114688;2048;5;24;1;25.37725000
nbody;PARALLEL_BACK_STARPU;114688;2048;5;25;1;26.76353900
hotspot;PARALLEL_BACK_STARPU;20480;1024;5;22;1;16.34305382
nbody;PARALLEL_BACK_STARPU;114688;2048;5;24;3;17.00007400
nbody;PARALLEL_BACK_STARPU;114688;2048;5;26;2;24.78830600
hotspot;PARALLEL_BACK_STARPU;14336;1024;5;22;2;6.07536316
hotspot;PARALLEL_BACK_STARPU;18432;1024;5;24;4;10.17095375
nbody;PARALLEL_BACK_STARPU;114688;2048;5;23;1;25.46874900
hotspot;PARALLEL_BACK_STARPU;20480;1024;5;26;1;15.81524467
hotspot;PARALLEL_BACK_STARPU;20480;1024;5;24;4;13.79169273
nbody;PARALLEL_BACK_STARPU;81920;2048;5;23;3;9.05043300
hotspot;PARALLEL_BACK_STARPU;20480;1024;5;26;2;12.60858536
hotspot;PARALLEL_BACK_STARPU;14336;1024;5;27;1;8.69051838
nbody;PARALLEL_BACK_STARPU;131072;2048;5;22;2;30.45693000
nbody;PARALLEL_BACK_STARPU;81920;2048;5;23;4;9.15797800
nbody;PARALLEL_BACK_STARPU;131072;2048;5;22;4;18.58892500
hotspot;PARALLEL_BACK_STARPU;18432;1024;5;22;4;8.81160641
nbody;PARALLEL_BACK_STARPU;81920;2048;5;22;3;9.10881200
nbody;PARALLEL_BACK_STARPU;131072;2048;5;22;3;25.83892800
hotspot;PARALLEL_BACK_STARPU;14336;1024;5;23;4;5.07982922
nbody;PARALLEL_BACK_STARPU;114688;2048;5;26;1;26.24113500
nbody;PARALLEL_BACK_STARPU;98304;2048;5;22;3;11.64209500
nbody;PARALLEL_BACK_STARPU;114688;2048;5;27;1;26.80917000
nbody;PARALLEL_BACK_STARPU;131072;2048;5;23;2;31.03810600
nbody;PARALLEL_BACK_STARPU;81920;2048;5;25;1;16.65157600
hotspot;PARALLEL_BACK_STARPU;18432;1024;5;25;2;9.54637718
hotspot;PARALLEL_BACK_STARPU;14336;1024;5;22;2;6.17327976
hotspot;PARALLEL_BACK_STARPU;12288;1024;5;24;3;4.00547600
hotspot;PARALLEL_BACK_STARPU;20480;1024;5;24;1;15.79802990
nbody;PARALLEL_BACK_STARPU;65536;2048;5;22;2;7.33518000
nbody;PARALLEL_BACK_STARPU;98304;2048;5;23;3;10.89199400
nbody;PARALLEL_BACK_STARPU;114688;2048;5;26;1;27.16875000
nbody;PARALLEL_BACK_STARPU;114688;2048;5;22;1;26.90863200
hotspot;PARALLEL_BACK_STARPU;20480;1024;5;23;3;10.24764633
hotspot;PARALLEL_BACK_STARPU;20480;1024;5;22;2;11.40417767
nbody;PARALLEL_BACK_STARPU;81920;2048;5;24;4;9.67992300
nbody;PARALLEL_BACK_STARPU;98304;2048;5;26;1;22.27448300
nbody;PARALLEL_BACK_STARPU;81920;2048;5;27;1;14.29095000
hotspot;PARALLEL_BACK_STARPU;16384;1024;5;26;2;9.74837780
hotspot;PARALLEL_BACK_STARPU;12288;1024;5;24;3;4.01301622
hotspot;PARALLEL_BACK_STARPU;14336;1024;5;22;1;8.51480865
nbody;PARALLEL_BACK_STARPU;81920;2048;5;23;1;18.46008600
nbody;PARALLEL_BACK_STARPU;131072;2048;5;24;1;31.06932200
nbody;PARALLEL_BACK_STARPU;81920;2048;5;26;1;15.07308900
hotspot;PARALLEL_BACK_STARPU;14336;1024;5;25;2;6.26710415
nbody;PARALLEL_BACK_STARPU;131072;2048;5;26;2;31.16036100
hotspot;PARALLEL_BACK_STARPU;12288;1024;5;26;1;5.86232615
nbody;PARALLEL_BACK_STARPU;81920;2048;5;24;2;9.42935100
hotspot;PARALLEL_BACK_STARPU;18432;1024;5;27;1;13.31406689
nbody;PARALLEL_BACK_STARPU;81920;2048;5;24;4;9.46414000
nbody;PARALLEL_BACK_STARPU;131072;2048;5;23;2;31.47825900
nbody;PARALLEL_BACK_STARPU;81920;2048;5;25;1;16.52365900
nbody;PARALLEL_BACK_STARPU;81920;2048;5;26;2;9.24640500
hotspot;PARALLEL_BACK_STARPU;16384;1024;5;24;2;7.87174797
hotspot;PARALLEL_BACK_STARPU;14336;1024;5;22;3;5.19019890
nbody;PARALLEL_BACK_STARPU;65536;2048;5;24;4;7.20769400
hotspot;PARALLEL_BACK_STARPU;12288;1024;5;24;2;4.59175205
hotspot;PARALLEL_BACK_STARPU;12288;1024;5;26;1;5.81180191
nbody;PARALLEL_BACK_STARPU;81920;2048;5;25;1;16.04935000
nbody;PARALLEL_BACK_STARPU;114688;2048;5;23;1;26.96896000
nbody;PARALLEL_BACK_STARPU;98304;2048;5;26;1;22.91530000
hotspot;PARALLEL_BACK_STARPU;14336;1024;5;25;1;8.56599808
hotspot;PARALLEL_BACK_STARPU;12288;1024;5;23;1;5.91650391
nbody;PARALLEL_BACK_STARPU;81920;2048;5;22;1;19.21949000
hotspot;PARALLEL_BACK_STARPU;14336;1024;5;24;3;5.35136318
nbody;PARALLEL_BACK_STARPU;114688;2048;5;23;1;26.30690400
hotspot;PARALLEL_BACK_STARPU;18432;1024;5;24;4;10.68171024
hotspot;PARALLEL_BACK_STARPU;18432;1024;5;24;1;13.18459702
hotspot;PARALLEL_BACK_STARPU;14336;1024;5;25;3;8.38256264
hotspot;PARALLEL_BACK_STARPU;16384;1024;5;22;2;8.04920101
hotspot;PARALLEL_BACK_STARPU;14336;1024;5;22;4;4.97539282
nbody;PARALLEL_BACK_STARPU;114688;2048;5;23;3;16.60111100
hotspot;PARALLEL_BACK_STARPU;12288;1024;5;25;1;5.77214193
hotspot;PARALLEL_BACK_STARPU;16384;1024;5;22;3;6.85209513
hotspot;PARALLEL_BACK_STARPU;14336;1024;5;26;1;8.40001106
hotspot;PARALLEL_BACK_STARPU;20480;1024;5;23;1;16.19720840
nbody;PARALLEL_BACK_STARPU;131072;2048;5;24;4;18.18826100
nbody;PARALLEL_BACK_STARPU;81920;2048;5;22;1;18.64672800
hotspot;PARALLEL_BACK_STARPU;18432;1024;5;22;4;8.52488518
nbody;PARALLEL_BACK_STARPU;98304;2048;5;23;2;16.51852800
nbody;PARALLEL_BACK_STARPU;81920;2048;5;22;2;10.10648200
hotspot;PARALLEL_BACK_STARPU;12288;1024;5;23;2;4.45655012
nbody;PARALLEL_BACK_STARPU;114688;2048;5;25;2;25.53903400
nbody;PARALLEL_BACK_STARPU;114688;2048;5;25;2;25.04040500
nbody;PARALLEL_BACK_STARPU;131072;2048;5;22;1;36.08634300
hotspot;PARALLEL_BACK_STARPU;20480;1024;5;26;1;15.87463093
nbody;PARALLEL_BACK_STARPU;65536;2048;5;22;3;7.42475300
nbody;PARALLEL_BACK_STARPU;81920;2048;5;22;4;9.10357200
nbody;PARALLEL_BACK_STARPU;81920;2048;5;26;2;9.06164900
nbody;PARALLEL_BACK_STARPU;65536;2048;5;26;2;7.28360600
hotspot;PARALLEL_BACK_STARPU;20480;1024;5;22;4;9.96576500
nbody;PARALLEL_BACK_STARPU;81920;2048;5;24;3;9.09028800
hotspot;PARALLEL_BACK_STARPU;14336;1024;5;23;4;5.00562906
hotspot;PARALLEL_BACK_STARPU;12288;1024;5;22;4;3.90096498
hotspot;PARALLEL_BACK_STARPU;12288;1024;5;24;3;4.04999304
nbody;PARALLEL_BACK_STARPU;65536;2048;5;22;2;7.50148700
hotspot;PARALLEL_BACK_STARPU;16384;1024;5;22;1;10.92002773
hotspot;PARALLEL_BACK_STARPU;16384;1024;5;24;1;11.13367558
nbody;PARALLEL_BACK_STARPU;81920;2048;5;24;1;17.64398800
nbody;PARALLEL_BACK_STARPU;65536;2048;5;25;2;7.26857900
hotspot;PARALLEL_BACK_STARPU;16384;1024;5;26;2;8.99071217
nbody;PARALLEL_BACK_STARPU;81920;2048;5;24;3;9.07576000
hotspot;PARALLEL_BACK_STARPU;20480;1024;5;22;4;10.16798973
hotspot;PARALLEL_BACK_STARPU;16384;1024;5;22;4;6.46809387
hotspot;PARALLEL_BACK_STARPU;12288;1024;5;23;3;4.09548283
nbody;PARALLEL_BACK_STARPU;131072;2048;5;23;1;30.64634400
nbody;PARALLEL_BACK_STARPU;98304;2048;5;27;1;22.79303400
nbody;PARALLEL_BACK_STARPU;131072;2048;5;23;4;17.89919400
nbody;PARALLEL_BACK_STARPU;98304;2048;5;22;2;17.69879600
hotspot;PARALLEL_BACK_STARPU;20480;1024;5;22;4;10.25427818
nbody;PARALLEL_BACK_STARPU;65536;2048;5;25;1;7.24053400
hotspot;PARALLEL_BACK_STARPU;18432;1024;5;24;2;9.32104301
hotspot;PARALLEL_BACK_STARPU;16384;1024;5;25;3;7.96192789
hotspot;PARALLEL_BACK_STARPU;12288;1024;5;27;1;5.95294285
nbody;PARALLEL_BACK_STARPU;65536;2048;5;23;1;7.53602600
nbody;PARALLEL_BACK_STARPU;131072;2048;5;25;3;23.59340500
hotspot;PARALLEL_BACK_STARPU;20480;1024;5;23;4;10.06000137
hotspot;PARALLEL_BACK_STARPU;16384;1024;5;25;1;10.87680912
nbody;PARALLEL_BACK_STARPU;131072;2048;5;26;2;31.18291200
hotspot;PARALLEL_BACK_STARPU;12288;1024;5;25;2;4.43324184
nbody;PARALLEL_BACK_STARPU;98304;2048;5;22;4;11.05987500
nbody;PARALLEL_BACK_STARPU;81920;2048;5;27;1;14.33637600
nbody;PARALLEL_BACK_STARPU;98304;2048;5;24;1;22.89568200
nbody;PARALLEL_BACK_STARPU;114688;2048;5;23;1;26.66726400
nbody;PARALLEL_BACK_STARPU;81920;2048;5;22;4;9.06158900
nbody;PARALLEL_BACK_STARPU;65536;2048;5;24;1;7.24786100
hotspot;PARALLEL_BACK_STARPU;16384;1024;5;22;4;6.46445179
nbody;PARALLEL_BACK_STARPU;114688;2048;5;22;1;26.14785000
hotspot;PARALLEL_BACK_STARPU;20480;1024;5;23;4;10.36963081
nbody;PARALLEL_BACK_STARPU;81920;2048;5;22;1;18.01906600
nbody;PARALLEL_BACK_STARPU;131072;2048;5;26;2;31.86156700
nbody;PARALLEL_BACK_STARPU;81920;2048;5;23;3;9.32090300
hotspot;PARALLEL_BACK_STARPU;12288;1024;5;23;2;4.73893404
hotspot;PARALLEL_BACK_STARPU;18432;1024;5;22;4;8.74291801
nbody;PARALLEL_BACK_STARPU;131072;2048;5;25;1;30.03761300
hotspot;PARALLEL_BACK_STARPU;18432;1024;5;24;2;9.54351711
nbody;PARALLEL_BACK_STARPU;131072;2048;5;24;2;31.11910500
nbody;PARALLEL_BACK_STARPU;81920;2048;5;25;3;9.17205900
nbody;PARALLEL_BACK_STARPU;114688;2048;5;26;1;27.13452200
hotspot;PARALLEL_BACK_STARPU;20480;1024;5;23;2;11.46284580
hotspot;PARALLEL_BACK_STARPU;20480;1024;5;23;2;11.94451427
nbody;PARALLEL_BACK_STARPU;65536;2048;5;25;2;7.26635100
nbody;PARALLEL_BACK_STARPU;98304;2048;5;25;1;22.59730000
hotspot;PARALLEL_BACK_STARPU;14336;1024;5;25;1;8.46444416
hotspot;PARALLEL_BACK_STARPU;14336;1024;5;22;4;4.81204700
nbody;PARALLEL_BACK_STARPU;65536;2048;5;25;1;7.24013600
nbody;PARALLEL_BACK_STARPU;114688;2048;5;24;3;16.81468400
hotspot;PARALLEL_BACK_STARPU;18432;1024;5;25;1;13.21179295
hotspot;SERIAL;12288;12288;5;1;0;362.91854858
hotspot;SERIAL;14336;14336;5;1;0;494.03640747
nbody;SERIAL;81920;81920;5;1;0;310.02464800
nbody;SERIAL;81920;81920;5;1;0;309.93599500
nbody;SERIAL;81920;81920;5;1;0;309.93806900
nbody;SERIAL;81920;81920;5;1;0;309.93548500
hotspot;SERIAL;16384;16384;5;1;0;645.36791992
nbody;SERIAL;131072;131072;5;1;0;793.67227100
nbody;SERIAL;98304;98304;5;1;0;446.42823800
hotspot;SERIAL;18432;18432;5;1;0;816.52935791
nbody;SERIAL;114688;114688;5;1;0;607.63880800
nbody;SERIAL;131072;131072;5;1;0;793.44383700
nbody;SERIAL;131072;131072;5;1;0;793.46501700
hotspot;SERIAL;18432;18432;5;1;0;816.04663086
nbody;SERIAL;98304;98304;5;1;0;446.30375700
hotspot;SERIAL;14336;14336;5;1;0;493.69012451
nbody;SERIAL;114688;114688;5;1;0;607.46990100
hotspot;SERIAL;16384;16384;5;1;0;645.23138428
hotspot;SERIAL;16384;16384;5;1;0;645.25183105
nbody;SERIAL;81920;81920;5;1;0;309.92871200
hotspot;SERIAL;12288;12288;5;1;0;363.00796509
hotspot;SERIAL;18432;18432;5;1;0;816.02990723
hotspot;SERIAL;18432;18432;5;1;0;816.57684326
nbody;SERIAL;131072;131072;5;1;0;793.44919900
hotspot;SERIAL;12288;12288;5;1;0;362.88827515
nbody;SERIAL;131072;131072;5;1;0;793.45238000
hotspot;SERIAL;20480;20480;5;1;0;1007.61090088
nbody;SERIAL;114688;114688;5;1;0;607.45975500
nbody;SERIAL;65536;65536;5;1;0;198.35711500
hotspot;SERIAL;12288;12288;5;1;0;362.70965576
hotspot;SERIAL;14336;14336;5;1;0;493.71463013
nbody;SERIAL;65536;65536;5;1;0;198.35836000
nbody;SERIAL;98304;98304;5;1;0;446.30093800
nbody;SERIAL;114688;114688;5;1;0;607.45909400
hotspot;SERIAL;16384;16384;5;1;0;645.27514648
hotspot;SERIAL;14336;14336;5;1;0;493.93038940
nbody;SERIAL;114688;114688;5;1;0;607.46295200
hotspot;SERIAL;20480;20480;5;1;0;1007.59936523
hotspot;SERIAL;14336;14336;5;1;0;493.73229980
hotspot;SERIAL;20480;20480;5;1;0;1007.57531738
hotspot;SERIAL;18432;18432;5;1;0;816.54846191
nbody;SERIAL;65536;65536;5;1;0;198.35705500
nbody;SERIAL;65536;65536;5;1;0;198.35827000
nbody;SERIAL;98304;98304;5;1;0;446.30402100
hotspot;SERIAL;16384;16384;5;1;0;645.25567627
hotspot;SERIAL;20480;20480;5;1;0;1008.04028320
hotspot;SERIAL;12288;12288;5;1;0;362.94415283
hotspot;SERIAL;20480;20480;5;1;0;1008.13006592
nbody;SERIAL;98304;98304;5;1;0;446.30089600
nbody;SERIAL;65536;65536;5;1;0;198.35751800
